{
"type": "FeatureCollection",
"name": "world_equalearth",
"crs": { "type": "name", "properties": { "name": "urn:ogc:def:crs:EPSG::8857" } },
"features": [
{ "type": "Feature", "properties": { "pop_est": 920938, "continent": "Oceania", "name": "Fiji", "iso_a3": "FJI", "gdp_md_est": 8374.0, "lon_c": 16655968.292688433, "lat_c": -2285764.7983846953 }, "geometry": { "type": "MultiPolygon", "coordinates": [ [ [ [ 16923980.340658564120531, -2050804.943203267175704 ], [ 16904312.048955574631691, -2112231.585742244496942 ], [ 16834493.990135986357927, -2143178.772309163119644 ], [ 16765778.549103382974863, -2169652.569423003587872 ], [ 16769123.245255878195167, -2122786.921883969102055 ], [ 16824386.75131194293499, -2096981.475941389100626 ], [ 16856375.45065826177597, -2090070.097951457602903 ], [ 16923980.340658564120531, -2050804.943203267175704 ] ] ], [ [ [ 16688767.313835367560387, -2231511.413853460457176 ], [ 16719031.861247781664133, -2210821.623340275138617 ], [ 16738956.082313861697912, -2247020.280475843697786 ], [ 16700610.17849094606936, -2312448.385995645541698 ], [ 16636511.741705240681767, -2329649.513006983790547 ], [ 16590453.438173364847898, -2314167.558569855056703 ], [ 16600605.279260156676173, -2259081.210773744620383 ], [ 16651421.234346598386765, -2215994.650154347997159 ], [ 16688767.313835367560387, -2231511.413853460457176 ] ] ], [ [ [ -16906379.384840678423643, -2044980.191424991237 ], [ -16898732.470398414880037, -2105510.661719913128763 ], [ -16904312.048955574631691, -2112231.585742244496942 ], [ -16923980.340658564120531, -2050804.943203267175704 ], [ -16906379.384840678423643, -2044980.191424991237 ] ] ] ] } },
{ "type": "Feature", "properties": { "pop_est": 53950935, "continent": "Africa", "name": "Tanzania", "iso_a3": "TZA", "gdp_md_est": 150600.0, "lon_c": 3261697.279044094, "lat_c": -796843.23067010054 }, "geometry": { "type": "Polygon", "coordinates": [ [ [ 3247756.459669677074999, -122060.317722913430771 ], [ 3263884.88327218638733, -136169.727747606899356 ], [ 3609028.494500197470188, -397827.592503875901457 ], [ 3614533.517750846687704, -472301.748927582229953 ], [ 3749642.321088345721364, -600572.722857588902116 ], [ 3701994.999467459041625, -758552.835597027558833 ], [ 3705775.574590622447431, -831154.910414711688645 ], [ 3765603.766680115368217, -877809.716027343529277 ], [ 3767481.02738490421325, -911092.627469342085533 ], [ 3738784.877801456488669, -988361.597333925543353 ], [ 3742961.763740258291364, -1027226.235079007339664 ], [ 3734585.660146777052432, -1088285.863074374850839 ], [ 3764860.20164287975058, -1168352.931788604240865 ], [ 3799054.996889856178313, -1294151.029478958807886 ], [ 3832713.673482211306691, -1322026.98221316980198 ], [ 3832714.019082969985902, -1322027.26859688735567 ], [ 3753732.269676884636283, -1395880.241414090618491 ], [ 3647596.530698635149747, -1445304.869983031880111 ], [ 3590748.050241000950336, -1443216.626475956523791 ], [ 3555154.282083698082715, -1481374.122268971055746 ], [ 3488955.685637374874204, -1484652.172274266602471 ], [ 3463446.44864688301459, -1500723.98116327659227 ], [ 3351050.713895135559142, -1464889.205256326589733 ], [ 3279207.293864958919585, -1475175.573774063726887 ], [ 3259602.829608551692218, -1302003.74710730672814 ], [ 3229518.202352164778858, -1242538.268558045383543 ], [ 3211610.52289682906121, -1207256.428371833637357 ], [ 3119079.233237275388092, -1183446.234552376670763 ], [ 3066255.649537669494748, -1145112.228927029063925 ], [ 3006370.956773570738733, -1123615.77878586598672 ], [ 2969021.155102618038654, -1102221.764915910549462 ], [ 2930128.431435503531247, -1069691.466970967361704 ], [ 2930128.975700398907065, -1069691.65728755784221 ], [ 2882702.038682276848704, -908530.298308801953681 ], [ 2828898.735458932816982, -836835.639120138483122 ], [ 2811261.067525526043028, -762531.550925489515066 ], [ 2822019.792864789254963, -695879.951006337068975 ], [ 2806661.970310553908348, -577894.302264575846493 ], [ 2846306.296550089027733, -571788.405422156210989 ], [ 2881657.039610669482499, -525306.054853226407431 ], [ 2919740.665764671750367, -458369.660405041940976 ], [ 2943660.662938335444778, -431505.665122032514773 ], [ 2943218.32287174789235, -389779.761258457845543 ], [ 2922880.747027773875743, -360671.867323687009048 ], [ 2917761.50304538058117, -310104.269707267580088 ], [ 2917761.179081674199551, -310101.090140808257274 ], [ 2945527.525493128225207, -293844.020923066593241 ], [ 2951564.323699096683413, -218273.212549114919966 ], [ 2913872.801067460328341, -145784.735563264723169 ], [ 2947526.811421324964613, -130353.575615261914209 ], [ 3052539.50753716006875, -131999.369721576629672 ], [ 3247756.459669677074999, -122060.317722913430771 ] ] ] } },
{ "type": "Feature", "properties": { "pop_est": 603253, "continent": "Africa", "name": "W. Sahara", "iso_a3": "ESH", "gdp_md_est": 906.5, "lon_c": -1153765.7320001507, "lat_c": 3066098.1189358076 }, "geometry": { "type": "Polygon", "coordinates": [ [ [ -784815.544940273975953, 3483032.570459401234984 ], [ -784990.493223361088894, 3474948.705358414445072 ], [ -787363.399355194647796, 3451540.484240409918129 ], [ -792380.852653680718504, 3267796.005737938452512 ], [ -1091528.107715838588774, 3274161.115455272141844 ], [ -1098835.328367422800511, 2961061.630950309336185 ], [ -1185454.350537247955799, 2950018.552424197550863 ], [ -1210085.865418940316886, 2886757.00865209242329 ], [ -1198210.376965131377801, 2708229.960223699919879 ], [ -1561105.264275714755058, 2709004.948486404493451 ], [ -1582975.177813517861068, 2667637.927956265863031 ], [ -1576902.700355217792094, 2720032.272202327381819 ], [ -1575292.297683024778962, 2719836.986744741443545 ], [ -1366302.816198219778016, 2729731.147553734015673 ], [ -1353616.029707805486396, 2774336.705381427891552 ], [ -1313789.236102790338919, 2829863.476844721008092 ], [ -1277283.745657241204754, 2999957.9171367068775 ], [ -1145011.279092067852616, 3132238.320734908338636 ], [ -1096707.995582558680326, 3286025.704165186733007 ], [ -1067913.66514770546928, 3294931.756670573260635 ], [ -1035043.211388359079137, 3389535.287881341762841 ], [ -958195.756352687603794, 3402544.086384239606559 ], [ -925819.133097095764242, 3386811.256509700790048 ], [ -884560.991901833564043, 3386811.256509700790048 ], [ -854492.653806718066335, 3414370.294862518552691 ], [ -798274.057918213075027, 3418270.504837554879487 ], [ -798603.337677133851685, 3483032.570459401234984 ], [ -784815.544940273975953, 3483032.570459401234984 ] ] ] } },
{ "type": "Feature", "properties": { "pop_est": 35623680, "continent": "North America", "name": "Canada", "iso_a3": "CAN", "gdp_md_est": 1674000.0, "lon_c": -8070859.7038631961, "lat_c": 6461502.1159968618 }, "geometry": { "type": "MultiPolygon", "coordinates": [ [ [ [ -5343994.483567559160292, 8268876.995324210263789 ], [ -5250773.181862344965339, 8274561.165943403728306 ], [ -5181648.218073380179703, 8275517.41581242531538 ], [ -5062154.985498229041696, 8280229.978344587609172 ], [ -4965236.641030292026699, 8290712.339636952616274 ], [ -4894764.763872087933123, 8289271.6344373235479 ], [ -4840322.550231422297657, 8281389.794500827789307 ], [ -4780486.816400684416294, 8296341.47088120970875 ], [ -4699566.053507830947638, 8300572.394149297848344 ], [ -4592750.43060633353889, 8303442.474421713501215 ], [ -4414702.283908212557435, 8304508.456370361149311 ], [ -4386630.681807340122759, 8301720.894911066628993 ], [ -4215334.217330379411578, 8306068.748983119614422 ], [ -4091440.202195000369102, 8304450.099854007363319 ], [ -3967468.876095068175346, 8302817.003140698187053 ], [ -3814374.467190392781049, 8300781.79997842758894 ], [ -3692675.821440332569182, 8297407.771799450740218 ], [ -3592322.020960044581443, 8290061.078753913752735 ], [ -3600732.038488552905619, 8282579.765646122395992 ], [ -3752997.317471308633685, 8269883.491536016575992 ], [ -3899304.611516589298844, 8263733.023661031387746 ], [ -3958038.926516271196306, 8256766.971529570408165 ], [ -3830534.49827938247472, 8256929.498304452747107 ], [ -3985328.174085517413914, 8237194.984519159421325 ], [ -4089414.986694100312889, 8227550.657065838575363 ], [ -4215966.083951988257468, 8198212.968735751695931 ], [ -4343767.948816679418087, 8191983.832177272066474 ], [ -4388633.095768080092967, 8184197.48379192315042 ], [ -4572397.722114559262991, 8180055.602696197107434 ], [ -4494979.8763462388888, 8175155.732648669742048 ], [ -4542707.584493482485414, 8168090.425859945826232 ], [ -4511846.84649792034179, 8148038.40902738366276 ], [ -4582035.053312848322093, 8133639.965753175318241 ], [ -4686211.310547084547579, 8121471.056047956459224 ], [ -4730987.667462480254471, 8104231.652075637131929 ], [ -4828198.678903733380139, 8090741.371212497353554 ], [ -4829607.678394197486341, 8080343.377203953452408 ], [ -4724296.877048402093351, 8082131.881756539456546 ], [ -4733503.454926459118724, 8070770.17185599450022 ], [ -4923224.994898254983127, 8042080.26401259098202 ], [ -5069837.080931541509926, 8055411.973006295971572 ], [ -5256474.535142419859767, 8047949.726969267241657 ], [ -5341286.461174115538597, 8053780.065473707392812 ], [ -5453912.18241604976356, 8056290.973953403532505 ], [ -5437521.495174236595631, 8078896.184762966819108 ], [ -5314451.434617471881211, 8089310.454591583460569 ], [ -5310214.38472861237824, 8121474.965607977472246 ], [ -5270296.300815531983972, 8124517.595684657804668 ], [ -5128902.17750515602529, 8105576.496883949264884 ], [ -5182140.524193478748202, 8133514.023797625675797 ], [ -5270852.388761684298515, 8141617.449974085204303 ], [ -5205379.473004541359842, 8157602.656236708164215 ], [ -5089456.682247124612331, 8167206.09012944996357 ], [ -5058247.119643228128552, 8180922.892572953365743 ], [ -5126342.117310930043459, 8195829.012735411524773 ], [ -5131210.54375434294343, 8214704.609856940805912 ], [ -4971484.433257076889277, 8213159.977045890875161 ], [ -4928894.585075750946999, 8209248.085206593386829 ], [ -4823488.777123868465424, 8222247.056202999316156 ], [ -4951978.036112051457167, 8226276.248757778666914 ], [ -5160417.100983502343297, 8224060.173400889150798 ], [ -5251593.848192917183042, 8235703.888462842442095 ], [ -5285510.550701109692454, 8249060.237067927606404 ], [ -5343254.84214495588094, 8258390.905473795719445 ], [ -5343994.483567559160292, 8268876.995324210263789 ] ] ], [ [ [ -5000270.718082471750677, 7834585.616715936921537 ], [ -4919986.7779735699296, 7858027.046967087313533 ], [ -4804774.728176020085812, 7828113.843113127164543 ], [ -4740715.570817467756569, 7799323.166523125953972 ], [ -4754124.832870464771986, 7772447.510580225847661 ], [ -4624009.11741207819432, 7786434.996898228302598 ], [ -4587916.300089919008315, 7746697.458606384694576 ], [ -4450906.462899226695299, 7721540.136245239526033 ], [ -4413360.720288978889585, 7695469.046090250834823 ], [ -4395461.573793187737465, 7633415.231132856570184 ], [ -4538488.29657762311399, 7601746.866020793095231 ], [ -4413827.984010848216712, 7556508.818504765629768 ], [ -4318503.692567734979093, 7541075.493503924459219 ], [ -4264466.055689509958029, 7475319.666333449073136 ], [ -4161651.790194541215897, 7470500.18152797780931 ], [ -4213988.129392287693918, 7418936.416432286612689 ], [ -4386676.461721321567893, 7331307.045701992698014 ], [ -4450949.896191398613155, 7363874.021643967367709 ], [ -4512019.687668248079717, 7435787.4907610649243 ], [ -4605653.909237068146467, 7426530.828141277655959 ], [ -4642389.676879655569792, 7383784.583128520287573 ], [ -4598975.145148218609393, 7339709.126877048052847 ], [ -4527843.769748685881495, 7304336.745678339153528 ], [ -4512065.510612264275551, 7283714.741652217693627 ], [ -4513611.609979946166277, 7205648.741887838579714 ], [ -4571592.833159779198468, 7147769.583510908298194 ], [ -4647239.877171344123781, 7169701.724278094246984 ], [ -4783104.817209349945188, 7233690.325815179385245 ], [ -4726987.838049205951393, 7164764.790339167229831 ], [ -4682999.499756752513349, 7115616.710152014158666 ], [ -4688267.232868714258075, 7086887.580122718587518 ], [ -4860469.572104226797819, 7119718.093360504135489 ], [ -4981973.752350046299398, 7166925.313816571608186 ], [ -5041422.201213588006794, 7206040.666504129767418 ], [ -5002320.775809314101934, 7228487.368670804426074 ], [ -5078748.972296113148332, 7268975.566899169236422 ], [ -5153177.677947788499296, 7306708.284287609159946 ], [ -5167828.630433592014015, 7284209.784655090421438 ], [ -5376550.170656828209758, 7271758.971569204702973 ], [ -5415498.336720348335803, 7298490.710709285922348 ], [ -5328507.54480735398829, 7355007.697638074867427 ], [ -5198996.873520183376968, 7356358.48807526845485 ], [ -5051372.17899033986032, 7366049.99344689026475 ], [ -5055008.830344257876277, 7392943.631056262180209 ], [ -5004648.202107165008783, 7430069.505048964172602 ], [ -4866268.235009875148535, 7501019.958561480976641 ], [ -4861647.693417453207076, 7532553.494218624196947 ], [ -4869490.709019931964576, 7556668.026293239556253 ], [ -4945516.184480304829776, 7590370.201416327618062 ], [ -5060957.869315047748387, 7613670.49406466819346 ], [ -5005255.128981364890933, 7630829.863086313940585 ], [ -5041260.687183354049921, 7672349.6372025674209 ], [ -5095655.366852580569685, 7676106.038002797402442 ], [ -5128480.78262581769377, 7698395.074603465385735 ], [ -5179455.574144324287772, 7679089.872746362350881 ], [ -5304838.745095811784267, 7670608.542573167942464 ], [ -5529129.020678095519543, 7685317.019469415768981 ], [ -5649192.095025041140616, 7704443.392830165103078 ], [ -5745234.346559249795973, 7714188.976045818068087 ], [ -5777603.687494266778231, 7736682.594666452147067 ], [ -5682721.918012746609747, 7765429.045238692313433 ], [ -5773698.096105224452913, 7765701.692400528118014 ], [ -5733077.586180320940912, 7827599.275130590423942 ], [ -5632098.990294197574258, 7880035.679500191472471 ], [ -5544248.089672760106623, 7903263.582136216573417 ], [ -5367876.619964114390314, 7918141.333681282587349 ], [ -5449531.088790849782526, 7881641.614859571680427 ], [ -5434621.607219699770212, 7845369.38749626558274 ], [ -5331800.290770974941552, 7892081.937962965108454 ], [ -5151057.905463241040707, 7915199.268704234622419 ], [ -5097183.537530560977757, 7856092.4344796910882 ], [ -5141321.266217838972807, 7817201.707059606909752 ], [ -5000270.718082471750677, 7834585.616715936921537 ] ] ], [ [ [ -4350716.522005590610206, 6117511.02200667001307 ], [ -4415539.830060947686434, 6054798.482530511915684 ], [ -4499609.129435300827026, 5966894.224716254509985 ], [ -4435725.294279695488513, 6000957.421747831627727 ], [ -4390297.291456981562078, 5979364.709170427173376 ], [ -4430514.643561883829534, 5944108.809054476208985 ], [ -4369674.315065844915807, 5916286.732981304638088 ], [ -4324533.713386876508594, 5941024.089485731907189 ], [ -4255821.204083279706538, 5909790.6238794894889 ], [ -4305275.457468688488007, 5834950.966318178921938 ], [ -4243558.578606064431369, 5852485.899374457076192 ], [ -4250942.941104586236179, 5797965.500347067601979 ], [ -4246282.02405041269958, 5733673.636429879814386 ], [ -4308784.379672068171203, 5641886.624939735047519 ], [ -4346714.308489797636867, 5637986.555091626010835 ], [ -4393903.46460491605103, 5657757.795942695811391 ], [ -4349260.623201522044837, 5742974.688006625510752 ], [ -4367459.923897601664066, 5756140.925964846275747 ], [ -4490367.609701770357788, 5665907.795642989687622 ], [ -4537547.902920720167458, 5669537.398796860128641 ], [ -4464425.543569412082434, 5718509.289119945839047 ], [ -4533490.93591786455363, 5743735.512285861186683 ], [ -4622195.55851755477488, 5737539.935966353863478 ], [ -4777567.375761141069233, 5740707.916963482275605 ], [ -4779061.930565452203155, 5771366.36334668379277 ], [ -4716091.971989512443542, 5807685.17080279160291 ], [ -4740928.970704925246537, 5835608.596791101619601 ], [ -4651561.816137124784291, 5897209.927573904395103 ], [ -4510708.377183446660638, 6057922.413203472271562 ], [ -4440899.718606350943446, 6114572.767737882211804 ], [ -4360350.837684288620949, 6148671.854887333698571 ], [ -4325735.445632759481668, 6144344.969041118398309 ], [ -4350716.522005590610206, 6117511.02200667001307 ] ] ], [ [ [ -9795334.578037329018116, 5884404.217318849638104 ], [ -9805839.484358718618751, 5884663.190068262629211 ], [ -9882129.387744352221489, 5984281.20721282903105 ], [ -9903706.73321321606636, 6027722.858873027376831 ], [ -10012284.509332943707705, 6069136.683406421914697 ], [ -9981911.564331263303757, 6156932.749511893838644 ], [ -9918885.795793585479259, 6217199.586617333814502 ], [ -9981508.458532117307186, 6258707.45017705578357 ], [ -9925011.772347113117576, 6336621.44550212379545 ], [ -9953554.571359682828188, 6406001.536176656372845 ], [ -9909168.933830436319113, 6454778.112847220152617 ], [ -9909166.727471435442567, 6454780.519780695438385 ], [ -9823826.83919975720346, 6500085.009122918359935 ], [ -9769143.225072992965579, 6558829.963229214772582 ], [ -9838469.337982147932053, 6617473.393899446353316 ], [ -9808379.387391354888678, 6721038.316162887960672 ], [ -9786740.138355741277337, 6785103.701436478644609 ], [ -9810807.479392867535353, 6824933.813003716059029 ], [ -9820560.595962548628449, 6860815.133062516339123 ], [ -9808959.846024686470628, 6905736.023187162354589 ], [ -9913353.855043362826109, 6877659.181287338025868 ], [ -10038956.924536783248186, 6828793.439098780974746 ], [ -10038802.134341126307845, 6886192.411143940873444 ], [ -10045746.221263131126761, 6924035.137552891857922 ], [ -10088232.123625071719289, 6947787.512389070354402 ], [ -10156185.24183739349246, 6950316.872919958084822 ], [ -9574059.989610079675913, 7407017.580185394734144 ], [ -9201794.700744351372123, 7668546.188782330602407 ], [ -9201794.048849007114768, 7668546.08287866320461 ], [ -9103371.916292766109109, 7652530.723033153451979 ], [ -9046659.251323504373431, 7620149.835773917846382 ], [ -8986894.413706868886948, 7613895.548160321079195 ], [ -8889451.773400653153658, 7642095.653253798373044 ], [ -8780800.561336237937212, 7662941.566511867567897 ], [ -8695065.104791639372706, 7654820.122115118429065 ], [ -8556999.921359037980437, 7683866.109461683779955 ], [ -8428109.827429998666048, 7700138.583428842946887 ], [ -8420500.644230462610722, 7672992.001388631761074 ], [ -8351068.897454416379333, 7688344.712560644373298 ], [ -8294991.443218537606299, 7718894.739366464316845 ], [ -8259580.782295702956617, 7712025.968754714354873 ], [ -8228045.302030198276043, 7653168.729039366357028 ], [ -8082447.79083688557148, 7697843.21987384185195 ], [ -8139098.582596145570278, 7647763.4819848369807 ], [ -8044571.574561502784491, 7658708.026601093821228 ], [ -7995019.668113708496094, 7678018.734667108394206 ], [ -7920949.736920987255871, 7674213.393857170827687 ], [ -7856276.685063784010708, 7646302.079258874990046 ], [ -7733174.196250854060054, 7621592.608181246556342 ], [ -7656541.664187434129417, 7610041.888987924903631 ], [ -7586795.123190925456583, 7614431.454114453867078 ], [ -7538713.641485597006977, 7579612.037084808573127 ], [ -7672429.878649721853435, 7544955.698788809590042 ], [ -7569481.530917171388865, 7529806.805042680352926 ], [ -7380147.529310644604266, 7538152.725887631066144 ], [ -7309729.256764187477529, 7550469.847658704034984 ], [ -7285392.97330061532557, 7507962.352084780111909 ], [ -7173714.645469211041927, 7543881.905639357864857 ], [ -7208869.230467449873686, 7573559.397930662147701 ], [ -7139923.551158045418561, 7597200.40612923540175 ], [ -7056103.419478270225227, 7600362.407100130803883 ], [ -6995846.52795732114464, 7607207.388249315321445 ], [ -6960380.856776519678533, 7590824.419472961686552 ], [ -6934124.894944337196648, 7553063.54592490196228 ], [ -6854061.458343205973506, 7558649.492085251957178 ], [ -6769285.226808999665082, 7526880.437624303624034 ], [ -6654404.904176660813391, 7538120.243518554605544 ], [ -6558921.517535009421408, 7536424.142972988076508 ], [ -6523077.086815644055605, 7579961.093122660182416 ], [ -6452174.50760898552835, 7592024.101963400840759 ], [ -6372871.137617195956409, 7568534.676431209780276 ], [ -6438029.0877531664446, 7501651.846332956105471 ], [ -6341139.832664066925645, 7558156.270530601032078 ], [ -6289526.508889097720385, 7556275.39433204010129 ], [ -6192629.230788554996252, 7625506.343111828900874 ], [ -6221993.758737338706851, 7666805.741815429180861 ], [ -6271198.016978105530143, 7693369.949480678886175 ], [ -6193204.860008155927062, 7763969.316292871721089 ], [ -6070919.130377219989896, 7808654.838548601604998 ], [ -5996853.920695589855313, 7798896.195504978299141 ], [ -5959729.215526219457388, 7771692.101158026605844 ], [ -5942901.850545664317906, 7699982.577168712392449 ], [ -6031935.000834169797599, 7667749.986973266117275 ], [ -5923281.395030209794641, 7654308.053650388494134 ], [ -5988580.980016870424151, 7584875.586040025576949 ], [ -5851033.160327922552824, 7638306.982142598368227 ], [ -5812431.268773096613586, 7594531.382458401843905 ], [ -5878514.745230588130653, 7542897.074617088772357 ], [ -5856193.678624006919563, 7494849.224703570827842 ], [ -5741680.693244012072682, 7546282.250465678982437 ], [ -5640883.380303297191858, 7606152.044878012500703 ], [ -5571707.682258063927293, 7679767.466608163900673 ], [ -5483592.405718345195055, 7674715.30368793848902 ], [ -5395649.58735204860568, 7664986.72498791012913 ], [ -5336149.12718609534204, 7631791.782713458873332 ], [ -5360526.819566524587572, 7598007.157627208158374 ], [ -5440551.110087879933417, 7561081.061092585325241 ], [ -5424703.51433874014765, 7523348.263008085079491 ], [ -5461501.10311808437109, 7488511.804007614962757 ], [ -5634761.940307220444083, 7437519.536473711021245 ], [ -5738211.661068539135158, 7426129.286785561591387 ], [ -5789640.395884283818305, 7448312.176114018075168 ], [ -5840906.135732154361904, 7411205.979912622831762 ], [ -5959387.902274288237095, 7347684.772116259671748 ], [ -6007054.324413109570742, 7314161.866787907667458 ], [ -6130295.299551580101252, 7261531.813970429822803 ], [ -6233797.499320417642593, 7256330.591398824006319 ], [ -6316381.682078224606812, 7222947.324662399478257 ], [ -6363845.070170297287405, 7170920.962895910255611 ], [ -6453764.69351866748184, 7160811.823413327336311 ], [ -6594451.710343139246106, 7094626.707361594773829 ], [ -6748037.839501787908375, 7000654.305582621134818 ], [ -6829588.823479752987623, 6933507.568159659393132 ], [ -6912405.82642955519259, 6832643.70719694904983 ], [ -6816208.66287777852267, 6817979.46887188591063 ], [ -6844998.685357048176229, 6734755.424765871837735 ], [ -6859892.022474396973848, 6666295.453715058043599 ], [ -6743248.977479257620871, 6684214.493758991360664 ], [ -6632498.258829424157739, 6644870.212156155146658 ], [ -6581456.544577640481293, 6610088.420539514161646 ], [ -6556725.410418715327978, 6566543.317135715857148 ], [ -6479097.65696211066097, 6541013.477431680075824 ], [ -6424119.941384429112077, 6501732.036087600514293 ], [ -6302657.236610911786556, 6496329.756318707950413 ], [ -6225895.397508925758302, 6487278.732910664752126 ], [ -6287187.555160063318908, 6405497.751137217506766 ], [ -6319385.407114303670824, 6309223.936358649283648 ], [ -6324512.002180274575949, 6200388.329369713552296 ], [ -6258864.317159316502512, 6106733.026453451253474 ], [ -6181682.714012075215578, 6138975.73506282735616 ], [ -6085933.26597286388278, 6239893.397245494648814 ], [ -6042181.145753677003086, 6392097.52060835622251 ], [ -6067359.150444106198847, 6442030.558465315029025 ], [ -5920502.030172602273524, 6486165.266087891533971 ], [ -5797374.696495743468404, 6551559.760866559110582 ], [ -5718537.433974877931178, 6615833.050633444450796 ], [ -5688720.952053523622453, 6676781.01529267989099 ], [ -5692745.497800757177174, 6753220.367754706181586 ], [ -5740171.409652001224458, 6819957.920406308956444 ], [ -5595871.645090516656637, 6911334.346279885619879 ], [ -5576715.679407578893006, 6988746.06265573669225 ], [ -5512363.669100219383836, 7118857.714958706870675 ], [ -5450256.571097931824625, 7137712.779868074692786 ], [ -5344497.438031445257366, 7115479.45575325936079 ], [ -5277185.760321924462914, 7107497.193301252089441 ], [ -5204568.707480396144092, 7129009.352995755150914 ], [ -5156842.262842900119722, 7101246.164091972634196 ], [ -5099855.056286139413714, 7053238.808677615597844 ], [ -5098314.873239573091269, 7020750.984186083078384 ], [ -4974744.732880033552647, 7014378.790860242210329 ], [ -5019077.023587984964252, 6943030.039395616389811 ], [ -5057908.853510905057192, 6833393.705982998013496 ], [ -4998862.872684894129634, 6819647.906770919449627 ], [ -4974230.744418678805232, 6767485.513510768301785 ], [ -4841605.162483398802578, 6816674.430767968297005 ], [ -4720109.674688906408846, 6912896.062295129522681 ], [ -4650645.929424305446446, 6952812.23246182128787 ], [ -4635501.191765707917511, 6875807.371962838806212 ], [ -4597742.456756156869233, 6763478.676142127253115 ], [ -4568403.342551376670599, 6655415.707210727967322 ], [ -4625492.765220805071294, 6597941.670098184607923 ], [ -4549663.961643145419657, 6545811.762115345336497 ], [ -4505568.310051407665014, 6492505.584401757456362 ], [ -4395282.843927580863237, 6468223.712213029153645 ], [ -4359165.037339622154832, 6438134.011736498214304 ], [ -4361848.270189238712192, 6357603.594634838402271 ], [ -4307236.775733516551554, 6344869.625157714821398 ], [ -4290607.563459037803113, 6308580.391566976904869 ], [ -4326790.284405572339892, 6199286.622218706645072 ], [ -4397203.362935034558177, 6162340.874300659634173 ], [ -4466337.26732312515378, 6127678.727464661002159 ], [ -4608839.86342950258404, 6092413.307076790370047 ], [ -4739482.440288892947137, 6010275.008698008954525 ], [ -4879395.245072714053094, 5993945.190495188347995 ], [ -5039822.224677356891334, 6015119.951439121738076 ], [ -5157956.641438096761703, 6015844.128800361417234 ], [ -5242651.446995014324784, 6008887.901101101189852 ], [ -5339651.704306419938803, 5936448.099235735833645 ], [ -5460159.824024536646903, 5891377.413875549100339 ], [ -5633006.503845584578812, 5755374.779437609948218 ], [ -5765937.503251080401242, 5659289.872712995857 ], [ -5690029.748508173041046, 5676467.360996055416763 ], [ -5504361.19308465719223, 5812674.184762232005596 ], [ -5301330.383182819932699, 5897976.09057370852679 ], [ -5178043.378567066974938, 5908126.036335333250463 ], [ -5127446.097800868563354, 5858084.41476344037801 ], [ -5230255.085886017419398, 5789065.462621059268713 ], [ -5247815.489455069415271, 5677188.903499180451035 ], [ -5250857.34225563518703, 5598086.318168766796589 ], [ -5163968.538887089118361, 5545369.510603887028992 ], [ -5023566.609035323373973, 5560675.617728172801435 ], [ -4900608.761394573375583, 5678750.840379166416824 ], [ -4921554.536892131902277, 5602732.822159877046943 ], [ -4881983.075248472392559, 5564545.273021167144179 ], [ -5006740.76330763567239, 5495111.86404762044549 ], [ -5210524.780744696035981, 5431638.644665928557515 ], [ -5307350.794576598331332, 5388268.526447343640029 ], [ -5426755.064038916490972, 5310636.244911807589233 ], [ -5487022.258432510308921, 5318575.985351118259132 ], [ -5457893.977072177454829, 5409684.155150454491377 ], [ -5283422.328643830493093, 5497960.268710445612669 ], [ -5415958.543008582666516, 5494480.197647588327527 ], [ -5511945.264219597913325, 5481521.567960857413709 ], [ -5542924.28596371319145, 5541537.001088671386242 ], [ -5487084.063739210367203, 5684848.920561967417598 ], [ -5510965.207332041114569, 5714900.921923547051847 ], [ -5572298.257724895142019, 5697218.811801580712199 ], [ -5588001.330909667536616, 5724559.723821363411844 ], [ -5681833.535331246443093, 5645823.282308110035956 ], [ -5739547.29142427444458, 5563974.900995868258178 ], [ -5787676.749642691574991, 5515800.609238064847887 ], [ -5828987.646297273226082, 5499363.452115284278989 ], [ -5857362.717708880081773, 5494021.843410915695131 ], [ -5875970.821185020729899, 5467742.03936434071511 ], [ -6027436.902835740707815, 5467654.614697248674929 ], [ -6152580.025282213464379, 5466918.939518548548222 ], [ -6197794.12664585839957, 5447278.915822884999216 ], [ -6316747.221780710853636, 5370078.812075353227556 ], [ -6330522.587545507587492, 5361700.439254995435476 ], [ -6374201.02564546559006, 5319669.026901746168733 ], [ -6450348.342330700717866, 5319698.344726125709713 ], [ -6532041.785870103165507, 5319269.738527553156018 ], [ -6576676.74444398842752, 5302101.075448885560036 ], [ -6572075.983253501355648, 5280831.536812425591052 ], [ -6578219.773873916827142, 5247713.185402362607419 ], [ -6584346.78930754493922, 5236683.157791858538985 ], [ -6715823.242063439451158, 5182421.304883368313313 ], [ -6809157.85341779794544, 5165224.512631765566766 ], [ -6930785.8889727499336, 5106626.509208213537931 ], [ -6951871.969511030241847, 5106626.509208213537931 ], [ -6973227.813818259164691, 5123961.943492346443236 ], [ -6976091.6415482070297, 5139648.964652626775205 ], [ -6969446.205664042383432, 5151089.322765175253153 ], [ -6934861.964371639303863, 5189394.89327307511121 ], [ -6870090.790161003358662, 5249344.151878671720624 ], [ -6818143.612367787398398, 5313432.385837926529348 ], [ -6793509.978150136768818, 5406991.133524286560714 ], [ -6767149.044269415549934, 5503856.257177088409662 ], [ -6829239.225694556720555, 5553606.865196640603244 ], [ -6810291.291483028791845, 5572388.459022698923945 ], [ -6816121.192424805834889, 5585281.359508651308715 ], [ -6838508.515645915642381, 5585281.359508651308715 ], [ -6846887.049196826294065, 5601972.965769954957068 ], [ -6838956.203817503526807, 5626860.071708216331899 ], [ -6860042.93363028485328, 5615995.182499363087118 ], [ -6880283.763161557726562, 5619234.193682798184454 ], [ -6870247.00516858510673, 5629636.781201089732349 ], [ -6884330.680775471031666, 5639958.452615316025913 ], [ -6878633.151495987549424, 5667485.113472118042409 ], [ -6924798.512558179907501, 5700887.757185164839029 ], [ -6972561.624735614284873, 5735519.848423505201936 ], [ -7030513.591910278424621, 5775556.458750825375319 ], [ -7086001.661071601323783, 5812974.374133804813027 ], [ -7173481.943232668563724, 5783798.296621327288449 ], [ -7200310.315510955639184, 5782785.798125005327165 ], [ -7284455.159535280428827, 5809586.91089004278183 ], [ -7356839.318363526836038, 5796196.365521242842078 ], [ -7416794.534247043542564, 5828094.459740238264203 ], [ -7489209.432770513929427, 5844437.216570949181914 ], [ -7541421.321386000141501, 5850737.949751639738679 ], [ -7556199.364648150280118, 5868060.889074259437621 ], [ -7537440.800188332796097, 5924013.744050548411906 ], [ -7564640.621484592556953, 5923526.183230960741639 ], [ -7588040.73572981916368, 5884404.217318841256201 ], [ -7753032.916229028254747, 5884475.651040463708341 ], [ -8025890.795176303945482, 5884404.217318849638104 ], [ -8296879.265130018815398, 5884389.930502948351204 ], [ -8536230.597353437915444, 5884404.217318841256201 ], [ -8775452.379623970016837, 5884404.217318841256201 ], [ -9010687.132189990952611, 5884404.217318841256201 ], [ -9253750.816283790394664, 5884404.217318841256201 ], [ -9332138.212492253631353, 5884404.217318841256201 ], [ -9568871.290821224451065, 5884404.217318849638104 ], [ -9795334.578037329018116, 5884404.217318849638104 ] ] ], [ [ [ -5040576.602200253866613, 7861137.850188908167183 ], [ -5082448.69213461689651, 7891678.489789155311882 ], [ -5061287.560463611967862, 7911975.55454211961478 ], [ -5027803.936855915933847, 7915687.821220156736672 ], [ -4889920.811222119256854, 7909667.814147841185331 ], [ -4808682.966910232789814, 7878496.828823807649314 ], [ -4816725.342450954951346, 7862506.383193867281079 ], [ -4882413.213548450730741, 7864203.652249877341092 ], [ -4949367.419167449697852, 7865430.993244960904121 ], [ -5025416.47550393268466, 7857593.625757195986807 ], [ -5040576.602200253866613, 7861137.850188908167183 ] ] ], [ [ [ -5108968.180703372694552, 5973028.659881017170846 ], [ -5078117.318711515516043, 5981519.964812513440847 ], [ -4984154.429176165722311, 5956186.457004430703819 ], [ -4919512.108212735503912, 5913799.521545277908444 ], [ -4924367.454749274998903, 5895118.719183783046901 ], [ -4963863.686831532046199, 5893295.165607070550323 ], [ -5054502.2997413482517, 5925195.961155938915908 ], [ -5108968.180703372694552, 5973028.659881017170846 ] ] ], [ [ [ -5480876.357757354155183, 7950365.90958642680198 ], [ -5574435.98496794514358, 7956991.356936919502914 ], [ -5721285.097493702545762, 7974107.804605210199952 ], [ -5712091.736528209410608, 8002587.870517026633024 ], [ -5692502.977017088793218, 8027550.993766227737069 ], [ -5730422.326926259323955, 8048927.827829184941947 ], [ -5850012.381802458316088, 8054805.795330613851547 ], [ -5903748.927470821887255, 8069507.980317850597203 ], [ -5858961.785628825426102, 8088535.933125700801611 ], [ -5737433.52669594809413, 8085624.497833565808833 ], [ -5686792.631274179555476, 8070692.321285964921117 ], [ -5567022.854179504327476, 8070796.586229828186333 ], [ -5531333.868084453977644, 8055199.609679836779833 ], [ -5564746.256929441355169, 8036990.584220695309341 ], [ -5506332.851611682213843, 8025818.576422126032412 ], [ -5479804.157150677405298, 8013921.877635642886162 ], [ -5399206.820006290450692, 8011701.783348805271089 ], [ -5313794.690570066682994, 8007457.200513139367104 ], [ -5205182.259588264860213, 8018399.426198988221586 ], [ -5076060.772998754866421, 8022657.616357523016632 ], [ -4979727.213506045751274, 8019140.391466896981001 ], [ -4931820.97385171148926, 8000032.031913977116346 ], [ -4937878.213233494199812, 7978593.126131806522608 ], [ -4989476.880941357463598, 7964557.987630504183471 ], [ -5092753.060631395317614, 7953067.117264674976468 ], [ -5166079.816639808937907, 7959585.283229500055313 ], [ -5352292.402716389857233, 7951321.399942199699581 ], [ -5480876.357757354155183, 7950365.90958642680198 ] ] ], [ [ [ -5029475.55251772236079, 7512452.884700215421617 ], [ -5088964.367617080919445, 7491258.141943984664977 ], [ -5166923.492990493774414, 7487642.090539822354913 ], [ -5156644.058844050392509, 7522703.450665295124054 ], [ -5097656.621821307577193, 7562200.835649779997766 ], [ -5029376.754626964218915, 7571861.720248765312135 ], [ -4992393.106296443380415, 7552527.656925772316754 ], [ -5014556.128348681144416, 7522271.814122267998755 ], [ -5029475.55251772236079, 7512452.884700215421617 ] ] ], [ [ [ -5182666.501159723848104, 5681681.913216345943511 ], [ -5173108.122566190548241, 5630825.144245483912528 ], [ -5119284.374187883920968, 5616741.205683825537562 ], [ -5042846.098997666500509, 5619606.039081837050617 ], [ -5098252.388065443374217, 5576472.380834643729031 ], [ -5130922.649766171351075, 5569590.604781771078706 ], [ -5218072.201751046814024, 5614301.184669509530067 ], [ -5225344.849141807295382, 5649426.261059742420912 ], [ -5182666.501159723848104, 5681681.913216345943511 ] ] ], [ [ [ -5652718.565231569111347, 8227049.470631057396531 ], [ -5599579.693070848472416, 8237439.661220306530595 ], [ -5536613.000468106940389, 8239779.179563635028899 ], [ -5553334.964753828942776, 8247323.78818276245147 ], [ -5415099.727356334216893, 8248975.816535486839712 ], [ -5360487.610191094689071, 8231214.006088325753808 ], [ -5269731.220611285418272, 8223817.741139274090528 ], [ -5180385.80853149201721, 8217149.029015773907304 ], [ -5159797.408597302623093, 8192960.72741696704179 ], [ -5101358.524303257465363, 8180591.931861895136535 ], [ -5195483.350965238176286, 8168895.981087292544544 ], [ -5339016.035747032612562, 8138058.646426621824503 ], [ -5448441.960739511996508, 8135015.42425415571779 ], [ -5566702.100189067423344, 8140421.67167735658586 ], [ -5611836.246998861432076, 8157290.00452745705843 ], [ -5594212.58841229043901, 8171848.291221465915442 ], [ -5535240.324315181002021, 8182265.615102068521082 ], [ -5644259.759159384295344, 8181970.841407102532685 ], [ -5694768.125309732742608, 8194656.790340844541788 ], [ -5712393.111408775672317, 8211338.535178280435503 ], [ -5652718.565231569111347, 8227049.470631057396531 ] ] ], [ [ [ -5750058.223850401118398, 7339797.978779359720647 ], [ -5695578.156787607818842, 7313472.763965604826808 ], [ -5635224.715605407953262, 7289348.611129730939865 ], [ -5657273.542255379259586, 7252153.233236574567854 ], [ -5601640.820005835965276, 7258275.444609439000487 ], [ -5571449.079179430380464, 7232131.552873693406582 ], [ -5651703.227409176528454, 7207111.001716176979244 ], [ -5745871.734687052667141, 7226245.576577372848988 ], [ -5757786.032465570606291, 7261759.774495433084667 ], [ -5858999.475083973258734, 7219732.68566707149148 ], [ -5990279.803138749673963, 7178348.123872618190944 ], [ -5977841.614828294143081, 7225097.437453560531139 ], [ -6078273.245195866562426, 7217468.371298556216061 ], [ -5986670.396175565198064, 7256574.454345234669745 ], [ -5928539.997543965466321, 7317805.32021620683372 ], [ -5848128.871421441435814, 7387466.699057720601559 ], [ -5803946.143594346940517, 7381338.716816079802811 ], [ -5818348.286115612834692, 7348031.340986052528024 ], [ -5773872.767723670229316, 7359760.050574106164277 ], [ -5750058.223850401118398, 7339797.978779359720647 ] ] ], [ [ [ -5681868.250481047667563, 7099640.986499919556081 ], [ -5637161.280479899607599, 7124254.362945826724172 ], [ -5609553.042070217430592, 7122464.290667555294931 ], [ -5603413.246577168814838, 7105653.992505363188684 ], [ -5661452.214917290024459, 7062206.627804202027619 ], [ -5687935.765620575286448, 7069269.046878002583981 ], [ -5689201.523084000684321, 7093950.748948542401195 ], [ -5681868.250481047667563, 7099640.986499919556081 ] ] ], [ [ [ -5664825.519772653467953, 8104740.976565174758434 ], [ -5693776.956753440201283, 8103460.80333992652595 ], [ -5803652.816414603032172, 8106306.244651568122208 ], [ -5805454.89113703276962, 8118628.56205543782562 ], [ -5684955.131725378334522, 8117989.936232888139784 ], [ -5651901.832160655409098, 8109823.45315008237958 ], [ -5664825.519772653467953, 8104740.976565174758434 ] ] ], [ [ [ -5890991.917055950500071, 7936390.556688236072659 ], [ -5763115.533879799768329, 7934482.361319880001247 ], [ -5657793.138927543535829, 7921078.514112035743892 ], [ -5803462.242625135928392, 7870626.230421173386276 ], [ -5890410.62968413438648, 7859334.273289108648896 ], [ -6004483.433109749108553, 7814951.187142841517925 ], [ -6074789.851375240832567, 7817200.149786400608718 ], [ -6059267.322416069917381, 7869122.606596482917666 ], [ -6027627.262369771488011, 7897592.556261633522809 ], [ -5969128.04371574614197, 7921393.569145828485489 ], [ -5890991.917055950500071, 7936390.556688236072659 ] ] ], [ [ [ -5778566.277082962915301, 8157893.263031601905823 ], [ -5723843.559693875722587, 8143564.441126518882811 ], [ -5757845.136424977332354, 8128253.497399335727096 ], [ -5857225.160082906484604, 8119325.091267780400813 ], [ -5894358.596231146715581, 8129365.339320098049939 ], [ -5901168.019054451026022, 8145224.856999539770186 ], [ -5885532.656866939738393, 8162191.306717049330473 ], [ -5810189.14852537587285, 8160577.671410604380071 ], [ -5778566.277082962915301, 8157893.263031601905823 ] ] ], [ [ [ -5919705.047288190573454, 7129744.094252180308104 ], [ -5839441.162495359778404, 7167198.438289891928434 ], [ -5743665.984195415861905, 7166430.345235664397478 ], [ -5756683.382109677419066, 7150741.918300858698785 ], [ -5872202.197354207746685, 7105698.779353143647313 ], [ -5920710.373831382952631, 7107595.755816848017275 ], [ -5919705.047288190573454, 7129744.094252180308104 ] ] ], [ [ [ -5786905.101850910112262, 7981569.44583301898092 ], [ -5842754.559213994070888, 7961097.620450557209551 ], [ -5928480.661927769891918, 7965066.254710017703474 ], [ -5988292.446016407571733, 7978828.757937754504383 ], [ -5929364.447563300840557, 8002128.515827608294785 ], [ -5825726.926782024092972, 8015787.977137198671699 ], [ -5791615.935271642170846, 7997962.487277146428823 ], [ -5786905.101850910112262, 7981569.44583301898092 ] ] ], [ [ [ -5989260.976503850892186, 8068045.779440463520586 ], [ -5968385.233438151888549, 8045893.685993078164756 ], [ -5995481.670879323966801, 8020615.266084983944893 ], [ -6066818.829385194927454, 7982614.085719102062285 ], [ -6174910.194607720710337, 7977245.712577567435801 ], [ -6231667.300860254094005, 7985603.300953041762114 ], [ -6195372.82348120585084, 8015462.536091171205044 ], [ -6300700.443584967404604, 8011581.022141573950648 ], [ -6258649.373158574104309, 8049765.855420636944473 ], [ -6194809.876352955587208, 8048257.303514597937465 ], [ -6083587.490117789246142, 8064568.357015816494823 ], [ -6001205.468409488908947, 8061830.501759428530931 ], [ -5989260.976503850892186, 8068045.779440463520586 ] ] ], [ [ [ -6272918.485621871426702, 8179219.530005231499672 ], [ -6162960.771554878912866, 8173885.17465986777097 ], [ -6019958.54829412791878, 8159300.649672718718648 ], [ -5998203.832677947357297, 8139640.346611364744604 ], [ -5996366.408056228421628, 8121802.61162259336561 ], [ -6088719.694635196588933, 8126621.246495130471885 ], [ -6170454.721002634614706, 8140417.412332121282816 ], [ -6301906.19405029527843, 8141974.770152318291366 ], [ -6228451.302686180919409, 8154285.334386297501624 ], [ -6288155.460989128798246, 8164059.382618562318385 ], [ -6272918.485621871426702, 8179219.530005231499672 ] ] ], [ [ [ -6352461.780553616583347, 7855468.034614902921021 ], [ -6379277.116593005135655, 7893202.679612264037132 ], [ -6274119.497314346022904, 7920366.396052020601928 ], [ -6212744.284680291078985, 7908629.015162736177444 ], [ -6093186.458789282478392, 7915703.425922652706504 ], [ -6094773.762121158652008, 7899434.207728742621839 ], [ -6183524.284173861145973, 7872030.258460919372737 ], [ -6115092.414097380824387, 7846895.73594484757632 ], [ -6184082.317799066193402, 7792768.593215154483914 ], [ -6314500.681283606216311, 7768838.713839907199144 ], [ -6370743.303001786582172, 7774034.788540317676961 ], [ -6389515.342608314938843, 7797559.696342493407428 ], [ -6495967.970263474620879, 7843944.567519254051149 ], [ -6473319.226769720204175, 7862716.893865393474698 ], [ -6352461.780553616583347, 7855468.034614902921021 ] ] ], [ [ [ -6297341.649838044308126, 7653799.203169154934585 ], [ -6283015.980093348771334, 7628121.977106236852705 ], [ -6347582.482992248609662, 7604269.66400306019932 ], [ -6415667.44367260299623, 7624896.951157819479704 ], [ -6476745.857991883531213, 7617478.679724742658436 ], [ -6535200.186497476883233, 7647786.258178542368114 ], [ -6456220.47236695419997, 7668415.852530964650214 ], [ -6381115.35784300416708, 7696875.7936941254884 ], [ -6331235.729428390040994, 7678314.939319694414735 ], [ -6304198.843078904785216, 7666429.52033343911171 ], [ -6297341.649838044308126, 7653799.203169154934585 ] ] ], [ [ [ -6609748.285423179157078, 8025706.518411295488477 ], [ -6544775.529732820577919, 8033983.809228363446891 ], [ -6483295.636227092705667, 8031843.566416689194739 ], [ -6502842.622595663182437, 8007309.308408671990037 ], [ -6570409.265898288227618, 7982889.118597860448062 ], [ -6790013.367316038347781, 7974752.292496423237026 ], [ -6975925.142291101627052, 7951694.618639483116567 ], [ -7072049.107348819263279, 7950471.769605017267168 ], [ -7057192.775835253298283, 7967901.862306765280664 ], [ -6898558.083679237402976, 7991057.790786879137158 ], [ -7185677.522807305678725, 7984878.23691563308239 ], [ -7259423.582902711816132, 7994140.669695470482111 ], [ -7108693.589616537094116, 8043098.622888311743736 ], [ -7032801.303109418600798, 8056600.966411514207721 ], [ -6882964.576431706547737, 8040285.828169397078454 ], [ -6812593.768399824388325, 8010842.098568952642381 ], [ -6710082.898257624357939, 8006989.195660297758877 ], [ -6736799.302037781104445, 8054251.342037589289248 ], [ -6658510.176385032013059, 8071530.585344830527902 ], [ -6602793.300796824507415, 8066080.131021390669048 ], [ -6611507.935434880666435, 8043227.589679019525647 ], [ -6609748.285423179157078, 8025706.518411295488477 ] ] ], [ [ [ -6625078.833010605536401, 8159462.024879282340407 ], [ -6558486.175852049142122, 8151185.847230365499854 ], [ -6642249.456939435563982, 8143088.024551302194595 ], [ -6741680.790546003729105, 8143129.092681672424078 ], [ -6732599.758796649053693, 8149063.027290439233184 ], [ -6654593.796978382393718, 8161305.804256229661405 ], [ -6625078.833010605536401, 8159462.024879282340407 ] ] ], [ [ [ -6680883.883301612921059, 7906755.956341668963432 ], [ -6594233.886390062980354, 7908999.447999935597181 ], [ -6561236.646171250380576, 7896605.800574383698404 ], [ -6661295.462866563349962, 7858633.82393289450556 ], [ -6711709.888368953019381, 7898869.074327622540295 ], [ -6680883.883301612921059, 7906755.956341668963432 ] ] ], [ [ [ -6711725.453679714351892, 7876962.037360957823694 ], [ -6668714.608120273798704, 7853516.822813212871552 ], [ -6696402.749881370924413, 7795121.129834898747504 ], [ -6726220.827983913011849, 7751301.470416752621531 ], [ -6652803.863160674460232, 7719789.347511381842196 ], [ -6568904.146413918584585, 7689094.51105478592217 ], [ -6606803.125882398337126, 7660087.937029908411205 ], [ -6719865.542723684571683, 7654732.120389001443982 ], [ -6705568.977292934432626, 7628928.386073365807533 ], [ -6754097.230558564886451, 7603980.829615741036832 ], [ -6861902.479139777831733, 7614709.904484014958143 ], [ -6955055.658182548359036, 7633004.742174346931279 ], [ -7035924.171505231410265, 7628901.352682662196457 ], [ -7185211.222506709396839, 7605840.256761934608221 ], [ -7364046.114484071731567, 7595561.141250383108854 ], [ -7489067.337143396958709, 7589054.605493165552616 ], [ -7487043.049681190401316, 7621332.091978705488145 ], [ -7554805.83343074657023, 7639736.934895957820117 ], [ -7622109.878704950213432, 7632209.456263342872262 ], [ -7638306.998918521218002, 7684882.080297644250095 ], [ -7586407.947129648178816, 7691854.749279524199665 ], [ -7472483.632040286436677, 7702970.887556212954223 ], [ -7384507.110761589370668, 7700052.781732395291328 ], [ -7286288.11405404470861, 7711326.763726076111197 ], [ -7393322.928594364784658, 7726345.369081438519061 ], [ -7537823.424024293199182, 7721246.555781939998269 ], [ -7627955.294103580527008, 7722537.003432658500969 ], [ -7632299.222921065986156, 7746013.991196259856224 ], [ -7451393.063572116196156, 7771100.575219473801553 ], [ -7551494.302592105232179, 7770230.595218024216592 ], [ -7642431.467600530944765, 7786537.549888072535396 ], [ -7529681.278284562751651, 7831945.460912249051034 ], [ -7454736.074946615844965, 7855471.548695472069085 ], [ -7240129.883299672044814, 7890620.544867979362607 ], [ -7190050.118529932573438, 7879575.351424523629248 ], [ -7256313.691359540447593, 7852353.717048050835729 ], [ -7093387.345034644939005, 7869998.525384079664946 ], [ -7042189.035550362430513, 7840418.106312243267894 ], [ -6933962.509579075500369, 7870330.239602160640061 ], [ -6899531.56078013125807, 7851213.068356576375663 ], [ -6918004.846363180316985, 7792209.920281368307769 ], [ -6856160.30026550590992, 7817417.056996048428118 ], [ -6828844.577372708357871, 7877740.174567247740924 ], [ -6763286.707347777672112, 7886137.277273482643068 ], [ -6711725.453679714351892, 7876962.037360957823694 ] ] ], [ [ [ -6679660.327921927906573, 8132362.068804740905762 ], [ -6603930.674142336472869, 8125644.610890408046544 ], [ -6641246.863161735236645, 8112592.558711986988783 ], [ -6770844.319315916858613, 8099778.115771752782166 ], [ -6840883.923466868698597, 8114141.785854476504028 ], [ -6773262.44517139904201, 8128000.458754534833133 ], [ -6679660.327921927906573, 8132362.068804740905762 ] ] ], [ [ [ -7512204.741593739949167, 8039073.733366198837757 ], [ -7512204.790966497734189, 8039073.733366198837757 ], [ -7357196.692875693552196, 8074819.818243186920881 ], [ -7190425.896635236218572, 8104393.770604070276022 ], [ -7098704.185744501650333, 8103772.71336139459163 ], [ -7006775.040488446131349, 8110308.306290104985237 ], [ -7063597.914841217920184, 8075400.636481653898954 ], [ -7133087.391306254081428, 8059044.005655345506966 ], [ -7193258.236220884136856, 8056711.049209406599402 ], [ -7335853.777470651082695, 8035969.824002810753882 ], [ -7444567.397196407429874, 8028412.007283828221262 ], [ -7512204.741593739949167, 8039073.733366198837757 ] ] ], [ [ [ -7552549.498788150958717, 7953415.128975367173553 ], [ -7479226.592649009078741, 7942192.426757136359811 ], [ -7324240.677391327917576, 7939166.914727645926178 ], [ -7284842.684155110269785, 7923256.933597797527909 ], [ -7248508.801395998336375, 7899727.403885892592371 ], [ -7346227.063876340165734, 7885390.812629203312099 ], [ -7554822.347282541915774, 7844535.332440486177802 ], [ -7689103.003356442786753, 7802545.691437040455639 ], [ -7724309.86877379566431, 7775723.483116109855473 ], [ -7933230.377715353854001, 7745535.943472432903945 ], [ -7930569.421997382305562, 7773016.755136518739164 ], [ -8034109.213351597078145, 7805507.737124342471361 ], [ -7971545.663145939819515, 7831015.643085951916873 ], [ -7868102.279385172761977, 7873880.907204422168434 ], [ -7761343.222936312668025, 7911238.527419725432992 ], [ -7774636.020960097201169, 7944982.664813820272684 ], [ -7552549.498788150958717, 7953415.128975367173553 ] ] ], [ [ [ -9886822.061447059735656, 5834256.158074622042477 ], [ -9937874.489486325532198, 5819960.656306441873312 ], [ -10033671.017316257581115, 5866527.579040082171559 ], [ -10029388.186246337369084, 5902752.787986439652741 ], [ -10072454.540564421564341, 5938318.123784217052162 ], [ -10063633.053269879892468, 5967165.751978891901672 ], [ -10130411.991841306909919, 5985329.689395076595247 ], [ -10115841.215162098407745, 6040006.093087241053581 ], [ -10089788.043750459328294, 6063152.829132292419672 ], [ -10025266.47913490049541, 6041351.306131211109459 ], [ -9989373.007150188088417, 6026152.55042362306267 ], [ -9923850.781036101281643, 6015524.556300362572074 ], [ -9924843.229194378480315, 5980795.766200841404498 ], [ -9923617.267702411860228, 5932767.221457618288696 ], [ -9876762.27097138017416, 5890778.206802605651319 ], [ -9886822.061447059735656, 5834256.158074622042477 ] ] ], [ [ [ -10143323.083738226443529, 6382426.990841305814683 ], [ -10062779.035719810053706, 6390054.294764668680727 ], [ -10186930.425239589065313, 6280953.394799615256488 ], [ -10190124.395826896652579, 6202598.371957845985889 ], [ -10220933.509648630395532, 6202788.23922314401716 ], [ -10227529.153365790843964, 6247455.038640371523798 ], [ -10215279.01446695625782, 6292123.970128580927849 ], [ -10226282.817426988855004, 6322181.844038448296487 ], [ -10200896.81564131565392, 6364376.964787147007883 ], [ -10167470.677582142874599, 6394814.260132487863302 ], [ -10143323.083738226443529, 6382426.990841305814683 ] ] ] ] } },
{ "type": "Feature", "properties": { "pop_est": 326625791, "continent": "North America", "name": "United States of America", "iso_a3": "USA", "gdp_md_est": 18560000.0, "lon_c": -8576289.5785258897, "lat_c": 4550768.1218542382 }, "geometry": { "type": "MultiPolygon", "coordinates": [ [ [ [ -9795334.578037329018116, 5884404.217318849638104 ], [ -9568871.290821224451065, 5884404.217318849638104 ], [ -9332138.212492253631353, 5884404.217318841256201 ], [ -9253750.816283790394664, 5884404.217318841256201 ], [ -9010687.132189990952611, 5884404.217318841256201 ], [ -8775452.379623970016837, 5884404.217318841256201 ], [ -8536230.597353437915444, 5884404.217318841256201 ], [ -8296879.265130018815398, 5884389.930502948351204 ], [ -8025890.795176303945482, 5884404.217318849638104 ], [ -7753032.916229028254747, 5884475.651040463708341 ], [ -7588040.73572981916368, 5884404.217318841256201 ], [ -7564640.621484592556953, 5923526.183230960741639 ], [ -7537440.800188332796097, 5924013.744050548411906 ], [ -7556199.364648150280118, 5868060.889074259437621 ], [ -7541421.321386000141501, 5850737.949751639738679 ], [ -7489209.432770513929427, 5844437.216570949181914 ], [ -7416794.534247043542564, 5828094.459740238264203 ], [ -7356839.318363526836038, 5796196.365521242842078 ], [ -7284455.159535280428827, 5809586.91089004278183 ], [ -7200310.315510955639184, 5782785.798125005327165 ], [ -7173481.943232668563724, 5783798.296621327288449 ], [ -7086001.661071601323783, 5812974.374133804813027 ], [ -7030513.591910278424621, 5775556.458750825375319 ], [ -6972561.624735614284873, 5735519.848423505201936 ], [ -6924798.512558179907501, 5700887.757185164839029 ], [ -6878633.151495987549424, 5667485.113472118042409 ], [ -6884330.680775471031666, 5639958.452615316025913 ], [ -6870247.00516858510673, 5629636.781201089732349 ], [ -6880283.763161557726562, 5619234.193682798184454 ], [ -6860042.93363028485328, 5615995.182499363087118 ], [ -6838956.203817503526807, 5626860.071708216331899 ], [ -6846887.049196826294065, 5601972.965769954957068 ], [ -6838508.515645915642381, 5585281.359508651308715 ], [ -6816121.192424805834889, 5585281.359508651308715 ], [ -6810291.291483028791845, 5572388.459022698923945 ], [ -6829239.225694556720555, 5553606.865196640603244 ], [ -6767149.044269415549934, 5503856.257177088409662 ], [ -6793509.978150136768818, 5406991.133524286560714 ], [ -6818143.612367787398398, 5313432.385837926529348 ], [ -6870090.790161003358662, 5249344.151878671720624 ], [ -6934861.964371639303863, 5189394.89327307511121 ], [ -6969446.205664042383432, 5151089.322765175253153 ], [ -6976091.6415482070297, 5139648.964652626775205 ], [ -6973227.813818259164691, 5123961.943492346443236 ], [ -6951871.969511030241847, 5106626.509208213537931 ], [ -6930785.8889727499336, 5106626.509208213537931 ], [ -6809157.85341779794544, 5165224.512631765566766 ], [ -6715823.242063439451158, 5182421.304883368313313 ], [ -6584346.78930754493922, 5236683.157791858538985 ], [ -6578219.773873916827142, 5247713.185402362607419 ], [ -6572075.983253501355648, 5280831.536812425591052 ], [ -6576676.74444398842752, 5302101.075448885560036 ], [ -6532041.785870103165507, 5319269.738527553156018 ], [ -6450348.342330700717866, 5319698.344726125709713 ], [ -6374201.02564546559006, 5319669.026901746168733 ], [ -6330522.587545507587492, 5361700.439254995435476 ], [ -6316747.221780710853636, 5370078.812075353227556 ], [ -6197794.12664585839957, 5447278.915822884999216 ], [ -6152580.025282213464379, 5466918.939518548548222 ], [ -6027436.902835740707815, 5467654.614697248674929 ], [ -5875970.821185020729899, 5467742.03936434071511 ], [ -5857362.717708880081773, 5494021.843410915695131 ], [ -5828987.646297273226082, 5499363.452115284278989 ], [ -5787676.749642691574991, 5515800.609238064847887 ], [ -5739547.29142427444458, 5563974.900995868258178 ], [ -5681833.535331246443093, 5645823.282308110035956 ], [ -5588001.330909667536616, 5724559.723821363411844 ], [ -5572298.257724895142019, 5697218.811801580712199 ], [ -5510965.207332041114569, 5714900.921923547051847 ], [ -5487084.063739210367203, 5684848.920561967417598 ], [ -5542924.28596371319145, 5541537.001088671386242 ], [ -5511945.264219597913325, 5481521.567960857413709 ], [ -5510660.931075163185596, 5446557.854949714615941 ], [ -5617751.752513927407563, 5394675.393390095792711 ], [ -5716379.226115972734988, 5357559.147306178696454 ], [ -5815724.368948657996953, 5325639.683071261271834 ], [ -5883512.548757287673652, 5261323.535242175683379 ], [ -5906615.70432145614177, 5236866.949231801554561 ], [ -5928500.147847520187497, 5179009.58423010352999 ], [ -5921576.204864687286317, 5120908.018125525675714 ], [ -5887681.132853082381189, 5118160.620302140712738 ], [ -5882342.560061421245337, 5158212.308972721919417 ], [ -5865791.6502171671018, 5133848.893036757595837 ], [ -5883515.838276571594179, 5102452.599590579047799 ], [ -5946552.766453860327601, 5084593.798742239363492 ], [ -5986235.710937621071935, 5086737.042483404278755 ], [ -6055336.086769980378449, 5067501.025020807050169 ], [ -6093961.230476415716112, 5061982.334076556377113 ], [ -6144929.15849716681987, 5056533.052105250768363 ], [ -6226788.939014615491033, 5024514.362610082142055 ], [ -6095343.112490520812571, 5045354.514549400657415 ], [ -6077730.160199100151658, 5024392.311301996000111 ], [ -6207852.836093012243509, 4991134.214241961017251 ], [ -6261847.374180816113949, 4990912.211106739006937 ], [ -6254454.954646222293377, 5004530.734907286241651 ], [ -6291247.930120027624071, 4973752.328215157613158 ], [ -6268131.339169043116271, 4968651.966481482610106 ], [ -6314686.659066163934767, 4888540.249145640060306 ], [ -6406686.551153706386685, 4802184.344517122022808 ], [ -6403067.434260446578264, 4831060.539241421036422 ], [ -6419785.799266440793872, 4836904.867114058695734 ], [ -6437933.501921118237078, 4864947.505179662257433 ], [ -6441296.058539059013128, 4804486.595678057521582 ], [ -6426964.469148188829422, 4784448.525965604931116 ], [ -6440206.24009033292532, 4741806.046780981123447 ], [ -6482600.809087571687996, 4697827.524075189605355 ], [ -6561353.906988960690796, 4607045.427756945602596 ], [ -6567722.79712937399745, 4611572.061520763672888 ], [ -6515235.102601927705109, 4688932.58853692561388 ], [ -6544422.859472417272627, 4732208.554549961350858 ], [ -6521865.929352911189198, 4825848.57912833429873 ], [ -6555424.641205637715757, 4777188.689949849620461 ], [ -6561846.826193773187697, 4705504.04530443996191 ], [ -6612522.853175810538232, 4723247.704681842587888 ], [ -6565837.315506930463016, 4686765.878047414124012 ], [ -6598311.597386536188424, 4578461.347442929632962 ], [ -6576068.947766558267176, 4570562.469158846884966 ], [ -6579938.987532193772495, 4530973.774549630470574 ], [ -6604210.846467859111726, 4415957.180802615359426 ], [ -6686311.37727100495249, 4330126.223243797197938 ], [ -6787535.404202277772129, 4295715.944028932601213 ], [ -6866168.155842395499349, 4227456.742336051538587 ], [ -6912386.56513974443078, 4219976.828709810972214 ], [ -6970057.745688046328723, 4177075.14207237912342 ], [ -6994541.43464813940227, 4137803.274708520621061 ], [ -7114468.764960398897529, 4061614.947053656447679 ], [ -7181109.241788186132908, 4005543.484109783079475 ], [ -7243555.878363064490259, 3935501.61544017540291 ], [ -7281529.073190834373236, 3851242.026215850375593 ], [ -7288880.432555617764592, 3768562.594856504350901 ], [ -7286668.420784001238644, 3666286.006911548785865 ], [ -7268899.950404879637063, 3581317.742559255100787 ], [ -7281703.26968895085156, 3529298.881741057150066 ], [ -7273444.515331938862801, 3389120.389286412857473 ], [ -7295750.365366720594466, 3307292.928399416152388 ], [ -7310725.89389386959374, 3259970.199227891862392 ], [ -7350499.357173217460513, 3185521.992230612784624 ], [ -7381317.890481752343476, 3170115.640446157660335 ], [ -7422978.312810499221087, 3184923.77139720832929 ], [ -7425088.862873387522995, 3238437.591222366783768 ], [ -7453206.925797834992409, 3266450.143771570175886 ], [ -7476305.038509953767061, 3370937.755108324345201 ], [ -7495335.002028034999967, 3463540.717343236319721 ], [ -7496781.883865159004927, 3510762.873259654734284 ], [ -7457258.324871365912259, 3590679.677257960196584 ], [ -7464744.335599736310542, 3656698.688500836025923 ], [ -7506997.322307896800339, 3756755.686524638906121 ], [ -7536781.908556511625648, 3775059.924764304887503 ], [ -7642760.816527715884149, 3720875.650011046789587 ], [ -7657129.772426995448768, 3726847.872428734786808 ], [ -7684537.237540463916957, 3782524.493741477839649 ], [ -7731972.062312005087733, 3811994.422720687929541 ], [ -7837629.776413010433316, 3797029.131166539620608 ], [ -7913094.90694550331682, 3810196.794682106003165 ], [ -7983867.487920709885657, 3801990.114408263470978 ], [ -8026572.935185203328729, 3783404.672901888377964 ], [ -8020069.473654253408313, 3751698.615349031984806 ], [ -8036069.250914068892598, 3703236.655665603931993 ], [ -8023987.789128579199314, 3679591.42871561460197 ], [ -8045768.374777955934405, 3663842.814690348692238 ], [ -8073926.626309641636908, 3681514.499260103330016 ], [ -8114433.793722664006054, 3658787.862291031517088 ], [ -8178628.483964323997498, 3662515.666541626211256 ], [ -8226574.246922443620861, 3725758.002582137938589 ], [ -8309503.293242630548775, 3710850.686559987254441 ], [ -8366195.644133182242513, 3738511.683120242320001 ], [ -8424662.012731978669763, 3730135.089277376420796 ], [ -8509052.174677297472954, 3702203.075838799588382 ], [ -8618734.439091889187694, 3613342.565755511168391 ], [ -8724397.213384598493576, 3561510.67343710269779 ], [ -8791332.651704430580139, 3503979.581341916229576 ], [ -8828533.590285614132881, 3449637.233058216050267 ], [ -8854069.150802714750171, 3366086.923618099186569 ], [ -8866290.906562065705657, 3307807.686050411779433 ], [ -8860659.904197797179222, 3266450.143771570175886 ], [ -8897261.276552749797702, 3262797.943618484772742 ], [ -8954415.796115960925817, 3289569.452306437306106 ], [ -9014588.468541653826833, 3327248.232795558404177 ], [ -9023233.795377548784018, 3384272.922063401434571 ], [ -9017549.37474156729877, 3468972.409286129754037 ], [ -9049507.467605829238892, 3537732.868915763683617 ], [ -9058142.308528039604425, 3608237.098223160021007 ], [ -9076257.766043102368712, 3690321.930300293955952 ], [ -9123432.415918419137597, 3737980.17491434328258 ], [ -9197600.803925808519125, 3735674.83681898470968 ], [ -9286459.263843389227986, 3641110.881997709628195 ], [ -9348939.848104367032647, 3677067.005654975771904 ], [ -9382902.842868011444807, 3713201.599554679356515 ], [ -9382055.814000599086285, 3778843.193779493682086 ], [ -9389288.76036399230361, 3841023.98156620003283 ], [ -9423081.775262836366892, 3893246.667668788693845 ], [ -9454575.47027469612658, 3930702.986029435880482 ], [ -9471008.092797473073006, 3972634.899922310374677 ], [ -9625044.299751194193959, 3972674.325560840778053 ], [ -9644185.071194801479578, 3923867.701438775286078 ], [ -9714858.343875017017126, 3923834.543712822254747 ], [ -9892378.851711634546518, 3922979.529840825125575 ], [ -10061616.079039858654141, 4006232.294617521576583 ], [ -10171483.108417795971036, 4063487.911113512236625 ], [ -10153356.941918730735779, 4086472.268082103226334 ], [ -10271274.295358747243881, 4073729.8930574785918 ], [ -10375855.869709592312574, 4064670.991413186304271 ], [ -10364360.580803891643882, 4124657.994732032995671 ], [ -10391288.664349617436528, 4191950.532264517620206 ], [ -10425997.620306553319097, 4205925.325947441160679 ], [ -10420177.190845439210534, 4239381.859714152291417 ], [ -10466780.195836782455444, 4245232.316277521662414 ], [ -10483425.917081808671355, 4276710.574764405377209 ], [ -10559492.04433673620224, 4288175.845558256842196 ], [ -10572867.151538230478764, 4306926.088250180706382 ], [ -10552614.990756390616298, 4370460.460060470737517 ], [ -10579157.125884596258402, 4486267.545078800991178 ], [ -10567868.670327469706535, 4645176.752390712499619 ], [ -10550589.633923968300223, 4671497.114662677049637 ], [ -10568090.707072613760829, 4708952.950878799892962 ], [ -10581567.901090269908309, 4803548.185961644165218 ], [ -10540680.276127476245165, 4894995.62167442496866 ], [ -10550023.8748191986233, 4955922.588849795982242 ], [ -10476049.006470104679465, 5047845.858716656453907 ], [ -10420597.48802786692977, 5142277.412037773989141 ], [ -10394148.357709119096398, 5226053.233416137285531 ], [ -10295130.657740524038672, 5328267.189361528493464 ], [ -10219958.341645117849112, 5425834.17061085626483 ], [ -10143752.438267502933741, 5522527.899899946525693 ], [ -10058485.702735550701618, 5663791.289672950282693 ], [ -10018845.530938735231757, 5752815.78742022626102 ], [ -10006412.568986596539617, 5800775.405496776103973 ], [ -9981516.082894617691636, 5820872.372950356453657 ], [ -9891703.435714332386851, 5785882.317286868579686 ], [ -9920225.555031914263964, 5687940.821347946301103 ], [ -9880423.118723798543215, 5715435.467377810738981 ], [ -9831222.567881112918258, 5800318.669635965488851 ], [ -9795334.578037329018116, 5884404.217318849638104 ] ] ], [ [ [ -9201794.048849007114768, 7668546.08287866320461 ], [ -9201794.700744351372123, 7668546.188782330602407 ], [ -9574059.989610079675913, 7407017.580185394734144 ], [ -10156185.24183739349246, 6950316.872919958084822 ], [ -10088232.123625071719289, 6947787.512389070354402 ], [ -10045746.221263131126761, 6924035.137552891857922 ], [ -10038802.134341126307845, 6886192.411143940873444 ], [ -10038956.924536783248186, 6828793.439098780974746 ], [ -9913353.855043362826109, 6877659.181287338025868 ], [ -9808959.846024686470628, 6905736.023187162354589 ], [ -9820560.595962548628449, 6860815.133062516339123 ], [ -9810807.479392867535353, 6824933.813003716059029 ], [ -9786740.138355741277337, 6785103.701436478644609 ], [ -9808379.387391354888678, 6721038.316162887960672 ], [ -9838469.337982147932053, 6617473.393899446353316 ], [ -9769143.225072992965579, 6558829.963229214772582 ], [ -9823826.83919975720346, 6500085.009122918359935 ], [ -9909166.727471435442567, 6454780.519780695438385 ], [ -9909168.933830436319113, 6454778.112847220152617 ], [ -9909169.123760886490345, 6454778.011711161583662 ], [ -9916993.520366428419948, 6490146.91217930149287 ], [ -9954622.989439254626632, 6519965.911822852678597 ], [ -9895800.656301038339734, 6600751.329963600263 ], [ -9916555.234572695568204, 6674628.03045027051121 ], [ -9867117.648653982207179, 6759554.841078564524651 ], [ -9931581.658340718597174, 6765317.237161015160382 ], [ -10046133.611978882923722, 6767498.814648052677512 ], [ -10104115.644065413624048, 6793056.633869565092027 ], [ -10152044.180102257058024, 6884078.57702730037272 ], [ -10202372.233035933226347, 6900525.647126181051135 ], [ -10292528.445044215768576, 6931295.107969612814486 ], [ -10401298.764640368521214, 6923964.615668725222349 ], [ -10495133.735421888530254, 6963313.276813204400241 ], [ -10535413.495321203023195, 6999472.084742322564125 ], [ -10637547.72671209089458, 6981547.883611485362053 ], [ -10696801.246143994852901, 6922170.064653027802706 ], [ -10743597.904426008462906, 6916643.835391696542501 ], [ -10849687.031278662383556, 6898634.143388553522527 ], [ -10949917.276055922731757, 6869330.981400153599679 ], [ -11053544.157559799030423, 6850788.566921995952725 ], [ -10999860.27504551038146, 6902036.473523048684001 ], [ -10860383.627382103353739, 6986027.613146628253162 ], [ -10750733.196915678679943, 7012036.057706151157618 ], [ -10743020.050761289894581, 7033107.157537719234824 ], [ -10895099.32232085801661, 6986145.895286464132369 ], [ -11017215.487182054668665, 6929337.099025304429233 ], [ -11199885.305315773934126, 6867768.420584158040583 ], [ -11199886.023633405566216, 6825252.068795768544078 ], [ -11347778.560835776850581, 6761633.0349708693102 ], [ -11472924.425578154623508, 6724174.644145487807691 ], [ -11580527.717895690351725, 6696701.374229946173728 ], [ -11647670.526884051039815, 6656556.645358770154417 ], [ -11821014.590784354135394, 6609352.871942517347634 ], [ -11896491.87776461429894, 6566081.936857923865318 ], [ -12031676.336020737886429, 6526390.169064303860068 ], [ -12074885.616731403395534, 6533550.355975452810526 ], [ -12176288.371632430702448, 6507542.982443786226213 ], [ -12291003.908379510045052, 6475624.141193917021155 ], [ -12391453.709764115512371, 6444110.828638447448611 ], [ -12554046.645337639376521, 6417074.877570332027972 ], [ -12547035.214139798656106, 6432999.591612940654159 ], [ -12411301.351467939093709, 6477056.641765247099102 ], [ -12302550.856717428192496, 6505982.526141190901399 ], [ -12160754.921538025140762, 6556898.497915130108595 ], [ -12054899.17000892944634, 6567368.054493905045092 ], [ -11972142.463967001065612, 6605168.930072925053537 ], [ -11801928.348462954163551, 6659894.8266122629866 ], [ -11763003.260624248534441, 6678076.526733040809631 ], [ -11668933.3913913667202, 6709980.620901660062373 ], [ -11571528.814651789143682, 6777827.28349715936929 ], [ -11468111.965792994946241, 6830013.762597289867699 ], [ -11586505.174795743077993, 6803302.899298733100295 ], [ -11590693.989658623933792, 6818478.255068713799119 ], [ -11671470.365979405120015, 6786337.289961434900761 ], [ -11661664.647287545725703, 6831112.619436088949442 ], [ -11722284.305547414347529, 6799478.566501433961093 ], [ -11692653.021014463156462, 6843372.991294536739588 ], [ -11811643.355815354734659, 6808164.520660750567913 ], [ -11856486.426410906016827, 6808237.520936401560903 ], [ -11793898.980318745598197, 6860497.856972584500909 ], [ -11738208.757578721269965, 6892394.894661084748805 ], [ -11743339.044831542298198, 6923150.823115245439112 ], [ -11859855.565252218395472, 6906623.853871058672667 ], [ -11865367.115846598520875, 6946988.65024493727833 ], [ -11886075.670090992003679, 6967478.506589069962502 ], [ -11818786.858789110556245, 7015429.629138084128499 ], [ -11822654.223739415407181, 7051127.105244679376483 ], [ -11726062.534663116559386, 7098770.979186092503369 ], [ -11601588.211860312148929, 7144429.441415410488844 ], [ -11515144.649818941950798, 7185906.038069152273238 ], [ -11449829.975850500166416, 7191769.47056513465941 ], [ -11420810.235442105680704, 7178917.945929920300841 ], [ -11307434.00374187156558, 7217523.867910409346223 ], [ -11266941.595204088836908, 7210665.970701708458364 ], [ -11177550.607129242271185, 7235307.618808213621378 ], [ -11137074.316088676452637, 7271231.591699224896729 ], [ -11154694.691213244572282, 7285276.065751095302403 ], [ -11058553.463604850694537, 7315161.949974587187171 ], [ -11102126.537714675068855, 7314285.60715916659683 ], [ -11200792.753284558653831, 7297447.140245974995196 ], [ -11247895.796105640009046, 7280275.384160575456917 ], [ -11276210.243755728006363, 7297425.103152743540704 ], [ -11387169.181294191628695, 7288711.759214551188052 ], [ -11459305.071153974160552, 7307295.38072822522372 ], [ -11439540.051003342494369, 7338214.024488667026162 ], [ -11455590.103838438168168, 7382295.551079286262393 ], [ -11309457.121975099667907, 7413592.032736518420279 ], [ -11100264.991301987320185, 7449656.620175251737237 ], [ -11044775.522322257980704, 7449656.620175251737237 ], [ -11112900.313027366995811, 7412765.590787815861404 ], [ -10965143.584281109273434, 7415658.910623256117105 ], [ -10947735.514552928507328, 7461281.266532169654965 ], [ -10985869.70879645831883, 7488916.927842213772237 ], [ -10974827.492226131260395, 7524711.090163865126669 ], [ -10988654.696106499060988, 7554800.213443625718355 ], [ -11042581.056191751733422, 7576838.073537001386285 ], [ -10944061.321482414379716, 7612873.105358593165874 ], [ -10823498.699330277740955, 7615086.695485421456397 ], [ -10688337.252984143793583, 7645850.295245428569615 ], [ -10617548.473336128517985, 7678185.381083562970161 ], [ -10497857.727860571816564, 7709191.205767785198987 ], [ -10422061.786925047636032, 7716569.213145795278251 ], [ -10251076.935346234589815, 7744903.521222045645118 ], [ -10199013.279525812715292, 7740663.918714459054172 ], [ -10043225.230340041220188, 7774120.074516299180686 ], [ -9968156.118341347202659, 7761026.132251939736307 ], [ -9968986.04914216697216, 7732503.661192031577229 ], [ -9919998.154713917523623, 7744798.894221254624426 ], [ -9817279.352681510150433, 7740998.256114049814641 ], [ -9845047.889457320794463, 7726345.76663229893893 ], [ -9763678.690974906086922, 7715431.114969788119197 ], [ -9687349.598368763923645, 7721860.17185037676245 ], [ -9583079.896827502176166, 7701460.490453864447773 ], [ -9467657.911171216517687, 7695342.740580736659467 ], [ -9430635.597552791237831, 7686847.546872827224433 ], [ -9327934.871788488700986, 7697460.090283147990704 ], [ -9258913.412504993379116, 7677782.292887477204204 ], [ -9201794.043052261695266, 7668546.08287866320461 ], [ -9201794.048849007114768, 7668546.08287866320461 ] ] ], [ [ [ -11293202.357699254527688, 6745791.705453337170184 ], [ -11251568.573933772742748, 6739747.262656137347221 ], [ -11253720.996630173176527, 6711877.163340365514159 ], [ -11368960.609369656071067, 6668906.754255123436451 ], [ -11484378.164065757766366, 6634183.821382372640073 ], [ -11494533.369753938168287, 6657718.195474073290825 ], [ -11455029.190980043262243, 6700170.16867377050221 ], [ -11349156.137852981686592, 6732143.130102586001158 ], [ -11293202.357699254527688, 6745791.705453337170184 ] ] ], [ [ [ -11937427.657116403803229, 7236605.358822583220899 ], [ -11918185.095691910013556, 7221519.187130895443261 ], [ -11862038.28113991394639, 7229675.253920145332813 ], [ -11838309.515033083036542, 7208696.272239364683628 ], [ -11785401.741228699684143, 7198021.709099274128675 ], [ -11804519.968651168048382, 7189295.142914756201208 ], [ -11883570.594294976443052, 7172269.615520016290247 ], [ -11910014.960473854094744, 7189763.623420530930161 ], [ -11914157.91324495524168, 7204282.829633386805654 ], [ -11982939.195097768679261, 7199644.416183108463883 ], [ -11988575.622694185003638, 7206680.022287036292255 ], [ -11937427.657116403803229, 7236605.358822583220899 ] ] ], [ [ [ -11981484.488867972046137, 6956962.719648166559637 ], [ -11935189.616164667531848, 6949223.616676307283342 ], [ -11974019.689269956201315, 6916283.037444072775543 ], [ -12036959.954657718539238, 6902854.247282166033983 ], [ -12062033.941702969372272, 6918990.512062711641192 ], [ -12073191.641226597130299, 6942329.205201048403978 ], [ -11981484.488867972046137, 6956962.719648166559637 ] ] ], [ [ [ -14456811.874307069927454, 2553301.770575744099915 ], [ -14443977.4967255089432, 2542505.053133013658226 ], [ -14434538.910534843802452, 2525827.822386405896395 ], [ -14425423.937151541933417, 2482159.234938332345337 ], [ -14429953.949373502284288, 2475246.604172342922539 ], [ -14475144.040059829130769, 2448602.417067419737577 ], [ -14511354.503680966794491, 2429098.324126706458628 ], [ -14531756.548126354813576, 2408204.363460743799806 ], [ -14549144.0756745506078, 2426090.227629325352609 ], [ -14535024.474266005679965, 2460976.046375799458474 ], [ -14535266.795769730582833, 2506371.889714428689331 ], [ -14525936.419004054740071, 2520237.238079828675836 ], [ -14502857.346884213387966, 2540546.552292890846729 ], [ -14500858.238149113953114, 2565024.925921422895044 ], [ -14491445.81505511328578, 2576627.515067107509822 ], [ -14485175.573426218703389, 2574324.948095677886158 ], [ -14456811.874307069927454, 2553301.770575744099915 ] ] ], [ [ [ -14482222.496540786698461, 2638377.907238733489066 ], [ -14495286.721083948388696, 2623464.017703182995319 ], [ -14529569.240327155217528, 2614572.669076167512685 ], [ -14536252.995539631694555, 2640732.371584956999868 ], [ -14543297.71730332262814, 2650826.527865154203027 ], [ -14541327.048619167879224, 2658579.613652928732336 ], [ -14528389.390819115564227, 2669218.466590651776642 ], [ -14499667.794668007642031, 2657424.079779430758208 ], [ -14482222.496540786698461, 2638377.907238733489066 ] ] ], [ [ [ -14534477.092954155057669, 2689605.025545975193381 ], [ -14542251.021437121555209, 2676195.983685458544642 ], [ -14590638.073593899607658, 2679798.351919212378561 ], [ -14578151.491888210177422, 2694904.739222833886743 ], [ -14534477.092954155057669, 2689605.025545975193381 ] ] ], [ [ [ -14626949.984516752883792, 2756520.708261556457728 ], [ -14622216.641834938898683, 2748568.707756209652871 ], [ -14610772.438455533236265, 2707622.556924927514046 ], [ -14618444.352557135745883, 2700464.000398444011807 ], [ -14624488.468577532097697, 2702059.461339300032705 ], [ -14655134.418677246198058, 2706416.550181869417429 ], [ -14656416.971951235085726, 2734510.841885397676378 ], [ -14658154.330444782972336, 2739455.827267420943826 ], [ -14626949.984516752883792, 2756520.708261556457728 ] ] ], [ [ [ -14727234.88230642862618, 2818100.954795822966844 ], [ -14736527.154710346832871, 2789309.458255658857524 ], [ -14752221.797316180542111, 2777064.363795696757734 ], [ -14774640.09853496029973, 2799611.906017461325973 ], [ -14766345.471532186493278, 2808618.567878332920372 ], [ -14747508.720840873196721, 2820725.004641140811145 ], [ -14727234.88230642862618, 2818100.954795822966844 ] ] ] ] } },
{ "type": "Feature", "properties": { "pop_est": 18556698, "continent": "Asia", "name": "Kazakhstan", "iso_a3": "KAZ", "gdp_md_est": 460700.0, "lon_c": 5399177.850784095, "lat_c": 5738733.5411041416 }, "geometry": { "type": "Polygon", "coordinates": [ [ [ 6954255.158939061686397, 5906314.517768171615899 ], [ 6929999.05711732711643, 5838275.737962497398257 ], [ 6868553.92368848156184, 5828685.100875304080546 ], [ 6918060.362265199422836, 5725098.751590313389897 ], [ 6896754.109555440023541, 5678022.70428862515837 ], [ 6719352.496347850188613, 5712318.370797486044466 ], [ 6750214.917049865238369, 5524250.08149875421077 ], [ 6719125.940536341629922, 5500616.323915672488511 ], [ 6575522.070235145278275, 5458069.460278839804232 ], [ 6730589.447494163177907, 5271107.983692971989512 ], [ 6685289.778076206333935, 5242826.310391051694751 ], [ 6717597.672707174904644, 5180649.884777574799955 ], [ 6659490.241323431953788, 5196679.27065974008292 ], [ 6601598.816747044213116, 5235864.766705375164747 ], [ 6473250.065924392081797, 5247244.026777348481119 ], [ 6333870.543691311962903, 5250216.339614906348288 ], [ 6308284.358417226932943, 5238238.225889282301068 ], [ 6171853.919196208007634, 5283903.97419058252126 ], [ 6133301.825053259730339, 5261435.788756819441915 ], [ 6144753.162833185866475, 5197139.197636079974473 ], [ 5993311.622633979655802, 5234700.360091032460332 ], [ 5944038.830284772440791, 5219330.165305848233402 ], [ 5942714.097125058062375, 5171477.876141206361353 ], [ 5901923.29804992955178, 5151232.66537023615092 ], [ 5817816.214216112159193, 5074588.412448223680258 ], [ 5807563.661055716685951, 4995427.102259442210197 ], [ 5776269.132705808617175, 4994721.770409004762769 ], [ 5735684.776620509102941, 5047179.488900801166892 ], [ 5627211.556596661917865, 5050765.833369888365269 ], [ 5580185.712096405215561, 5140961.461582640185952 ], [ 5539049.571314411237836, 5141729.618621706031263 ], [ 5508249.482648223638535, 5251264.055102405138314 ], [ 5381504.500909125432372, 5330394.294073232449591 ], [ 5242119.061792567372322, 5321969.548126543872058 ], [ 5150006.157088104635477, 5306227.934158217161894 ], [ 5039002.576843776740134, 5403325.428829550743103 ], [ 4958177.604993956163526, 5443815.966767998412251 ], [ 4805834.156049009412527, 5520046.25526709202677 ], [ 4787517.077197162434459, 5529249.139924637041986 ], [ 4596397.804459074512124, 5466426.164895243011415 ], [ 4716547.587819478474557, 5066247.571820144541562 ], [ 4674794.768412151373923, 5060862.755658887326717 ], [ 4592219.247079116292298, 5147139.37746739666909 ], [ 4527117.158072511665523, 5177818.46568307466805 ], [ 4438215.806985119357705, 5155038.624943749047816 ], [ 4410830.831468340940773, 5118525.01919581182301 ], [ 4399055.972942910157144, 5145294.828567609190941 ], [ 4407462.445278246887028, 5190913.174748569726944 ], [ 4381261.137317297980189, 5228918.819509592838585 ], [ 4274669.368978748098016, 5265964.317767130210996 ], [ 4210983.516956928186119, 5363054.166425700299442 ], [ 4157931.05591250769794, 5390253.756672728806734 ], [ 4145633.078367649577558, 5425185.583171669393778 ], [ 4228644.335560905747116, 5415014.012520837597549 ], [ 4209805.679514045827091, 5493064.470848990604281 ], [ 4274564.812665202654898, 5510322.122305317781866 ], [ 4350824.156397889368236, 5494452.179680925793946 ], [ 4334630.3094966057688, 5597681.648442024365067 ], [ 4300275.764640438370407, 5662563.24045683350414 ], [ 4220677.009897596202791, 5657503.673049774952233 ], [ 4144121.857316036242992, 5683006.731194413267076 ], [ 4063771.287882656790316, 5637011.293240298517048 ], [ 3994223.858418246731162, 5615003.199288202449679 ], [ 3948157.673382087610662, 5631982.330449017696083 ], [ 3941165.272865367587656, 5685815.838185884989798 ], [ 3869837.022908911108971, 5755259.842063364572823 ], [ 3810902.67611748399213, 5752368.330617970786989 ], [ 3722949.824718655552715, 5822356.355302135460079 ], [ 3746767.968616306781769, 5899905.483867146074772 ], [ 3717458.900928167626262, 5920656.695505434647202 ], [ 3747425.781110283453017, 6031546.673287170939147 ], [ 3846599.179541044402868, 5973202.291523254476488 ], [ 3833546.23877619067207, 6046610.94235481787473 ], [ 3959965.45917420880869, 6154657.953259368427098 ], [ 4080920.200734154786915, 6157211.014796329662204 ], [ 4277560.802962093614042, 6088627.144703724421561 ], [ 4385089.69457905460149, 6048269.667716654017568 ], [ 4453025.727354184724391, 6090349.369905800558627 ], [ 4576597.134346950799227, 6092347.66755953617394 ], [ 4696971.868793812580407, 6040637.337152568623424 ], [ 4708313.442759903147817, 6070292.178317212499678 ], [ 4820379.292255290783942, 6065989.762760449200869 ], [ 4821051.406774004921317, 6113107.053980252705514 ], [ 4667075.271597385406494, 6181009.358239295892417 ], [ 4722081.744878012686968, 6228721.927317943423986 ], [ 4696532.552462676540017, 6255266.384736756794155 ], [ 4760024.27041255030781, 6280505.288212715648115 ], [ 4676197.704302152618766, 6346549.04050690960139 ], [ 4697146.455245476216078, 6379205.396930760703981 ], [ 4967792.572027983143926, 6412334.165375267155468 ], [ 4993926.724999711848795, 6435745.898081314750016 ], [ 5166958.504216111265123, 6470566.383981861174107 ], [ 5215359.430853080935776, 6509460.375265833921731 ], [ 5361595.272308574058115, 6489286.911030588671565 ], [ 5435941.058319501578808, 6391319.701183594763279 ], [ 5503691.487159312702715, 6414463.393301804549992 ], [ 5618639.970568240620196, 6382007.909333016723394 ], [ 5639454.368111426010728, 6329721.159120642580092 ], [ 5710256.191424599848688, 6335205.057912457734346 ], [ 5853346.194520286284387, 6425262.695167364552617 ], [ 5841858.578859490342438, 6395483.420620357617736 ], [ 5979976.143602756783366, 6321502.586088079027832 ], [ 6286408.962009539827704, 6072541.678137334994972 ], [ 6300718.353018268942833, 6124571.446719754487276 ], [ 6439263.830486946739256, 6067299.559283535927534 ], [ 6538230.137328759767115, 6092898.907334549352527 ], [ 6591362.796532411128283, 6074983.69050061609596 ], [ 6660755.829472279176116, 6017169.739444671198726 ], [ 6726562.226209033280611, 5997654.8335144771263 ], [ 6783471.841902744024992, 5954815.220456315204501 ], [ 6878189.340450339019299, 5968345.746492810547352 ], [ 6954255.158939061686397, 5906314.517768171615899 ] ] ] } },
{ "type": "Feature", "properties": { "pop_est": 29748859, "continent": "Asia", "name": "Uzbekistan", "iso_a3": "UZB", "gdp_md_est": 202300.0, "lon_c": 5353028.4647763325, "lat_c": 5063914.597297322 }, "geometry": { "type": "Polygon", "coordinates": [ [ [ 4716547.587819478474557, 5066247.571820144541562 ], [ 4596397.804459074512124, 5466426.164895243011415 ], [ 4787517.077197162434459, 5529249.139924637041986 ], [ 4805834.156049009412527, 5520046.25526709202677 ], [ 4958177.604993956163526, 5443815.966767998412251 ], [ 5039002.576843776740134, 5403325.428829550743103 ], [ 5150006.157088104635477, 5306227.934158217161894 ], [ 5242119.061792567372322, 5321969.548126543872058 ], [ 5381504.500909125432372, 5330394.294073232449591 ], [ 5508249.482648223638535, 5251264.055102405138314 ], [ 5539049.571314411237836, 5141729.618621706031263 ], [ 5580185.712096405215561, 5140961.461582640185952 ], [ 5627211.556596661917865, 5050765.833369888365269 ], [ 5735684.776620509102941, 5047179.488900801166892 ], [ 5776269.132705808617175, 4994721.770409004762769 ], [ 5807563.661055716685951, 4995427.102259442210197 ], [ 5817816.214216112159193, 5074588.412448223680258 ], [ 5901923.29804992955178, 5151232.66537023615092 ], [ 5942714.097125058062375, 5171477.876141206361353 ], [ 5971479.139934454113245, 5160700.070092553272843 ], [ 5926300.660629538819194, 5089551.719205445609987 ], [ 6002999.969920729286969, 5048019.057154659181833 ], [ 6053329.875481483526528, 5075543.013503308407962 ], [ 6174059.555914214812219, 5017307.991757637821138 ], [ 6093517.723194092512131, 4937283.94189172424376 ], [ 6025217.653075817041099, 4948259.510595655068755 ], [ 5991165.098597228527069, 4945381.913654798641801 ], [ 5968556.735114233568311, 4976306.762072234414518 ], [ 5968581.621221529319882, 5027737.087136675603688 ], [ 5864338.532220932655036, 5001988.319865160621703 ], [ 5861111.399119341745973, 4930630.364639360457659 ], [ 5840719.535556797869503, 4868862.940843064337969 ], [ 5767892.772678504697978, 4874129.030740467831492 ], [ 5761302.704596157185733, 4824741.189127844758332 ], [ 5832408.157599943690002, 4797908.949136380106211 ], [ 5876940.535866338759661, 4713857.663860649801791 ], [ 5863032.22808279003948, 4598846.50367452763021 ], [ 5790814.493462488055229, 4622913.523855661973357 ], [ 5742492.509715526364744, 4623669.801166730932891 ], [ 5724463.458100616000593, 4693199.884116426110268 ], [ 5595874.503739986568689, 4741645.020645449869335 ], [ 5490017.712165063247085, 4796879.29270731844008 ], [ 5418699.493820528499782, 4849787.147556824609637 ], [ 5298471.195615828968585, 4927031.465089173056185 ], [ 5222505.200714245438576, 5041526.686711320653558 ], [ 5188116.981898875907063, 5061581.622774499468505 ], [ 5098490.3180294893682, 5056497.339411697350442 ], [ 5059519.171630079858005, 5079098.628082022070885 ], [ 5024140.864262754097581, 5166763.403275781311095 ], [ 4893953.213616089895368, 5224480.17236509360373 ], [ 4842382.876575595699251, 5161011.373668710701168 ], [ 4781643.410630258731544, 5123218.23285121563822 ], [ 4811197.759389916434884, 5067755.940402386710048 ], [ 4716547.587819478474557, 5066247.571820144541562 ] ] ] } },
{ "type": "Feature", "properties": { "pop_est": 6909701, "continent": "Oceania", "name": "Papua New Guinea", "iso_a3": "PNG", "gdp_md_est": 28020.0, "lon_c": 13771587.810402779, "lat_c": -855765.53252257314 }, "geometry": { "type": "MultiPolygon", "coordinates": [ [ [ [ 14795497.960947370156646, -685624.25683855288662 ], [ 14821810.832179021090269, -714700.155027044122107 ], [ 14860145.617506546899676, -795928.456496733590029 ], [ 14900603.44950820505619, -839396.874692249810323 ], [ 14883215.087269825860858, -875248.706785090034828 ], [ 14855002.67831932194531, -888050.40968969615642 ], [ 14819198.050718892365694, -838874.042657912592404 ], [ 14785820.271213093772531, -757512.052400731714442 ], [ 14774236.653968239203095, -659869.462338822428137 ], [ 14788520.104495503008366, -647470.981891547562554 ], [ 14795497.960947370156646, -685624.25683855288662 ] ] ], [ [ [ 14608756.926360834389925, -470102.116777902643662 ], [ 14642539.88535987213254, -511176.508006450370885 ], [ 14649364.543375860899687, -577894.302264575846493 ], [ 14616842.153772454708815, -612072.967420196044259 ], [ 14604365.344281304627657, -536342.522922560223378 ], [ 14585344.938385933637619, -486756.969335687637795 ], [ 14544506.269543252885342, -444696.347793532477226 ], [ 14492945.488759627565742, -389922.49350724183023 ], [ 14425568.861032631248236, -352179.469974732026458 ], [ 14453498.222370386123657, -321168.04084919259185 ], [ 14503661.954634331166744, -357123.231265153270215 ], [ 14534885.471286114305258, -385370.766802012338303 ], [ 14573518.007246118038893, -416189.645640143018682 ], [ 14608756.926360834389925, -470102.116777902643662 ] ] ], [ [ [ 14458998.762190090492368, -749810.286805410985835 ], [ 14403715.139350542798638, -780952.49559461849276 ], [ 14351668.185138504952192, -810929.232398312189616 ], [ 14300938.704799244180322, -810770.362780445604585 ], [ 14226302.495658146217465, -773556.60077797959093 ], [ 14175093.11964169703424, -737816.431042110314593 ], [ 14186559.717813542112708, -698158.902121243532747 ], [ 14270611.220497380942106, -716872.840588622959331 ], [ 14323807.669792838394642, -706843.780857361154631 ], [ 14343439.922946950420737, -645376.865679565118626 ], [ 14357419.949664598330855, -642202.506530984886922 ], [ 14360910.764916591346264, -710268.574209745042026 ], [ 14416323.29968623444438, -700477.567789095686749 ], [ 14447072.321785246953368, -656609.23629469552543 ], [ 14504133.132628465071321, -610873.244693925138563 ], [ 14499113.094103686511517, -535274.93668046197854 ], [ 14556584.72738117352128, -532834.718347635818645 ], [ 14574446.349038790911436, -553900.511645928374492 ], [ 14567172.614494863897562, -625057.285340218571946 ], [ 14528423.052506251260638, -703326.166241536382586 ], [ 14477413.468501599505544, -713865.517470772494562 ], [ 14458998.762190090492368, -749810.286805410985835 ] ] ], [ [ [ 13501203.636873805895448, -334029.55203541618539 ], [ 13663338.666000301018357, -422498.9461724255234 ], [ 13836222.235543701797724, -495956.070008231967222 ], [ 13897945.142655722796917, -561697.663790178950876 ], [ 13946511.943472502753139, -626190.632979303481989 ], [ 13954921.541419493034482, -701729.63270021986682 ], [ 14106920.387684274464846, -780939.25352324580308 ], [ 14123267.823748644441366, -848873.660169000388123 ], [ 14033934.775257533416152, -862657.404876145883463 ], [ 14045486.099476801231503, -947951.921023940085433 ], [ 14120333.930080587044358, -1031867.15770707547199 ], [ 14163610.057111345231533, -1167369.031872274819762 ], [ 14218771.48866032063961, -1163126.601882624207065 ], [ 14206471.388723455369473, -1219667.022227628855035 ], [ 14276582.435998070985079, -1241344.804300006711856 ], [ 14244236.467455694451928, -1265402.786501860246062 ], [ 14336523.185190172865987, -1319043.382349266437814 ], [ 14319701.238837108016014, -1355870.054729574127123 ], [ 14255244.843331934884191, -1364756.425064203329384 ], [ 14237492.007590532302856, -1331733.50629714759998 ], [ 14158206.948450176045299, -1317416.634880487108603 ], [ 14065304.799705868586898, -1298235.655252598924562 ], [ 14004058.664520725607872, -1216864.599938486237079 ], [ 13960281.707062773406506, -1146669.654490194981918 ], [ 13925801.955659119412303, -1034846.858576696831733 ], [ 13808288.19483064301312, -978925.3839449059451 ], [ 13723077.893462488427758, -1015401.280549044953659 ], [ 13659563.013278355821967, -1057611.286474596709013 ], [ 13659154.85299738496542, -1151843.286632539471611 ], [ 13578154.625128388404846, -1195728.145147281000391 ], [ 13527854.060240993276238, -1174382.132057596929371 ], [ 13430098.068105040118098, -1169058.03131456580013 ], [ 13475976.176030430942774, -752154.634373907349072 ], [ 13501203.636873805895448, -334029.55203541618539 ] ] ] ] } },
{ "type": "Feature", "properties": { "pop_est": 260580739, "continent": "Asia", "name": "Indonesia", "iso_a3": "IDN", "gdp_md_est": 3028000.0, "lon_c": 10851029.766453139, "lat_c": -22936.906099035259 }, "geometry": { "type": "MultiPolygon", "coordinates": [ [ [ [ 13501203.636873805895448, -334029.55203541618539 ], [ 13475976.176030430942774, -752154.634373907349072 ], [ 13430098.068105040118098, -1169058.03131456580013 ], [ 13359116.762711165472865, -1064216.371978820534423 ], [ 13265464.044401505962014, -1038506.949572634184733 ], [ 13237484.895981915295124, -1074922.28773974836804 ], [ 13116230.557081673294306, -1078851.683153321966529 ], [ 13169106.363604728132486, -974800.49795396020636 ], [ 13233126.008320378139615, -939276.491056793485768 ], [ 13222321.309443136677146, -800052.844591923290864 ], [ 13185750.640164660289884, -692468.086428923998028 ], [ 13008325.987136159092188, -583867.413043452426791 ], [ 12930145.197906505316496, -573140.868744030129164 ], [ 12793312.191788546741009, -454553.844509162125178 ], [ 12761674.802418494597077, -516926.167611005541403 ], [ 12724295.865341672673821, -528239.336193185648881 ], [ 12705216.38280631788075, -481178.957870292360894 ], [ 12707726.127652386203408, -425404.754807148710825 ], [ 12637340.449025480076671, -362332.342108741111588 ], [ 12742209.353054707869887, -316084.355628376593813 ], [ 12810413.93616989068687, -318579.75108991342131 ], [ 12803537.716569630429149, -284505.461854036606383 ], [ 12663360.077067367732525, -284246.607238326221704 ], [ 12627498.496047075837851, -207771.287521371123148 ], [ 12542438.129162579774857, -184051.576329796545906 ], [ 12502951.20090770162642, -120482.627766753575997 ], [ 12632439.563851617276669, -89356.954503567176289 ], [ 12681860.168864270672202, -47480.826075098004367 ], [ 12835221.639470607042313, -100245.733638357720338 ], [ 12849674.708512302488089, -147995.560609068692429 ], [ 12870537.226881202310324, -355736.331827271380462 ], [ 12966196.398744825273752, -432589.522084051626734 ], [ 13051857.837091535329819, -296386.032944109931123 ], [ 13164036.369923684746027, -218864.022310542175546 ], [ 13249186.248460540547967, -218757.809371659503086 ], [ 13329838.317901764065027, -263537.681818487413693 ], [ 13399335.329287931323051, -309487.398526811448392 ], [ 13501203.636873805895448, -334029.55203541618539 ] ] ], [ [ [ 12813247.348566770553589, -884881.535180591745302 ], [ 12813035.383342243731022, -788473.785340021597221 ], [ 12833972.007083451375365, -742419.381264624651521 ], [ 12857497.070591283962131, -699092.997350964811631 ], [ 12876190.849325232207775, -736591.160748792812228 ], [ 12870664.507248913869262, -797689.446661990485154 ], [ 12813247.348566770553589, -884881.535180591745302 ] ] ], [ [ [ 12386695.701746633276343, -359970.004932766081765 ], [ 12490499.713608015328646, -397413.43756627140101 ], [ 12520494.670532088726759, -495578.032382272824179 ], [ 12442401.421618569642305, -442673.05680059408769 ], [ 12362956.697835188359022, -431932.751330026076175 ], [ 12308517.292954655364156, -440410.931285668048076 ], [ 12242512.272344576194882, -435886.617813652439509 ], [ 12268231.297053376212716, -365298.508657952421345 ], [ 12386695.701746633276343, -359970.004932766081765 ] ] ], [ [ [ 12251713.880420939996839, 279374.87806405936135 ], [ 12260424.058324471116066, 209231.825196725316346 ], [ 12317220.686468735337257, 197962.962603856809437 ], [ 12327165.081603232771158, 145492.694129080831772 ], [ 12323235.592376189306378, 33212.138026884371357 ], [ 12273770.695385092869401, 45794.420248720285599 ], [ 12259252.411250142380595, -32388.72992393388995 ], [ 12298235.146737109869719, -100219.175768992601661 ], [ 12271235.645394179970026, -115635.903637254668865 ], [ 12233230.53386946208775, -34254.497129270741425 ], [ 12203941.398600358515978, 129990.177552669396391 ], [ 12221210.222783215343952, 232631.757648913306184 ], [ 12251713.880420939996839, 279374.87806405936135 ] ] ], [ [ [ 12141995.34728867188096, -486916.149539129575714 ], [ 12077038.398768432438374, -463349.623978909745347 ], [ 12060936.059445125982165, -408135.279411527677439 ], [ 12158043.544858461245894, -401978.234416372957639 ], [ 12179929.921098276972771, -444311.592112383106723 ], [ 12141995.34728867188096, -486916.149539129575714 ] ] ], [ [ [ 11775782.524452831596136, 112449.082908701471752 ], [ 11885877.550389068201184, 117833.611123158902046 ], [ 11978960.53585758805275, 211123.775501103984425 ], [ 11996267.458634234964848, 182421.844078936381266 ], [ 11920882.312034232541919, 54977.121206355623144 ], [ 11848995.82666065171361, 30270.731399970212806 ], [ 11756685.875024890527129, 55395.421153623639839 ], [ 11597085.185581807047129, 48981.479209454009833 ], [ 11513465.301320750266314, 30483.203294239068782 ], [ 11499664.080971866846085, -66769.079298573109554 ], [ 11583973.994643131271005, -181017.665467247803463 ], [ 11636589.162144074216485, -122826.308354515989777 ], [ 11815675.103011317551136, -79105.477799873551703 ], [ 11807140.464910367503762, -138275.848861227481393 ], [ 11765652.889637961983681, -119612.875054377829656 ], [ 11722848.165211901068687, -194885.894482756615616 ], [ 11637420.731593422591686, -244679.702375486842357 ], [ 11722534.6428208258003, -409263.170919730444439 ], [ 11703099.590872332453728, -453353.188595287967473 ], [ 11781090.313909120857716, -601460.773556095664389 ], [ 11774665.818745244294405, -685703.760934395249933 ], [ 11720900.132803039625287, -723390.708059839089401 ], [ 11686660.486285541206598, -678309.708332293201238 ], [ 11739616.789325209334493, -573299.981437420938164 ], [ 11642708.786801097914577, -622962.892326594563201 ], [ 11621105.349691377952695, -587460.467775756609626 ], [ 11636353.55405830591917, -537927.314411515370011 ], [ 11571183.94193309545517, -462673.037255361792631 ], [ 11583358.077896505594254, -337560.074483439617325 ], [ 11518093.534126138314605, -376592.22904985724017 ], [ 11519378.799805840477347, -526263.223727274336852 ], [ 11511820.22186016663909, -709758.503504408756271 ], [ 11449855.840439973399043, -728365.026512075681239 ], [ 11411465.354784570634365, -690738.938079340849072 ], [ 11446355.278091672807932, -572690.048715621116571 ], [ 11437882.982561072334647, -448849.016790262481663 ], [ 11397677.915907902643085, -447900.410191658709664 ], [ 11371484.578813202679157, -359950.097517957387026 ], [ 11413715.04835245385766, -275843.693567520298529 ], [ 11429644.817543284967542, -173854.388691839267267 ], [ 11479283.754326352849603, 19819.756299134714936 ], [ 11499126.86624887958169, 72784.66035327440477 ], [ 11579398.857734747231007, 168211.421527067694115 ], [ 11654789.346761498600245, 130275.665578780550277 ], [ 11775782.524452831596136, 112449.082908701471752 ] ] ], [ [ [ 11903768.318226037546992, -1140314.401928023668006 ], [ 11910363.357236759737134, -1165495.261367005994543 ], [ 11907292.898827344179153, -1204196.527579609537497 ], [ 11832663.600800480693579, -1299454.362591095268726 ], [ 11747429.204147839918733, -1327492.714832869824022 ], [ 11738125.459435677155852, -1312200.282408961094916 ], [ 11752513.739690506830812, -1268856.024005038896576 ], [ 11803419.640798134729266, -1191031.932611905038357 ], [ 11903768.318226037546992, -1140314.401928023668006 ] ] ], [ [ [ 11563472.913642555475235, -1094831.806156854145229 ], [ 11628000.140356387943029, -1085105.372510077664629 ], [ 11718551.571492437273264, -1038275.720246653188951 ], [ 11696702.914870746433735, -1109277.688203652156517 ], [ 11549367.469168495386839, -1145534.584210328757763 ], [ 11424485.066375752910972, -1129793.95558798732236 ], [ 11429371.199392795562744, -1083091.292140156263486 ], [ 11507948.062523579224944, -1056521.405632821843028 ], [ 11563472.913642555475235, -1094831.806156854145229 ] ] ], [ [ [ 11436894.2388482298702, -1314577.980121521977708 ], [ 11322095.643197705969214, -1225225.44118345156312 ], [ 11413915.727849232032895, -1200133.915935410186648 ], [ 11459125.098442720249295, -1238997.961079409811646 ], [ 11487440.752780059352517, -1277738.883956000208855 ], [ 11477206.833293851464987, -1312147.590249177301303 ], [ 11436894.2388482298702, -1314577.980121521977708 ] ] ], [ [ [ 11279134.678776757791638, 531392.535900250892155 ], [ 11230104.311715416610241, 415473.202313825138845 ], [ 11304735.723397679626942, 293900.516586899117101 ], [ 11289738.533229529857635, 234809.055096933239838 ], [ 11399192.222250966355205, 115921.476400864616153 ], [ 11285848.713600493967533, 100763.692051185891614 ], [ 11254389.603316938504577, 13166.710259932613553 ], [ 11258022.316897144541144, -103266.686979925856576 ], [ 11164644.230940628796816, -191135.066210098273586 ], [ 11158946.543591691181064, -319050.954031480709091 ], [ 11114043.503846533596516, -515374.371889389643911 ], [ 11102140.882387183606625, -469724.035462350118905 ], [ 10990641.168540077283978, -527470.113474094541743 ], [ 10956409.603556534275413, -449014.856721149408258 ], [ 10888474.47136384434998, -441757.595034376659896 ], [ 10842385.411934804171324, -400624.727109182451386 ], [ 10726735.866910547018051, -446792.59217127750162 ], [ 10694231.701720077544451, -384660.796922276029363 ], [ 10631263.724954135715961, -391720.604079906886909 ], [ 10552865.503326890990138, -376904.094056405476294 ], [ 10542841.463844256475568, -204651.205353575496702 ], [ 10495659.053012056276202, -168941.620964977249969 ], [ 10450817.584967901930213, -59040.522458003135398 ], [ 10437509.955415917560458, 53370.317415326957416 ], [ 10447441.713766347616911, 172413.836796848598169 ], [ 10502665.785289935767651, 257779.562454815400997 ], [ 10520352.265415266156197, 171925.880054281005869 ], [ 10586765.591838482767344, 99336.206333333058865 ], [ 10648287.966388510540128, 125462.191748087498127 ], [ 10709547.993239428848028, 116206.968987726853811 ], [ 10764458.990529496222734, 181173.756660457060207 ], [ 10810195.144362237304449, 192436.321412349847378 ], [ 10901409.133721925318241, 156433.892703604011331 ], [ 10979079.155869210138917, 183815.981179420661647 ], [ 11023483.844734631478786, 362451.865673942957073 ], [ 11058687.439410693943501, 407103.666242826497182 ], [ 11085049.413193304091692, 553078.424664288177155 ], [ 11195046.125696443021297, 553018.751120769884437 ], [ 11279134.678776757791638, 531392.535900250892155 ] ] ], [ [ [ 11272261.383893094956875, -1072551.366942406399176 ], [ 11332267.187000719830394, -1062109.396951547358185 ], [ 11349980.217560762539506, -1116433.800904288887978 ], [ 11236953.493223067373037, -1142083.093264125520363 ], [ 11169026.722377428784966, -1159227.086962193716317 ], [ 11117944.732351025566459, -1158210.942385819042102 ], [ 11158797.58936982229352, -1084662.93872744217515 ], [ 11211160.417472431436181, -1083659.200954215601087 ], [ 11241459.23953459225595, -1038460.703749139793217 ], [ 11272261.383893094956875, -1072551.366942406399176 ] ] ], [ [ [ 10362123.636657895520329, -824280.214302573469467 ], [ 10371654.910280341282487, -869829.906937867286615 ], [ 10553537.410712601616979, -882592.484404039336368 ], [ 10578777.903222156688571, -829813.488187677226961 ], [ 10750962.434910727664828, -891384.58435874118004 ], [ 10778362.238368066027761, -974331.150107126799412 ], [ 10919267.734958067536354, -997650.658510509529151 ], [ 11028605.143622012808919, -1073627.864474708680063 ], [ 10914694.105318764224648, -1122308.804941524285823 ], [ 10815307.320509009063244, -1070834.230141409905627 ], [ 10728684.547248659655452, -1074314.703416084405035 ], [ 10630733.969011835753918, -1064850.437283162027597 ], [ 10543767.890491675585508, -1041902.657291806302965 ], [ 10437886.07772414945066, -993063.828883435693569 ], [ 10369013.992295080795884, -980392.853863616939634 ], [ 10327900.085344193503261, -996388.308558034827001 ], [ 10158525.476423803716898, -943713.474631312536076 ], [ 10146473.601829892024398, -888678.882217751117423 ], [ 10059842.551178768277168, -879271.29927842260804 ], [ 10134268.266733987256885, -756882.947023435961455 ], [ 10249698.661408608779311, -764451.892300795065239 ], [ 10323234.115542659536004, -814516.987053416552953 ], [ 10362123.636657895520329, -824280.214302573469467 ] ] ], [ [ [ 9997772.968907751142979, -139384.59272012123256 ], [ 10012565.359949927777052, -228993.975028108572587 ], [ 10044267.784718211740255, -300673.563978950958699 ], [ 10114270.364918697625399, -312029.299290042952634 ], [ 10158308.637983338907361, -393306.381917835795321 ], [ 10127566.86620375700295, -552945.736783602274954 ], [ 10112281.951188920065761, -751300.342675631516613 ], [ 10006290.153573973104358, -753982.404095271602273 ], [ 9932350.54709997959435, -646814.91666983847972 ], [ 9814930.436974352225661, -542005.276710742851719 ], [ 9777322.073907999321818, -464218.570714616042096 ], [ 9708521.927879514172673, -359664.757760873588268 ], [ 9663507.036885311827064, -263404.928842793800868 ], [ 9593286.40925326384604, -83560.630853452501469 ], [ 9509420.704391472041607, 23531.382434242499585 ], [ 9480561.003576707094908, 133993.640152204985498 ], [ 9443722.296548265963793, 234278.007882635400165 ], [ 9355537.982873197644949, 315155.294425395433791 ], [ 9302180.72680445946753, 425020.049293624761049 ], [ 9227430.776398867368698, 496911.189510508789681 ], [ 9121191.249750409275293, 638282.600809030234814 ], [ 9109290.724337223917246, 703551.48190917877946 ], [ 9171128.100467924028635, 698384.225374891771935 ], [ 9320500.942012596875429, 673615.445865868707187 ], [ 9411366.710281424224377, 548178.50309812487103 ], [ 9489007.740644047036767, 461164.05649265809916 ], [ 9543723.935144852846861, 407757.182981099467725 ], [ 9638362.546958088874817, 269714.046311541169416 ], [ 9735765.680165015161037, 267699.545819730032235 ], [ 9817925.921815272420645, 179706.586738985788543 ], [ 9874513.492978883907199, 72127.338546513725305 ], [ 9947686.884296985343099, 13432.301041218179307 ], [ 9908940.728630639612675, -91474.962861885418533 ], [ 9963403.818127986043692, -136091.552491623879177 ], [ 9997772.968907751142979, -139384.59272012123256 ] ] ] ] } },
{ "type": "Feature", "properties": { "pop_est": 44293293, "continent": "South America", "name": "Argentina", "iso_a3": "ARG", "gdp_md_est": 879400.0, "lon_c": -5545216.3047058498, "lat_c": -4491715.164457106 }, "geometry": { "type": "MultiPolygon", "coordinates": [ [ [ [ -5161225.255175179801881, -3790114.624444813933223 ], [ -5164480.780596532858908, -3885266.915748249739408 ], [ -5162982.994261521846056, -4006864.903380647767335 ], [ -5136792.0197723954916, -4123994.697465660516173 ], [ -5150183.070147472433746, -4150077.056249373592436 ], [ -5140010.607771914452314, -4225589.31629628688097 ], [ -5132045.106370853260159, -4286360.607195327989757 ], [ -4997794.194144343025982, -4385624.817123577930033 ], [ -4990893.049355397932231, -4465101.722157725133002 ], [ -4924583.575185365974903, -4515143.082972669973969 ], [ -4915436.160388235934079, -4571055.155603137798607 ], [ -4961609.741879564709961, -4716896.625338233076036 ], [ -5072773.4706453057006, -4777482.370318121276796 ], [ -5237968.191056812182069, -4800933.432170890271664 ], [ -5335168.700113375671208, -4789593.90177760925144 ], [ -5297953.248641654849052, -4856610.083075578324497 ], [ -5290829.530557489022613, -4940263.96063086297363 ], [ -5258413.641905224882066, -4996338.74764315225184 ], [ -5297252.203349540010095, -5035322.542106424458325 ], [ -5378985.459367181174457, -5050583.04497953876853 ], [ -5472850.634242516942322, -5010287.555407697334886 ], [ -5496270.953301302157342, -5039255.088272486813366 ], [ -5449114.617443243972957, -5148677.638616611249745 ], [ -5381741.079569419845939, -5181635.854329670779407 ], [ -5347091.480337975546718, -5147108.143915483728051 ], [ -5303755.710404107347131, -5203934.404644089750946 ], [ -5369487.168772799894214, -5237765.753947578370571 ], [ -5413478.580030892975628, -5305243.818687041290104 ], [ -5387806.773456287570298, -5413568.786813464947045 ], [ -5386762.734293615445495, -5470789.252148143015802 ], [ -5464266.674526591785252, -5471092.182125587947667 ], [ -5508284.292155728675425, -5525548.634508272632957 ], [ -5501438.701684329658747, -5604745.76725004054606 ], [ -5391807.660153893753886, -5681464.269891202449799 ], [ -5306287.528932518325746, -5702545.320106934756041 ], [ -5297544.170542100444436, -5795504.568079682067037 ], [ -5368676.088449615053833, -5853462.347901373170316 ], [ -5370186.09044095966965, -5972688.265762484632432 ], [ -5425035.73782467469573, -6012430.421096945181489 ], [ -5436441.207485212013125, -6059344.485305936075747 ], [ -5364288.079220266081393, -6162380.679885288700461 ], [ -5286291.381805022247136, -6219191.372385408729315 ], [ -5321293.068343706429005, -6214249.393982861191034 ], [ -5400440.622954152524471, -6198906.36768380459398 ], [ -5594580.681425018236041, -6185784.059152027592063 ], [ -5654613.756255887448788, -6128296.030807240866125 ], [ -5688418.649414994753897, -6053799.014016742818058 ], [ -5737741.64515483379364, -6060237.380327082239091 ], [ -5782658.589441363699734, -6023933.663498148322105 ], [ -5839388.767461054027081, -5916838.292615656740963 ], [ -5798577.363221007399261, -5872008.426280782558024 ], [ -5802032.937726666219532, -5806934.950219253078103 ], [ -5834098.473678691312671, -5754717.526365651749074 ], [ -5829075.798990157432854, -5665891.523810490965843 ], [ -5856461.766016353853047, -5526485.51111647952348 ], [ -5890100.379548933357, -5464061.972809757106006 ], [ -5862132.039771961048245, -5443837.987635208293796 ], [ -5886613.585172580555081, -5403508.265703507699072 ], [ -5933233.364591502584517, -5381998.934407523833215 ], [ -5923279.895721351727843, -5336819.492982148192823 ], [ -5976278.685853756032884, -5295846.377222904004157 ], [ -6042536.227827685885131, -5170244.924506891518831 ], [ -6016963.63275836315006, -5147952.409616097807884 ], [ -6079050.085651010274887, -5013574.884810075163841 ], [ -6098335.616700426675379, -4899597.874050538055599 ], [ -6108839.720349546521902, -4799537.563571143895388 ], [ -6070830.236260436475277, -4758619.535921019501984 ], [ -6132016.266215967945755, -4648027.38171003293246 ], [ -6164600.637292827479541, -4543212.176818445324898 ], [ -6121249.638815707527101, -4468287.245941542088985 ], [ -6151234.78231181204319, -4371944.064815519377589 ], [ -6132993.147270788438618, -4258689.274708707816899 ], [ -6161813.58582878112793, -4151329.417174725793302 ], [ -6190429.125543260015547, -4129931.144124559126794 ], [ -6283884.00419657304883, -3926566.358199257869273 ], [ -6258904.459577250294387, -3804414.716440094169229 ], [ -6294691.028931217268109, -3688791.360889406409115 ], [ -6287301.492948964238167, -3579755.797812583390623 ], [ -6252714.633958467282355, -3466702.969376177061349 ], [ -6204430.998328018933535, -3391463.779774457681924 ], [ -6241368.098718930967152, -3343871.935869563370943 ], [ -6230240.581953483633697, -3304770.823185741901398 ], [ -6272406.003582006320357, -3101453.483872544020414 ], [ -6183519.531974601559341, -3040998.93422128399834 ], [ -6174284.171223508194089, -2913269.538643569685519 ], [ -6190715.591010463424027, -2882405.084637205116451 ], [ -6132045.5730753056705, -2770794.857643583789468 ], [ -6006238.471667429432273, -2800913.738393610343337 ], [ -5937657.669888427481055, -2890069.806983534712344 ], [ -5917395.838550798594952, -2790749.281570121645927 ], [ -5811155.773702225647867, -2795860.640411440748721 ], [ -5792176.856297534890473, -2822312.335112107452005 ], [ -5591085.793341307900846, -3023254.417300037108362 ], [ -5512980.25989449582994, -3041918.22139911307022 ], [ -5386344.589421576820314, -3132402.579077547416091 ], [ -5284344.660722997970879, -3180171.715366533957422 ], [ -5262441.216446408070624, -3234008.592456830665469 ], [ -5320456.11838080920279, -3418636.337007073219866 ], [ -5223134.432020253501832, -3451559.149115236941725 ], [ -5118104.820069360546768, -3469999.060624022502452 ], [ -5049777.872157520614564, -3450584.638909844215959 ], [ -4982905.96625682618469, -3357812.446500921156257 ], [ -4985168.534426791593432, -3250529.761733579449356 ], [ -4943585.530034346506, -3227180.673416055273265 ], [ -4886904.289427391253412, -3297457.778446780517697 ], [ -4873343.128553601913154, -3394387.666516033466905 ], [ -4938752.679978177882731, -3461089.884218002203852 ], [ -4991199.014641810208559, -3510241.332257271744311 ], [ -5072341.461394461803138, -3627044.24520911835134 ], [ -5161225.255175179801881, -3790114.624444813933223 ] ] ], [ [ [ -5310744.937375593930483, -6247130.18225256446749 ], [ -5259848.535842357203364, -6292122.523098135367036 ], [ -5187024.258015555329621, -6364273.615649393759668 ], [ -5060356.116135851480067, -6421421.519084736704826 ], [ -4942614.843370456248522, -6445080.277869914658368 ], [ -4954298.356111849658191, -6492124.156252451241016 ], [ -5023863.834745241329074, -6496808.30671208538115 ], [ -5078692.83885108679533, -6463641.437295635230839 ], [ -5125635.500171588733792, -6461117.256956982426345 ], [ -5206904.295834461227059, -6461069.211987809278071 ], [ -5310744.937375593930483, -6247130.18225256446749 ] ] ] ] } },
{ "type": "Feature", "properties": { "pop_est": 17789267, "continent": "South America", "name": "Chile", "iso_a3": "CHL", "gdp_md_est": 436100.0, "lon_c": -5338617.5652869437, "lat_c": -6380126.4023098219 }, "geometry": { "type": "MultiPolygon", "coordinates": [ [ [ [ -5310744.937375593930483, -6247130.18225256446749 ], [ -5206904.295834461227059, -6461069.211987809278071 ], [ -5125635.500171588733792, -6461117.256956982426345 ], [ -5078692.83885108679533, -6463641.437295635230839 ], [ -5085070.137939693406224, -6501604.782203263603151 ], [ -5135245.877779928967357, -6530594.906326120719314 ], [ -5173783.482417370192707, -6527632.229593489319086 ], [ -5222292.194851238280535, -6520085.718095660209656 ], [ -5291575.709185369312763, -6491977.014030599035323 ], [ -5377885.639778139069676, -6478409.330265319906175 ], [ -5500871.90578662417829, -6425700.042265078984201 ], [ -5605459.069406112655997, -6374552.314689189195633 ], [ -5767183.887479150667787, -6266683.826033278368413 ], [ -5693114.471008676104248, -6287035.805188804864883 ], [ -5552256.678669854998589, -6351383.040617182850838 ], [ -5433263.776019339449704, -6385700.489930455572903 ], [ -5415787.394095689989626, -6341830.816581584513187 ], [ -5423285.068338475190103, -6275778.656776073388755 ], [ -5371269.351868278346956, -6235625.180515092797577 ], [ -5310744.937375593930483, -6247130.18225256446749 ] ] ], [ [ [ -6518739.472013601101935, -2240944.295798644889146 ], [ -6461280.626762795262039, -2326161.703541535418481 ], [ -6436112.392261076718569, -2416385.556407186202705 ], [ -6379542.904531092382967, -2469233.195979729760438 ], [ -6390798.744428046047688, -2589742.107232284266502 ], [ -6318974.57022590842098, -2728956.539469647686929 ], [ -6254386.702865140512586, -2899293.107002782635391 ], [ -6190715.591010463424027, -2882405.084637205116451 ], [ -6174284.171223508194089, -2913269.538643569685519 ], [ -6183519.531974601559341, -3040998.93422128399834 ], [ -6272406.003582006320357, -3101453.483872544020414 ], [ -6230240.581953483633697, -3304770.823185741901398 ], [ -6241368.098718930967152, -3343871.935869563370943 ], [ -6204430.998328018933535, -3391463.779774457681924 ], [ -6252714.633958467282355, -3466702.969376177061349 ], [ -6287301.492948964238167, -3579755.797812583390623 ], [ -6294691.028931217268109, -3688791.360889406409115 ], [ -6258904.459577250294387, -3804414.716440094169229 ], [ -6283884.00419657304883, -3926566.358199257869273 ], [ -6190429.125543260015547, -4129931.144124559126794 ], [ -6161813.58582878112793, -4151329.417174725793302 ], [ -6132993.147270788438618, -4258689.274708707816899 ], [ -6151234.78231181204319, -4371944.064815519377589 ], [ -6121249.638815707527101, -4468287.245941542088985 ], [ -6164600.637292827479541, -4543212.176818445324898 ], [ -6132016.266215967945755, -4648027.38171003293246 ], [ -6070830.236260436475277, -4758619.535921019501984 ], [ -6108839.720349546521902, -4799537.563571143895388 ], [ -6098335.616700426675379, -4899597.874050538055599 ], [ -6079050.085651010274887, -5013574.884810075163841 ], [ -6016963.63275836315006, -5147952.409616097807884 ], [ -6042536.227827685885131, -5170244.924506891518831 ], [ -5976278.685853756032884, -5295846.377222904004157 ], [ -5923279.895721351727843, -5336819.492982148192823 ], [ -5933233.364591502584517, -5381998.934407523833215 ], [ -5886613.585172580555081, -5403508.265703507699072 ], [ -5862132.039771961048245, -5443837.987635208293796 ], [ -5890100.379548933357, -5464061.972809757106006 ], [ -5856461.766016353853047, -5526485.51111647952348 ], [ -5829075.798990157432854, -5665891.523810490965843 ], [ -5834098.473678691312671, -5754717.526365651749074 ], [ -5802032.937726666219532, -5806934.950219253078103 ], [ -5798577.363221007399261, -5872008.426280782558024 ], [ -5839388.767461054027081, -5916838.292615656740963 ], [ -5782658.589441363699734, -6023933.663498148322105 ], [ -5737741.64515483379364, -6060237.380327082239091 ], [ -5688418.649414994753897, -6053799.014016742818058 ], [ -5654613.756255887448788, -6128296.030807240866125 ], [ -5594580.681425018236041, -6185784.059152027592063 ], [ -5400440.622954152524471, -6198906.36768380459398 ], [ -5321293.068343706429005, -6214249.393982861191034 ], [ -5390684.32900991756469, -6213516.394044579006732 ], [ -5416606.024839803576469, -6237539.335921999067068 ], [ -5469386.246042593382299, -6272672.455896048806608 ], [ -5437139.44176198169589, -6362671.068179473280907 ], [ -5468441.246460472233593, -6364891.140667982399464 ], [ -5570770.047658377327025, -6333721.079457971267402 ], [ -5693167.169696501456201, -6266448.802239755168557 ], [ -5693167.129875854589045, -6266448.880634187720716 ], [ -5817849.078000174835324, -6210659.499411582015455 ], [ -5873670.260056763887405, -6148401.43729842081666 ], [ -5880330.749743967317045, -6090334.018547363579273 ], [ -5952362.305330587550998, -6023892.184225737117231 ], [ -6044561.755274312570691, -5851048.654676984995604 ], [ -6055614.579616754315794, -5751961.193050897680223 ], [ -6005689.946843032725155, -5671578.381262123584747 ], [ -6142070.428804847411811, -5641063.341823919676244 ], [ -6104442.452351646497846, -5548010.080113041214645 ], [ -6149117.726262537762523, -5370803.244687522761524 ], [ -6042265.445783900097013, -5408595.086666605435312 ], [ -6084979.776713461615145, -5184296.908100401051342 ], [ -6151985.942868730053306, -5155202.775361026637256 ], [ -6126486.158467722125351, -5291211.95096768066287 ], [ -6184854.668052274733782, -5275946.606245082803071 ], [ -6217919.755739007145166, -5119788.572837020270526 ], [ -6262962.836102062836289, -4914570.531322455964983 ], [ -6250156.879609059542418, -4838054.209492654539645 ], [ -6311648.316565389744937, -4728099.707884916104376 ], [ -6360331.551257214508951, -4600134.361623806878924 ], [ -6325090.603363298811018, -4596426.490420360118151 ], [ -6328818.141145966947079, -4411123.110455815680325 ], [ -6321910.882483210414648, -4225547.135530944913626 ], [ -6332062.763895336538553, -4050972.945572067052126 ], [ -6398239.999769861809909, -3873885.096661554649472 ], [ -6395801.399652247317135, -3775737.462554272264242 ], [ -6441672.209998433478177, -3628086.174732069019228 ], [ -6422083.061387959867716, -3481095.225589420180768 ], [ -6455266.476453341543674, -3246469.638615931384265 ], [ -6475032.063120169565082, -2992338.685609166976064 ], [ -6494383.325464969500899, -2716440.049342323094606 ], [ -6533463.577113229781389, -2513042.055176584515721 ], [ -6578700.177950290963054, -2337156.907055875752121 ], [ -6535089.633558203466237, -2305198.27616904117167 ], [ -6518739.472013601101935, -2240944.295798644889146 ] ] ] ] } },
{ "type": "Feature", "properties": { "pop_est": 83301151, "continent": "Africa", "name": "Dem. Rep. Congo", "iso_a3": "COD", "gdp_md_est": 66010.0, "lon_c": 2142378.3610997079, "lat_c": -526486.2930024775 }, "geometry": { "type": "Polygon", "coordinates": [ [ [ 2806661.970310553908348, -577894.302264575846493 ], [ 2822019.792864789254963, -695879.951006337068975 ], [ 2811261.067525526043028, -762531.550925489515066 ], [ 2828898.735458932816982, -836835.639120138483122 ], [ 2882702.038682276848704, -908530.298308801953681 ], [ 2930128.975700398907065, -1069691.65728755784221 ], [ 2930128.431435503531247, -1069691.466970967361704 ], [ 2892932.761837014462799, -1056686.539851743262261 ], [ 2764324.316371922846884, -1078257.33085884177126 ], [ 2738375.29426625976339, -1093531.042685617692769 ], [ 2709000.510239930823445, -1175061.641554149566218 ], [ 2728675.618924302048981, -1231343.903725798940286 ], [ 2707032.133075892459601, -1382256.279590310528874 ], [ 2690840.909319465979934, -1509967.206840389408171 ], [ 2715629.71797150047496, -1532580.619993710424751 ], [ 2780002.869596644770354, -1582017.42056495253928 ], [ 2806915.932435552123934, -1558921.704851384740323 ], [ 2809235.4390361700207, -1695754.006817388813943 ], [ 2736887.998617672827095, -1694705.963470265967771 ], [ 2700839.865617413539439, -1624905.653539507184178 ], [ 2668013.456638731062412, -1570808.570114962290972 ], [ 2596039.842895448673517, -1553059.538705733604729 ], [ 2577098.56488984124735, -1486459.284740111324936 ], [ 2517743.138140358496457, -1526591.386566064320505 ], [ 2442400.248007768299431, -1508863.60290120029822 ], [ 2412541.689126294106245, -1451123.53170020878315 ], [ 2352631.355244176462293, -1439387.107736055739224 ], [ 2308051.806358843576163, -1442457.828999092103913 ], [ 2303760.425356643274426, -1402896.843740254174918 ], [ 2271091.312793554272503, -1399692.893938447115943 ], [ 2228044.463088743388653, -1392185.773812343832105 ], [ 2168690.859837590251118, -1411251.466991133289412 ], [ 2127508.55511952470988, -1408126.81591897062026 ], [ 2103692.545397194568068, -1419802.471178790088743 ], [ 2112590.950772685464472, -1268190.430202163290232 ], [ 2081946.638723688432947, -1220853.903213194571435 ], [ 2076666.450260329293087, -1142347.074159746989608 ], [ 2092270.451610689517111, -1065332.588416137732565 ], [ 2073889.667417611228302, -1016009.216250291909091 ], [ 2073574.682724324055016, -935520.459121317602694 ], [ 1957762.042315267957747, -936638.023803794174455 ], [ 1966800.951452929526567, -890524.587834062986076 ], [ 1918086.126530868466944, -891007.509717391338199 ], [ 1912603.802698963088915, -913186.729797164327465 ], [ 1853328.959424381377175, -918186.896097658667713 ], [ 1828234.920744319679216, -992746.576931593939662 ], [ 1813424.320107465377077, -1024724.775679201702587 ], [ 1761015.866410986287519, -1006665.121182449976914 ], [ 1729267.993765909224749, -1024652.093964139348827 ], [ 1666054.964790960540995, -1034992.207634730963036 ], [ 1630500.623009723378345, -968123.670821242500097 ], [ 1609131.16788088157773, -926744.883022145717405 ], [ 1582688.310803331201896, -849978.797786074574105 ], [ 1560183.365494947182015, -754518.810326700448059 ], [ 1278203.068405057769269, -752823.494850761489943 ], [ 1244558.716819308232516, -768219.658181199571118 ], [ 1216896.992865519598126, -765822.602680242387578 ], [ 1177320.127483447082341, -783044.726835123728961 ], [ 1164245.150773419532925, -743300.216951741604134 ], [ 1188657.119616608368233, -729762.574546838877723 ], [ 1192060.375297313556075, -673877.086621026624925 ], [ 1207932.383471491513774, -640910.213660281500779 ], [ 1242916.10330302757211, -613955.388807326555252 ], [ 1267953.332277167122811, -627019.098753366386518 ], [ 1300997.311972677940503, -577914.190854098997079 ], [ 1353096.61750153475441, -579180.426687119179405 ], [ 1358967.99135795305483, -615493.126511359470896 ], [ 1394522.418208941584453, -638212.934496735804714 ], [ 1451400.875231293728575, -557819.017703503952362 ], [ 1507568.500651671783999, -495153.568301451043226 ], [ 1532017.316783766495064, -454076.236252206901554 ], [ 1529379.229784005321562, -348443.393513492366765 ], [ 1571452.18325838400051, -223670.133779458265053 ], [ 1615517.504189894767478, -157496.055899846280226 ], [ 1678701.058028576197103, -95571.538743971541408 ], [ 1689756.155055154813454, -54585.29981200327893 ], [ 1692163.918529157526791, -7463.066354930028865 ], [ 1707768.213059616042301, 37122.943145422628731 ], [ 1702673.651584059698507, 109939.391085038223537 ], [ 1714329.258049987955019, 223786.383090813207673 ], [ 1732728.018676080740988, 303922.443583953659981 ], [ 1761052.329381497809663, 372591.117475234728772 ], [ 1766234.263066850602627, 450129.378110375429969 ], [ 1774152.514473968883976, 539634.844021281925961 ], [ 1810811.364816509187222, 604771.846427806420252 ], [ 1861605.7670818855986, 646072.778293055249378 ], [ 1940758.00472308578901, 602484.980997001519427 ], [ 2002157.704863901250064, 555160.356851672753692 ], [ 2072269.690793931484222, 542529.186463735764846 ], [ 2143893.697113655041903, 517483.29967038606992 ], [ 2171684.25057062972337, 594964.633948736358434 ], [ 2184708.993092999327928, 604851.389045820455067 ], [ 2228448.984313840977848, 591968.339755419059657 ], [ 2334123.703602486290038, 655979.793562056962401 ], [ 2372207.875061991158873, 628851.73079605482053 ], [ 2403123.517060365527868, 632699.032196424552239 ], [ 2417036.490048586856574, 663881.783852719701827 ], [ 2452414.340544333681464, 674867.725748553057201 ], [ 2524541.088429133407772, 661377.043487192713656 ], [ 2585904.598048645537347, 658424.978588615078479 ], [ 2617266.23026729747653, 672028.548002820578404 ], [ 2676720.117473729420453, 566146.487496689194813 ], [ 2719882.506559644825757, 550588.696337926434353 ], [ 2745201.714040313381702, 572133.231869990355335 ], [ 2789553.399202978704125, 563690.077706575975753 ], [ 2842441.629746079444885, 590828.144047724665143 ], [ 2865934.899156684521586, 536030.947884634835646 ], [ 2951253.57640771754086, 450743.706403360527474 ], [ 2951254.300392506178468, 450742.982014133827761 ], [ 2946915.839914456941187, 300603.955474312941078 ], [ 2985429.965462994296104, 283211.267083215294406 ], [ 2954949.872474737931043, 237603.68095788671053 ], [ 2918348.157209344208241, 203486.22874502238119 ], [ 2882012.139620766509324, 136489.984950194164412 ], [ 2862019.171257576905191, 76755.143389787408523 ], [ 2856692.942650263663381, -26379.757603691021359 ], [ 2834437.60627813776955, -75473.620967374328757 ], [ 2833338.529779870063066, -172334.090332178428071 ], [ 2805625.051791163161397, -208143.040753399051027 ], [ 2801615.005709844175726, -284578.472098443133291 ], [ 2788391.100992594845593, -294481.184857857355382 ], [ 2778965.214610452298075, -364734.474793008237612 ], [ 2802476.994930794462562, -423109.30141611630097 ], [ 2806661.970310553908348, -577894.302264575846493 ] ] ] } },
{ "type": "Feature", "properties": { "pop_est": 7531386, "continent": "Africa", "name": "Somalia", "iso_a3": "SOM", "gdp_md_est": 4719.0, "lon_c": 4474118.7640005667, "lat_c": 663874.7970948735 }, "geometry": { "type": "Polygon", "coordinates": [ [ [ 3983032.120157575700432, -216261.012940025539137 ], [ 3926911.478186503052711, -110277.46419073396828 ], [ 3923780.53838317329064, 357705.573413633974269 ], [ 4005267.905904858373106, 503334.836668303003535 ], [ 4030695.101441570091993, 543785.115153082064353 ], [ 4091982.865106778685004, 546153.740345612633973 ], [ 4175291.092788601759821, 636585.625268858508207 ], [ 4299734.984074199572206, 642237.368188432534225 ], [ 4557088.337718769907951, 1026611.234234427567571 ], [ 4618883.071034288033843, 1133269.081328296568245 ], [ 4658093.826142220757902, 1211671.717269752873108 ], [ 4654685.227156296372414, 1278226.570593571756035 ], [ 4647582.012005305849016, 1406758.585747111123055 ], [ 4644808.818128116428852, 1459180.203117433236912 ], [ 4645271.493965965695679, 1461260.211751665454358 ], [ 4645271.493965975008905, 1461260.211751670809463 ], [ 4675445.101049936376512, 1463767.749646365642548 ], [ 4718009.571506824344397, 1482663.617443644907326 ], [ 4767498.347631405107677, 1495464.453149205306545 ], [ 4809555.693494009785354, 1538976.237918136874214 ], [ 4845479.973850529640913, 1539324.393472766736522 ], [ 4849942.898678673431277, 1504183.498116706963629 ], [ 4845868.952884751372039, 1430201.54742682306096 ], [ 4850257.880529525689781, 1363281.944317939924076 ], [ 4832842.911735862493515, 1317263.372699572471902 ], [ 4813388.861248305998743, 1179379.307803436880931 ], [ 4774209.5663559762761, 1036677.097964399494231 ], [ 4721748.551658518612385, 873285.091253922204487 ], [ 4645781.165676448494196, 685512.226001314469613 ], [ 4567686.843989619985223, 541895.070539335836656 ], [ 4458271.293035568669438, 366793.126320125127677 ], [ 4363702.693302761763334, 262826.644985671737231 ], [ 4221381.325660802423954, 135271.676501968962839 ], [ 4132390.674322598148137, 37543.962504648050526 ], [ 4027327.489704713225365, -118098.027112332420074 ], [ 4004875.224388313945383, -185843.42836258513853 ], [ 3983032.120157575700432, -216261.012940025539137 ] ] ] } },
{ "type": "Feature", "properties": { "pop_est": 47615739, "continent": "Africa", "name": "Kenya", "iso_a3": "KEN", "gdp_md_est": 152700.0, "lon_c": 3593294.3159072222, "lat_c": 40140.135988818525 }, "geometry": { "type": "Polygon", "coordinates": [ [ [ 3749642.321088345721364, -600572.722857588902116 ], [ 3614533.517750846687704, -472301.748927582229953 ], [ 3609028.494500197470188, -397827.592503875901457 ], [ 3263884.88327218638733, -136169.727747606899356 ], [ 3247756.459669677074999, -122060.317722913430771 ], [ 3246993.375445554964244, 14109.66125472218846 ], [ 3274373.604978715535253, 66170.610722914861981 ], [ 3321247.538122051395476, 151216.748068208398763 ], [ 3355560.838811720721424, 244854.02147455883096 ], [ 3312067.303455007262528, 392274.51141509442823 ], [ 3300082.202894614078104, 456703.504653444746509 ], [ 3253429.551718512084335, 545806.653503687935881 ], [ 3310989.808275669813156, 622423.091807280201465 ], [ 3374151.75211040629074, 706907.43621894181706 ], [ 3424255.114597206935287, 685399.669684738153592 ], [ 3425658.930084666702896, 613424.691879349178635 ], [ 3459091.181421975139529, 571207.839561285101809 ], [ 3525674.127499483991414, 571207.839561285101809 ], [ 3648565.395105598494411, 462223.723565513908397 ], [ 3678834.381925676483661, 460927.918219305516686 ], [ 3701193.962757346685976, 464465.533275373862125 ], [ 3722601.611189069692045, 449661.364447067724541 ], [ 3786580.369125336408615, 439561.194825064914767 ], [ 3814037.866190101485699, 493051.971707763732411 ], [ 3900508.648629803676158, 546722.154847163474187 ], [ 3939881.619497000239789, 503357.690887575910892 ], [ 4005267.905904858373106, 503334.836668303003535 ], [ 3923780.53838317329064, 357705.573413633974269 ], [ 3926911.478186503052711, -110277.46419073396828 ], [ 3983032.120157575700432, -216261.012940025539137 ], [ 3915526.86055470444262, -267552.166116585838608 ], [ 3891342.733015988022089, -321140.797803025168832 ], [ 3855348.794459980446845, -330554.316458479326684 ], [ 3840623.807158955838531, -421026.028961613948923 ], [ 3809111.743637554813176, -472820.30316374974791 ], [ 3788972.029610149096698, -558206.854181685019284 ], [ 3749642.321088345721364, -600572.722857588902116 ] ] ] } },
{ "type": "Feature", "properties": { "pop_est": 37345935, "continent": "Africa", "name": "Sudan", "iso_a3": "SDN", "gdp_md_est": 176300.0, "lon_c": 2789468.4392528478, "lat_c": 1951257.4867801666 }, "geometry": { "type": "Polygon", "coordinates": [ [ [ 2342065.279212845489383, 1055527.371598466066644 ], [ 2268251.95283772284165, 1111387.028368139173836 ], [ 2234387.572162441909313, 1148167.741578812943771 ], [ 2227356.305233509279788, 1187846.097552437568083 ], [ 2241544.462814795318991, 1240949.352974454406649 ], [ 2239954.698850852437317, 1292985.202911569504067 ], [ 2183047.155626361723989, 1372651.349405381828547 ], [ 2170802.35429531801492, 1427132.604384836275131 ], [ 2171087.26211972720921, 1457951.845516857225448 ], [ 2135152.914349087979645, 1495437.75273674656637 ], [ 2131949.22253508027643, 1569253.950870936270803 ], [ 2110612.034729118458927, 1618236.231200556503609 ], [ 2077574.810317488387227, 1610891.43336197338067 ], [ 2085696.893784764688462, 1657491.850288322661072 ], [ 2108525.171655048150569, 1710340.842021346092224 ], [ 2096095.778457771753892, 1762801.764719268074259 ], [ 2125834.034266465343535, 1801620.65540078189224 ], [ 2105126.243344489950687, 1831174.677990149473771 ], [ 2127282.659351972397417, 1909205.076257512671873 ], [ 2166759.692413320299238, 2002119.376810585847124 ], [ 2248266.222634302452207, 1993309.89730282034725 ], [ 2220807.94992178818211, 2491106.561657473444939 ], [ 2219248.580420670099556, 2543374.082361442502588 ], [ 2326235.581885782536119, 2543752.564550460781902 ], [ 2311910.512457170058042, 2791535.140993624459952 ], [ 2683665.722860282752663, 2791535.140993624459952 ], [ 3042474.234393635764718, 2791535.140993624459952 ], [ 3409256.987666556145996, 2791535.140993624459952 ], [ 3449796.747302223928273, 2670007.599494889378548 ], [ 3431370.406406953930855, 2647491.917600047308952 ], [ 3455472.894238261505961, 2519457.381831123959273 ], [ 3501417.502428765874356, 2370446.025935063604265 ], [ 3539367.853752397466451, 2339645.251575206872076 ], [ 3594068.226955549791455, 2293376.030286585446447 ], [ 3551966.044450601097196, 2221817.045529644005001 ], [ 3484399.533372461330146, 2201184.309151344001293 ], [ 3457525.828212706372142, 2162681.267446952406317 ], [ 3453844.030724340118468, 2079097.144284246489406 ], [ 3424776.060720873065293, 1893821.924502182519063 ], [ 3437728.838915152475238, 1843223.814955215668306 ], [ 3428689.841778269968927, 1734541.501245422754437 ], [ 3396607.031708893366158, 1609634.852125415345654 ], [ 3342449.145541762001812, 1546721.6399733312428 ], [ 3306083.199572464916855, 1449599.882355688139796 ], [ 3298719.629456995055079, 1397572.300965812057257 ], [ 3255151.879656034056097, 1361905.017037722514942 ], [ 3231992.442308627068996, 1228493.059009006014094 ], [ 3232693.097835027147084, 1213271.455908742267638 ], [ 3219429.796934458892792, 1215794.941255351528525 ], [ 3218803.395428641233593, 1279299.506127749104053 ], [ 3205753.455509262159467, 1323067.447382696671411 ], [ 3154892.300331159494817, 1373370.801014819880947 ], [ 3139833.93398023955524, 1465142.949480867944658 ], [ 3147251.686685528606176, 1558978.06957586039789 ], [ 3102942.743122913409024, 1567700.352059645578265 ], [ 3097653.577485975343734, 1539348.779488938860595 ], [ 3040963.512277367990464, 1532804.414380811387673 ], [ 3065286.515315871220082, 1495707.868535721674562 ], [ 3076480.320577173028141, 1419271.122463600244373 ], [ 3026922.200993336271495, 1349316.721677102847025 ], [ 2982777.414956983178854, 1257406.772447670577094 ], [ 2934207.771147333085537, 1244268.38665644521825 ], [ 2851754.948956109117717, 1318691.721927155274898 ], [ 2816705.707607593853027, 1292432.364957256475464 ], [ 2808090.210675913374871, 1255217.183549798326567 ], [ 2759824.255986324045807, 1231127.968506733188406 ], [ 2757338.449913190677762, 1204841.122866811230779 ], [ 2662556.767850351054221, 1204841.122866811230779 ], [ 2648732.403876760974526, 1231127.968506733188406 ], [ 2579993.384060624055564, 1235508.332353201927617 ], [ 2546292.031935265753418, 1213604.287440868094563 ], [ 2519849.865227139554918, 1224557.00415313965641 ], [ 2468779.007603084202856, 1298998.00340957287699 ], [ 2451451.458162443712354, 1334005.707177359843627 ], [ 2383406.837290088646114, 1316503.769277635263279 ], [ 2358883.369735018815845, 1257406.772447670577094 ], [ 2337212.660387701820582, 1143474.861076277913526 ], [ 2305064.363837901968509, 1119355.45456047845073 ], [ 2276118.227561937645078, 1105435.062367340084165 ], [ 2342065.279212845489383, 1055527.371598466066644 ] ] ] } },
{ "type": "Feature", "properties": { "pop_est": 12075985, "continent": "Africa", "name": "Chad", "iso_a3": "TCD", "gdp_md_est": 30590.0, "lon_c": 1724302.7591929627, "lat_c": 1951257.4867801666 }, "geometry": { "type": "Polygon", "coordinates": [ [ [ 2220807.94992178818211, 2491106.561657473444939 ], [ 2248266.222634302452207, 1993309.89730282034725 ], [ 2166759.692413320299238, 2002119.376810585847124 ], [ 2127282.659351972397417, 1909205.076257512671873 ], [ 2105126.243344489950687, 1831174.677990149473771 ], [ 2125834.034266465343535, 1801620.65540078189224 ], [ 2096095.778457771753892, 1762801.764719268074259 ], [ 2108525.171655048150569, 1710340.842021346092224 ], [ 2085696.893784764688462, 1657491.850288322661072 ], [ 2077574.810317488387227, 1610891.43336197338067 ], [ 2110612.034729118458927, 1618236.231200556503609 ], [ 2131949.22253508027643, 1569253.950870936270803 ], [ 2135152.914349087979645, 1495437.75273674656637 ], [ 2171087.26211972720921, 1457951.845516857225448 ], [ 2170802.35429531801492, 1427132.604384836275131 ], [ 2111277.049439962022007, 1405429.722664617467672 ], [ 2064403.191079501528293, 1353875.497556104091927 ], [ 1998866.047611213987693, 1214764.452034403337166 ], [ 1910468.560551891336218, 1155627.72057785326615 ], [ 1818350.243472056929022, 1163562.149954511551186 ], [ 1791710.439401515293866, 1151823.56972448527813 ], [ 1801949.102087211562321, 1106861.468661758117378 ], [ 1753010.550070551456884, 1062188.736677716253325 ], [ 1713314.799446864519268, 1012279.026379478047602 ], [ 1593928.534870429895818, 963343.951647809008136 ], [ 1569702.762743730796501, 992310.433697467087768 ], [ 1553870.519799215020612, 994808.777591577963904 ], [ 1536724.124109614873305, 961906.00496028654743 ], [ 1457958.613039409276098, 952289.465765493107028 ], [ 1472468.307569577125832, 986943.424782052519731 ], [ 1441242.840055480599403, 1075077.564976195106283 ], [ 1427081.312163618393242, 1127965.706718306522816 ], [ 1385287.930480011738837, 1149645.927803302183747 ], [ 1328030.245464894687757, 1224144.195549753028899 ], [ 1347803.850645515369251, 1284331.29984628316015 ], [ 1391349.269888168433681, 1271521.720343072433025 ], [ 1418042.193171482998878, 1280601.966934971045703 ], [ 1471184.281026399694383, 1279353.327454966492951 ], [ 1417463.090558839729056, 1395173.00035902694799 ], [ 1419402.01891584135592, 1479697.239997410681099 ], [ 1411447.635653746780008, 1564022.325948818819597 ], [ 1372167.686796811642125, 1645306.614110987633467 ], [ 1380394.486843693302944, 1705031.757272748043761 ], [ 1319684.219082935713232, 1707949.362102628452703 ], [ 1318205.98866700893268, 1789410.926768895471469 ], [ 1277908.12752694892697, 1836272.542216043453664 ], [ 1314858.674944153288379, 2002579.475000588223338 ], [ 1431707.56161225005053, 2121297.557924282271415 ], [ 1431941.68055934808217, 2284561.391790501307696 ], [ 1459745.705161408055574, 2538042.573060643859208 ], [ 1478098.864481176482514, 2591602.4320004042238 ], [ 1437933.329363720491529, 2634201.902954529039562 ], [ 1435035.096411465900019, 2673680.065346618648618 ], [ 1399192.447465292178094, 2705930.514729944523424 ], [ 1369473.634484794456512, 2898064.496141185518354 ], [ 1459832.032444750424474, 2965381.968823636416346 ], [ 1838563.962083235848695, 2729048.62268826784566 ], [ 2220807.94992178818211, 2491106.561657473444939 ] ] ] } },
{ "type": "Feature", "properties": { "pop_est": 10646714, "continent": "North America", "name": "Haiti", "iso_a3": "HTI", "gdp_md_est": 19340.0, "lon_c": -6733622.3223446729, "lat_c": 2411613.8616599143 }, "geometry": { "type": "Polygon", "coordinates": [ [ [ -6678415.942471155896783, 2507806.9837865983136 ], [ -6680647.521641137078404, 2439879.920111298095435 ], [ -6694938.39831952098757, 2391863.78900214843452 ], [ -6720808.75695488229394, 2370797.41288655390963 ], [ -6702210.743420593440533, 2333237.845518190879375 ], [ -6708986.608013189397752, 2299224.48896187543869 ], [ -6768070.14835702162236, 2320507.845604313071817 ], [ -6813462.641008072532713, 2311824.942899280693382 ], [ -6869209.091894160956144, 2320876.603433017618954 ], [ -6916395.060274508781731, 2297470.358197870664299 ], [ -6960726.420919240452349, 2336477.952229970134795 ], [ -6946413.028675524517894, 2376799.935558839701116 ], [ -6863043.665638430975378, 2359436.124217089265585 ], [ -6794011.543774338439107, 2349397.103229064494371 ], [ -6756267.788889471441507, 2377239.268010698724538 ], [ -6790776.673236052505672, 2431363.934317680541426 ], [ -6782731.386493247933686, 2479026.866944727953523 ], [ -6838461.56380251981318, 2498471.471516652498394 ], [ -6812013.320109438151121, 2532875.174272964708507 ], [ -6756100.328854977153242, 2527372.38415294373408 ], [ -6678415.942471155896783, 2507806.9837865983136 ] ] ] } },
{ "type": "Feature", "properties": { "pop_est": 10734247, "continent": "North America", "name": "Dominican Rep.", "iso_a3": "DOM", "gdp_md_est": 161900.0, "lon_c": -6549744.7170560909, "lat_c": 2381330.6009443514 }, "geometry": { "type": "Polygon", "coordinates": [ [ [ -6708986.608013189397752, 2299224.48896187543869 ], [ -6702210.743420593440533, 2333237.845518190879375 ], [ -6720808.75695488229394, 2370797.41288655390963 ], [ -6694938.39831952098757, 2391863.78900214843452 ], [ -6680647.521641137078404, 2439879.920111298095435 ], [ -6678415.942471155896783, 2507806.9837865983136 ], [ -6663464.382297245785594, 2529042.612537255510688 ], [ -6590894.070287411101162, 2528466.568941437173635 ], [ -6540641.096337237395346, 2496394.104351475834846 ], [ -6515618.784621432423592, 2499524.606105845421553 ], [ -6505301.48275585193187, 2455284.743491167668253 ], [ -6453922.669342148117721, 2457773.723890328779817 ], [ -6462341.29803244676441, 2420571.210375290364027 ], [ -6421469.586404275149107, 2416059.67692235391587 ], [ -6382055.866543141193688, 2370209.390379435848445 ], [ -6423799.659187760204077, 2319278.629814923275262 ], [ -6464505.708396511152387, 2346500.661139074712992 ], [ -6508146.11609960347414, 2341253.585016223601997 ], [ -6538055.145838995464146, 2347208.626900504343212 ], [ -6558120.162368920631707, 2324382.878098022192717 ], [ -6595103.411250443197787, 2316668.046224745921791 ], [ -6605034.528989544138312, 2347030.828400291502476 ], [ -6638501.648986178450286, 2329066.085813643410802 ], [ -6687948.025441819801927, 2243271.099730308167636 ], [ -6709301.843161148950458, 2263208.52102272445336 ], [ -6708986.608013189397752, 2299224.48896187543869 ] ] ] } },
{ "type": "Feature", "properties": { "pop_est": 142257519, "continent": "Europe", "name": "Russia", "iso_a3": "RUS", "gdp_md_est": 3745000.0, "lon_c": 6212239.0853001606, "lat_c": 6579626.7787209749 }, "geometry": { "type": "MultiPolygon", "coordinates": [ [ [ [ 3994223.858418246731162, 5615003.199288202449679 ], [ 3974465.276922923512757, 5552485.622404016554356 ], [ 3899937.095827876124531, 5535043.538685970939696 ], [ 3847030.754735121503472, 5425117.557241825386882 ], [ 3948039.97214083513245, 5323059.101534805260599 ], [ 3958065.972245856653899, 5250059.531069376505911 ], [ 4080980.612814617343247, 5121334.360000770539045 ], [ 4080979.518138985149562, 5121333.128423465415835 ], [ 4041436.744241298176348, 5076967.657972218468785 ], [ 4033608.915872456971556, 5048884.269224919378757 ], [ 3994534.184322934132069, 5056431.704169007018209 ], [ 3921057.935748137068003, 5123340.295278978534043 ], [ 3896589.233428155537695, 5127024.313894649036229 ], [ 3837944.23713400028646, 5152452.872568778693676 ], [ 3801891.9555778298527, 5197345.17150401044637 ], [ 3718689.205375439021736, 5220169.410842850804329 ], [ 3671923.959800342097878, 5203041.809975194744766 ], [ 3652717.6516725840047, 5223312.032951247878373 ], [ 3527575.383234907407314, 5275441.293608254753053 ], [ 3401310.416969680227339, 5292985.607884131371975 ], [ 3327150.873085712548345, 5311487.799558502621949 ], [ 3319718.871538026724011, 5298708.445167071186006 ], [ 3194995.781273771543056, 5389822.537517992779613 ], [ 3092519.848229775670916, 5430255.356397402472794 ], [ 3008716.755995608866215, 5492925.327493036165833 ], [ 3064879.455483190715313, 5509909.974082013592124 ], [ 3113780.31523221777752, 5598336.853388667106628 ], [ 3059232.208674358204007, 5639902.692564758472145 ], [ 3169200.797798558138311, 5682594.035970935598016 ], [ 3161825.793050040956587, 5705380.07476139254868 ], [ 3093046.39715625019744, 5688586.388932942412794 ], [ 3085173.758164574857801, 5734799.909742208197713 ], [ 3120058.837438733782619, 5763731.309316863305867 ], [ 3196130.305184396449476, 5771312.947731873951852 ], [ 3200515.229080886114389, 5805717.045677731744945 ], [ 3169086.630526974797249, 5862314.97633308544755 ], [ 3188265.029438939876854, 5915719.311568960547447 ], [ 3179845.543330501765013, 5945519.307876679114997 ], [ 3054835.970128270797431, 5978420.959832991473377 ], [ 3008846.600164995528758, 5977331.079774967394769 ], [ 2948727.775375601369888, 6024452.198619343340397 ], [ 2891961.928131138440222, 6008548.216895505785942 ], [ 2783651.517193636391312, 6043816.068996261805296 ], [ 2780853.188391474541277, 6063481.462122267112136 ], [ 2742994.814841174520552, 6106648.881623619236052 ], [ 2679459.846101455390453, 6111453.939963897690177 ], [ 2666024.465898546855897, 6142185.681011330336332 ], [ 2680943.284812576137483, 6162161.726103331893682 ], [ 2618479.992280230391771, 6217733.88003003783524 ], [ 2540134.843533959239721, 6208282.074047519825399 ], [ 2515473.814390900079161, 6213197.876593916676939 ], [ 2500718.114657251629978, 6190911.444097506813705 ], [ 2470827.935662542935461, 6194877.85916955024004 ], [ 2470826.139580330811441, 6194878.097520899958909 ], [ 2438269.573375591542572, 6257411.89336208999157 ], [ 2413156.294468440581113, 6289606.81960038933903 ], [ 2426013.638207273092121, 6298641.507735187187791 ], [ 2488914.515423198696226, 6295287.201430779881775 ], [ 2514084.265998061746359, 6316397.221106902696192 ], [ 2486102.574421105440706, 6342043.498046539723873 ], [ 2430589.636783765163273, 6358916.455171830952168 ], [ 2431301.837171457242221, 6376187.301443286240101 ], [ 2396286.63782404223457, 6393584.001294030807912 ], [ 2334654.851038607303053, 6455628.340087584219873 ], [ 2345179.152470576111227, 6481012.450379120185971 ], [ 2327761.336760660633445, 6524926.246155114844441 ], [ 2249112.98187316255644, 6547110.110657922923565 ], [ 2212068.89306811010465, 6536016.833495631814003 ], [ 2196335.208826619200408, 6559062.899474932812154 ], [ 2112310.375939725898206, 6582249.345873806625605 ], [ 2076726.782628855435178, 6636436.180008578114212 ], [ 2060910.272741357330233, 6680553.724101530387998 ], [ 2020723.135830612853169, 6701373.317607957869768 ], [ 2046239.075181610882282, 6729929.643883544020355 ], [ 2006182.560033306246623, 6812906.197532951831818 ], [ 2046662.154869041172788, 6863456.178484625183046 ], [ 2032209.089729846222326, 6878657.395245661959052 ], [ 2032209.520878814626485, 6878657.685140859335661 ], [ 2103203.955351246520877, 6926447.998326951637864 ], [ 2017918.121483200462535, 6967139.852906750515103 ], [ 2017917.965700833592564, 6967139.927175214514136 ], [ 2143959.996481189504266, 7074404.926893914118409 ], [ 2196833.516297301277518, 7121972.070391360670328 ], [ 2211696.508726174943149, 7163449.02287644520402 ], [ 2092869.241795965470374, 7218389.081470073200762 ], [ 2106942.769657046534121, 7269796.498609263449907 ], [ 2028683.666975850705057, 7327472.55277013592422 ], [ 2056156.917356157908216, 7392509.493659934960306 ], [ 1953197.127960800426081, 7476466.815479547716677 ], [ 1999069.830187384504825, 7530525.897817309014499 ], [ 1883479.359941088361666, 7577235.861872590146959 ], [ 1879040.184945189394057, 7625218.378677843138576 ], [ 1930217.634535813704133, 7631447.58943856600672 ], [ 2033214.190888732671738, 7658334.181736388243735 ], [ 2033216.468872164143249, 7658334.774737518280745 ], [ 2092897.863503096159548, 7681334.473655086010695 ], [ 2214102.066633701790124, 7641175.886684530414641 ], [ 2399704.839774473570287, 7625126.496068943291903 ], [ 2680213.554172737989575, 7547051.774227882735431 ], [ 2745177.59208419220522, 7513372.641746019944549 ], [ 2769203.632349923253059, 7465365.961056250147521 ], [ 2709582.356315826997161, 7426786.434503003023565 ], [ 2606398.348696059547365, 7406980.300058306194842 ], [ 2284685.226126386318356, 7463035.494395 ], [ 2238257.555660286452621, 7453750.000114884227514 ], [ 2366598.987671919632703, 7399560.006662033498287 ], [ 2382636.352591671515256, 7364645.200538707897067 ], [ 2412988.170539477840066, 7286177.618642101995647 ], [ 2509908.17236417112872, 7262353.916081394068897 ], [ 2571022.392373354174197, 7241924.108799445442855 ], [ 2566919.325240863952786, 7279971.608686104416847 ], [ 2513890.8057242911309, 7313300.557385115884244 ], [ 2547469.87068252870813, 7342364.566725282929838 ], [ 2730995.090445144567639, 7294448.546724292449653 ], [ 2781933.611395131330937, 7313300.557385115884244 ], [ 2714531.419332029297948, 7369231.879127968102694 ], [ 2843870.586762755177915, 7442281.543844407424331 ], [ 2908011.867793010547757, 7438038.206251851283014 ], [ 2982206.342894427012652, 7412160.877967782318592 ], [ 2999693.828361452091485, 7462797.001074461266398 ], [ 2924852.763232887256891, 7505886.786555755883455 ], [ 2938777.398530257865787, 7548325.042795506305993 ], [ 2870791.305030101910233, 7591483.574269748292863 ], [ 3066085.538560156710446, 7569273.312067064456642 ], [ 3122598.231282700318843, 7529935.800646547228098 ], [ 3042166.015582522843033, 7521169.238167996518314 ], [ 3060761.446156269870698, 7481231.761371095664799 ], [ 3125033.161600101739168, 7456321.115751802921295 ], [ 3221741.93284917017445, 7472130.400600514374673 ], [ 3216214.340534783434123, 7518026.444527775980532 ], [ 3338736.990583473350853, 7551707.43410525098443 ], [ 3538094.093971107620746, 7611124.504259268753231 ], [ 3589661.382468748372048, 7607764.226609849371016 ], [ 3547620.945112101733685, 7565881.542428334243596 ], [ 3633947.243103697430342, 7558598.426170711405575 ], [ 3668099.055757273454219, 7582364.111839738674462 ], [ 3790986.654021792579442, 7584273.74567551817745 ], [ 3872019.60944245941937, 7612722.450053566135466 ], [ 3972533.23833144409582, 7571251.945829966105521 ], [ 4019310.028695246670395, 7616798.052530047483742 ], [ 3926022.624442969914526, 7655797.194346202537417 ], [ 3946145.258822195697576, 7677654.693877806887031 ], [ 4152014.104231294710189, 7657621.327888075262308 ], [ 4256668.093922575935721, 7636699.274408858269453 ], [ 4549588.548959247767925, 7558270.316211926750839 ], [ 4568361.031919693574309, 7594569.202024118043482 ], [ 4475913.291067495942116, 7630599.667040639556944 ], [ 4463883.976707201451063, 7644870.371680373325944 ], [ 4380345.643929664045572, 7651435.059242301620543 ], [ 4379763.757927961647511, 7682830.5185083495453 ], [ 4309149.315763430669904, 7733299.24288921430707 ], [ 4292671.065566097386181, 7753568.326056474819779 ], [ 4369770.146413330920041, 7809501.708496832288802 ], [ 4370302.920303194783628, 7863494.68364090193063 ], [ 4408370.897872315719724, 7874887.086406430229545 ], [ 4587644.971931580454111, 7859585.184900031425059 ], [ 4627344.236484186723828, 7826700.877735020592809 ], [ 4605921.274846587330103, 7777296.685886525548995 ], [ 4661389.774407007731497, 7757415.730790287256241 ], [ 4716792.885635178536177, 7712924.890256240963936 ], [ 4771134.02202357724309, 7622241.712507728487253 ], [ 4875483.806442594155669, 7580235.310415022075176 ], [ 4881786.883955165743828, 7533507.152923798188567 ], [ 4823800.9596291705966, 7430765.675289834849536 ], [ 4908844.716567658819258, 7419857.957595442421734 ], [ 4916919.517852107994258, 7446428.889220955781639 ], [ 4977560.474698357284069, 7465211.491589842364192 ], [ 4969122.618521539494395, 7500999.465178129263222 ], [ 5001580.895212951116264, 7534926.879599591717124 ], [ 4932679.602998316287994, 7574764.244069091044366 ], [ 4928702.503606777638197, 7620092.808839879930019 ], [ 4852518.460065189749002, 7625670.852771985344589 ], [ 4808121.831969567574561, 7662954.841200836002827 ], [ 4808719.332068432122469, 7728376.018788249231875 ], [ 4684368.804580812342465, 7779660.992632420733571 ], [ 4765393.109193009324372, 7820770.125318740494549 ], [ 4715866.021500629372895, 7862849.08204832021147 ], [ 4746262.647484481334686, 7864170.203139604069293 ], [ 4806873.671918276697397, 7831510.728260211646557 ], [ 4830224.263461414724588, 7772740.85512566473335 ], [ 4908296.75431732647121, 7761345.073740187101066 ], [ 4842255.80925924051553, 7805831.108914314769208 ], [ 4928818.659231305122375, 7829517.756021319888532 ], [ 5057899.879149886779487, 7832676.259149545803666 ], [ 5206045.204922604374588, 7798276.355558161623776 ], [ 5104885.938889021985233, 7848242.207567979581654 ], [ 5043368.251936202868819, 7909458.819016483612359 ], [ 5141819.472281197085977, 7920705.253624152392149 ], [ 5294533.168396049179137, 7918257.720234923996031 ], [ 5422915.651225928217173, 7925512.347473670728505 ], [ 5344196.303592655807734, 7953992.467599938623607 ], [ 5381269.902077700942755, 7988671.693664901889861 ], [ 5450738.772983808070421, 7990096.737121195532382 ], [ 5544142.132279028184712, 8015424.788626658730209 ], [ 5699077.930332204326987, 8022109.224481261335313 ], [ 5704714.110174366272986, 8035674.472195741720498 ], [ 5860254.150534480810165, 8040220.375352404080331 ], [ 5922814.650640762411058, 8029177.955648377537727 ], [ 6030154.624490702524781, 8055069.864338566549122 ], [ 6143091.431515319272876, 8054273.410994501784444 ], [ 6135437.602959650568664, 8074697.682984168641269 ], [ 6169643.649572659283876, 8094282.01113008055836 ], [ 6289486.142039977945387, 8112632.453138661570847 ], [ 6411241.276974233798683, 8098186.765368953347206 ], [ 6342963.6737913005054, 8086979.374718967825174 ], [ 6489187.407953323796391, 8079918.75142730306834 ], [ 6535163.57307761721313, 8056655.010743709281087 ], [ 6576054.736240557394922, 8068203.537443512119353 ], [ 6754638.148120697587729, 8067574.656793898902833 ], [ 6923001.388001274317503, 8044227.462212550453842 ], [ 6996725.342733793891966, 8025811.926723676733673 ], [ 7016350.26203996501863, 7999567.924469051882625 ], [ 6968196.028016496449709, 7984275.58609857223928 ], [ 6843080.855976116843522, 7954908.871667576022446 ], [ 6816500.613780236802995, 7938852.325945309363306 ], [ 6903422.760767060332, 7931190.716178240254521 ], [ 7013474.007043475285172, 7917247.494426664896309 ], [ 7056355.992065094411373, 7927721.249400568194687 ], [ 7134336.509559514932334, 7891784.652231818065047 ], [ 7143075.459415035322309, 7906468.471183313988149 ], [ 7231742.224463910795748, 7915305.096003697253764 ], [ 7444929.735348030924797, 7906066.320109971798956 ], [ 7495784.011806650087237, 7879492.046404641121626 ], [ 7770903.25852482393384, 7870914.142525738105178 ], [ 7714333.301219278946519, 7914311.719509040936828 ], [ 7861055.728036304935813, 7904508.0583461150527 ], [ 7960706.388110572472215, 7904816.843011730350554 ], [ 8105311.039428167976439, 7874812.689599939621985 ], [ 8188099.569088115356863, 7837352.644326557405293 ], [ 8186082.809872407466173, 7812256.42386432364583 ], [ 8334507.272909102961421, 7763858.056493917480111 ], [ 8471729.718567496165633, 7738268.612283729948103 ], [ 8440459.743689177557826, 7803538.014554874971509 ], [ 8583160.057949082925916, 7775898.265828079544008 ], [ 8667987.931599479168653, 7792477.325019325129688 ], [ 8820146.433277500793338, 7773490.763186639174819 ], [ 8841366.747209908440709, 7790807.083634834736586 ], [ 8959134.437435766682029, 7782174.111955103464425 ], [ 8827098.741794241592288, 7838389.689408556558192 ], [ 8871135.709496108815074, 7863846.74370074737817 ], [ 9505079.413879601284862, 7825499.646138067357242 ], [ 9618542.621240872889757, 7789480.332078278064728 ], [ 9864953.236724816262722, 7741773.594702099449933 ], [ 10105180.296077085658908, 7753721.850237977690995 ], [ 10251104.810314597561955, 7743325.956077452749014 ], [ 10349927.337844932451844, 7716926.458105308935046 ], [ 10422667.602201480418444, 7669206.447327665984631 ], [ 10534954.664621425792575, 7650277.270651903003454 ], [ 10599429.536671528592706, 7663911.029586497694254 ], [ 10712274.4183564260602, 7665647.612176593393087 ], [ 10858220.558962818235159, 7652595.467908550053835 ], [ 10969295.066854689270258, 7659969.604483270086348 ], [ 11188747.50512320548296, 7599937.251650622114539 ], [ 11232087.183094441890717, 7621752.021567183546722 ], [ 11102998.573958208784461, 7664622.040960879996419 ], [ 11079613.391059232875705, 7693844.280710151419044 ], [ 11320586.369147155433893, 7675509.103679533116519 ], [ 11448912.196973290294409, 7679447.848931843414903 ], [ 11695566.386669658124447, 7647784.226663061417639 ], [ 11842242.576588688418269, 7618357.88008692394942 ], [ 12355743.499347733333707, 7329853.532086395658553 ], [ 12355951.830005178228021, 7329441.051770909689367 ], [ 12324661.491459829732776, 7295545.790035522542894 ], [ 12225852.295711331069469, 7301225.759524175897241 ], [ 12356903.300073770806193, 7259723.678870546631515 ], [ 12505252.819269068539143, 7194375.771008215844631 ], [ 12572650.777629597112536, 7172728.296929043717682 ], [ 12634705.379109071567655, 7139211.880862888880074 ], [ 12650989.02136324159801, 7117585.096457628533244 ], [ 12491382.783536802977324, 7135380.21177658252418 ], [ 12389851.959431516006589, 7073503.304503429681063 ], [ 12341409.119552774354815, 7063830.108485093340278 ], [ 12320183.509462529793382, 7004989.417724415659904 ], [ 12291889.940808339044452, 6952863.508933365345001 ], [ 12321095.795895120128989, 6913850.071087067015469 ], [ 12133519.058339698240161, 6973099.872350719757378 ], [ 12040290.325834343209863, 6905802.558024150319397 ], [ 11963067.453406382352114, 6937780.063757944852114 ], [ 11944346.26275972276926, 6900878.829902529716492 ], [ 11831354.193169983103871, 6912723.52467655390501 ], [ 11885004.937738390639424, 6855614.069673182442784 ], [ 11909408.011896938085556, 6770264.666739894077182 ], [ 11958465.295100934803486, 6734164.681343508884311 ], [ 12068371.103675467893481, 6714035.21245976537466 ], [ 12225012.70521605014801, 6581336.780326388776302 ], [ 12159593.692390186712146, 6577916.777115561068058 ], [ 12221243.898245168849826, 6500148.652787766419351 ], [ 12300724.872955618426204, 6459716.260167457163334 ], [ 12224107.175200920552015, 6411394.257102955132723 ], [ 12321425.559502201154828, 6302036.267631191760302 ], [ 12232594.182780804112554, 6278439.619331904686987 ], [ 12316464.857406472787261, 6179266.715233369730413 ], [ 12300149.021800927817822, 6087115.57473930157721 ], [ 12200528.692019913345575, 6155371.763276816345751 ], [ 12015702.945163782685995, 6297822.026258368045092 ], [ 11737298.572336751967669, 6509066.00918213929981 ], [ 11623127.52665906958282, 6637221.189205897040665 ], [ 11620271.83274345472455, 6691453.809262228198349 ], [ 11572379.513356633484364, 6733529.935257019475102 ], [ 11661962.471233863383532, 6753547.208575339987874 ], [ 11649821.710137391462922, 6864672.542116337455809 ], [ 11655507.013515133410692, 6953446.307293670251966 ], [ 11690695.995186068117619, 7021064.44972852896899 ], [ 11580087.179156562313437, 7137719.295537620782852 ], [ 11504529.067419176921248, 7130843.47324644587934 ], [ 11559380.432330068200827, 7062989.776024779304862 ], [ 11506237.616864793002605, 6970605.625710078515112 ], [ 11305741.307322466745973, 7073902.015958765521646 ], [ 11161060.2683662828058, 7045653.062599788419902 ], [ 11169245.273264577612281, 6903177.549589697271585 ], [ 11297169.406743694096804, 6849837.443842737935483 ], [ 11163046.623030871152878, 6826933.937691022641957 ], [ 11061212.539070041850209, 6817871.096716616302729 ], [ 10988266.203302007168531, 6881142.392678472213447 ], [ 10859100.519208075478673, 6894310.709520624019206 ], [ 10821553.528763161972165, 6851546.011215888895094 ], [ 10580912.236472919583321, 6866555.984327905811369 ], [ 10371827.605374302715063, 6840643.257972239516675 ], [ 10327867.672559605911374, 6666382.662766904570162 ], [ 10264388.149239886552095, 6447874.521679582074285 ], [ 10395869.198852062225342, 6435963.467532459646463 ], [ 10491844.237367883324623, 6376443.365075045265257 ], [ 10586955.729111889377236, 6355179.129789730533957 ], [ 10588879.190132921561599, 6402862.203101491555572 ], [ 10678739.012118918821216, 6396690.218014142476022 ], [ 10894102.322326013818383, 6291113.611333998851478 ], [ 10977014.371749887242913, 6208311.886592794209719 ], [ 11008869.350434437394142, 6109834.44777846429497 ], [ 11111030.570527650415897, 5990426.581967864185572 ], [ 11217333.528396939858794, 5827756.529957430437207 ], [ 11220515.431429650634527, 5677886.377516473643482 ], [ 11251351.769278766587377, 5605395.554913136176765 ], [ 11235841.282115280628204, 5482157.209773435257375 ], [ 11216458.062509952113032, 5358528.414066832512617 ], [ 11208642.29711284302175, 5294725.035507786087692 ], [ 11142255.034394009038806, 5231006.707105617038906 ], [ 11090608.642717629671097, 5229593.195811409503222 ], [ 11001836.195963332429528, 5282410.175344635732472 ], [ 10944239.990693185478449, 5202799.498199542053044 ], [ 10955481.065012961626053, 5166427.130401864647865 ], [ 10955481.150220323354006, 5166426.851462511345744 ], [ 10955481.41151300445199, 5166425.996080605313182 ], [ 10955480.069791810587049, 5166427.047547549940646 ], [ 10931024.000648748129606, 5185569.763365163467824 ], [ 10931022.207083407789469, 5185572.416809582151473 ], [ 10893294.2356495577842, 5240971.049976279959083 ], [ 10933895.681674944236875, 5243905.600240940228105 ], [ 10857329.240891303867102, 5371714.947500380687416 ], [ 10770171.55486062541604, 5463450.9826714200899 ], [ 10813261.595453567802906, 5501055.695979436859488 ], [ 10926687.346541626378894, 5482220.026559717953205 ], [ 10904476.146090606227517, 5585281.359508651308715 ], [ 10843313.73767889291048, 5700081.682683384045959 ], [ 10844478.743192786350846, 5738125.351746375672519 ], [ 10811375.416954448446631, 5830993.538027401082218 ], [ 10703595.766483686864376, 5800673.2720189653337 ], [ 10666472.545845273882151, 5759937.973321159370244 ], [ 10544067.241784110665321, 5760059.061573549173772 ], [ 10434949.924153653904796, 5856774.856297033838928 ], [ 10282125.613724235445261, 5929248.16245227213949 ], [ 10117806.23885883204639, 5961634.168247295543551 ], [ 10008153.879309279844165, 6060072.290553027763963 ], [ 9929926.204064935445786, 6121159.824076795950532 ], [ 9864809.139397125691175, 6163676.321082909591496 ], [ 9732283.16708761267364, 6262343.532040152698755 ], [ 9633550.067801833152771, 6298024.473245583474636 ], [ 9493484.545835999771953, 6326737.86194156203419 ], [ 9393867.501681294292212, 6324132.146917634643614 ], [ 9313075.705563209950924, 6306750.829997815191746 ], [ 9289600.186434634029865, 6258562.254702021367848 ], [ 9351160.40460629016161, 6235422.946384910494089 ], [ 9396361.213815305382013, 6181371.935619411990047 ], [ 9378490.429957589134574, 6149802.564087965525687 ], [ 9390641.893856160342693, 6044388.773910894989967 ], [ 9425235.920270442962646, 6000229.40874844789505 ], [ 9361563.990475630387664, 5936389.618140258826315 ], [ 9238092.188169496133924, 5974592.698500524275005 ], [ 9149790.480229329317808, 5966173.589432098902762 ], [ 9083596.581646354869008, 5999964.187606784515083 ], [ 9028260.615812737494707, 6010831.062699657864869 ], [ 8963607.049324441701174, 5939693.482773934490979 ], [ 8870838.36974641494453, 5922888.070334305986762 ], [ 8815151.159235574305058, 5897673.287203506566584 ], [ 8703527.93706358410418, 5914248.040785353630781 ], [ 8630474.550272388383746, 5913189.092152329161763 ], [ 8547055.384350521489978, 5965014.173405393958092 ], [ 8436468.141930807381868, 6013442.938382462598383 ], [ 8348366.739965104497969, 6026665.694602251052856 ], [ 8257452.708979279734194, 6013545.818715384230018 ], [ 8195232.57793316245079, 5994902.507213642820716 ], [ 8055203.143620733171701, 6037144.100358040072024 ], [ 7990420.816189592704177, 6111842.496228210628033 ], [ 7881382.193019883707166, 6137287.94080013781786 ], [ 7802770.361854487098753, 6148860.588144039735198 ], [ 7688378.211527005769312, 6189548.760386792011559 ], [ 7674426.539734460413456, 6087110.119407187215984 ], [ 7743801.129301348701119, 6028308.568674240261316 ], [ 7710692.603632297366858, 5958173.378385617397726 ], [ 7580652.001978837884963, 5983565.270474900491536 ], [ 7499497.393833049573004, 5987192.031581372953951 ], [ 7418298.485884471796453, 6034136.20042082387954 ], [ 7335199.57793737296015, 6035614.415829447098076 ], [ 7248346.338031531311572, 6066299.183527373708785 ], [ 7156440.293760665692389, 6019219.254884774796665 ], [ 7054919.960687194950879, 5932284.8153479648754 ], [ 6980828.78356830123812, 5914678.939575541764498 ], [ 6954255.158939061686397, 5906314.517768171615899 ], [ 6878189.340450339019299, 5968345.746492810547352 ], [ 6783471.841902744024992, 5954815.220456315204501 ], [ 6726562.226209033280611, 5997654.8335144771263 ], [ 6660755.829472279176116, 6017169.739444671198726 ], [ 6591362.796532411128283, 6074983.69050061609596 ], [ 6538230.137328759767115, 6092898.907334549352527 ], [ 6439263.830486946739256, 6067299.559283535927534 ], [ 6300718.353018268942833, 6124571.446719754487276 ], [ 6286408.962009539827704, 6072541.678137334994972 ], [ 5979976.143602756783366, 6321502.586088079027832 ], [ 5841858.578859490342438, 6395483.420620357617736 ], [ 5853346.194520286284387, 6425262.695167364552617 ], [ 5710256.191424599848688, 6335205.057912457734346 ], [ 5639454.368111426010728, 6329721.159120642580092 ], [ 5618639.970568240620196, 6382007.909333016723394 ], [ 5503691.487159312702715, 6414463.393301804549992 ], [ 5435941.058319501578808, 6391319.701183594763279 ], [ 5361595.272308574058115, 6489286.911030588671565 ], [ 5215359.430853080935776, 6509460.375265833921731 ], [ 5166958.504216111265123, 6470566.383981861174107 ], [ 4993926.724999711848795, 6435745.898081314750016 ], [ 4967792.572027983143926, 6412334.165375267155468 ], [ 4697146.455245476216078, 6379205.396930760703981 ], [ 4676197.704302152618766, 6346549.04050690960139 ], [ 4760024.27041255030781, 6280505.288212715648115 ], [ 4696532.552462676540017, 6255266.384736756794155 ], [ 4722081.744878012686968, 6228721.927317943423986 ], [ 4667075.271597385406494, 6181009.358239295892417 ], [ 4821051.406774004921317, 6113107.053980252705514 ], [ 4820379.292255290783942, 6065989.762760449200869 ], [ 4708313.442759903147817, 6070292.178317212499678 ], [ 4696971.868793812580407, 6040637.337152568623424 ], [ 4576597.134346950799227, 6092347.66755953617394 ], [ 4453025.727354184724391, 6090349.369905800558627 ], [ 4385089.69457905460149, 6048269.667716654017568 ], [ 4277560.802962093614042, 6088627.144703724421561 ], [ 4080920.200734154786915, 6157211.014796329662204 ], [ 3959965.45917420880869, 6154657.953259368427098 ], [ 3833546.23877619067207, 6046610.94235481787473 ], [ 3846599.179541044402868, 5973202.291523254476488 ], [ 3747425.781110283453017, 6031546.673287170939147 ], [ 3717458.900928167626262, 5920656.695505434647202 ], [ 3746767.968616306781769, 5899905.483867146074772 ], [ 3722949.824718655552715, 5822356.355302135460079 ], [ 3810902.67611748399213, 5752368.330617970786989 ], [ 3869837.022908911108971, 5755259.842063364572823 ], [ 3941165.272865367587656, 5685815.838185884989798 ], [ 3948157.673382087610662, 5631982.330449017696083 ], [ 3994223.858418246731162, 5615003.199288202449679 ] ] ], [ [ [ 10955801.043267885223031, 6350345.467460362240672 ], [ 11075214.446539016440511, 6257286.296460089273751 ], [ 11166792.307220840826631, 6160957.462928724475205 ], [ 11293797.366519091650844, 6060851.570857370272279 ], [ 11536963.882896795868874, 5881994.581464304588735 ], [ 11388988.043735718354583, 5915629.99174879770726 ], [ 11469224.559499895200133, 5767450.167071250267327 ], [ 11637955.280416203662753, 5660860.798423171043396 ], [ 11696286.05123202688992, 5587492.549708728678524 ], [ 11582567.639501787722111, 5650818.377565851435065 ], [ 11595683.579913426190615, 5569440.197501032613218 ], [ 11508728.218792445957661, 5657638.845635706558824 ], [ 11432921.449112497270107, 5759024.374058123677969 ], [ 11328148.208781931549311, 5870022.557379119098186 ], [ 11278498.987214853987098, 5946948.982162421569228 ], [ 11159449.409155962988734, 6081270.621420908719301 ], [ 11022137.830848252400756, 6178553.522162252105772 ], [ 10899860.701191468164325, 6311629.344023238867521 ], [ 10926655.470015823841095, 6355862.6970524340868 ], [ 10851460.311379697173834, 6400096.733306159265339 ], [ 10871761.084890820086002, 6413440.571219876408577 ], [ 10955801.043267885223031, 6350345.467460362240672 ] ] ], [ [ [ 11494846.104866785928607, 7757956.071509992703795 ], [ 11526237.952190041542053, 7783895.142245246097445 ], [ 11609414.897066470235586, 7741138.226857451722026 ], [ 11544912.02513537555933, 7737896.914931536652148 ], [ 11494846.104866785928607, 7757956.071509992703795 ] ] ], [ [ [ 9130210.884964084252715, 8000492.688932626508176 ], [ 9308398.086743462830782, 7986991.482940402813256 ], [ 9272853.03978200443089, 7966237.876576734706759 ], [ 9165687.865165773779154, 7970974.430928724817932 ], [ 9015753.933467775583267, 7991599.721194751560688 ], [ 9002298.277692580595613, 8008188.257718037813902 ], [ 9130210.884964084252715, 8000492.688932626508176 ] ] ], [ [ [ 8786058.686055621132255, 7893760.898431790992618 ], [ 8810312.438931964337826, 7915985.235414668917656 ], [ 8880265.053121577948332, 7921125.492578162811697 ], [ 9003797.331706713885069, 7899730.793004926294088 ], [ 9035521.904664121568203, 7884791.476469732820988 ], [ 8940760.224713047966361, 7884390.99020141735673 ], [ 8801791.724045149981976, 7890753.171907255426049 ], [ 8786058.686055621132255, 7893760.898431790992618 ] ] ], [ [ [ 8487483.502499619498849, 8040062.094112729653716 ], [ 8652485.131040181964636, 8037915.857711074873805 ], [ 8918408.642729315906763, 8011521.617857484146953 ], [ 8934251.42922755330801, 7973172.174681554548442 ], [ 8703658.843645457178354, 7974630.188839675858617 ], [ 8621025.704766703769565, 7962118.138028579764068 ], [ 8444238.989981450140476, 7996173.19741228595376 ], [ 8421719.63270959071815, 8030844.480950865894556 ], [ 8487483.502499619498849, 8040062.094112729653716 ] ] ], [ [ [ 6116072.564610688947141, 8178428.431827926076949 ], [ 6296016.333002647385001, 8155754.5216417722404 ], [ 6299807.876950028352439, 8138887.901628475636244 ], [ 5981660.630703889764845, 8122386.497668630443513 ], [ 6024821.237184936180711, 8176580.251037796027958 ], [ 6068208.907025526277721, 8180960.900891561061144 ], [ 6116072.564610688947141, 8178428.431827926076949 ] ] ], [ [ [ 5504194.369436239823699, 8241351.979383171536028 ], [ 5622286.820171329192817, 8248749.609163500368595 ], [ 5756603.552573386579752, 8232017.095311848446727 ], [ 5934936.004522980190814, 8197471.674021921120584 ], [ 5963126.687223656103015, 8162554.545807157643139 ], [ 5838967.898790016770363, 8157502.123682142235339 ], [ 5659139.636447780765593, 8169112.572430827654898 ], [ 5543150.22047053463757, 8184056.441179154440761 ], [ 5466996.042636463418603, 8210833.684807705692947 ], [ 5378401.439782788045704, 8217911.01752070337534 ], [ 5504194.369436239823699, 8241351.979383171536028 ] ] ], [ [ [ 3348423.543681785464287, 7915135.913475234992802 ], [ 3467733.208815035875887, 7962971.069853639230132 ], [ 3435625.259871799033135, 7986853.914062020368874 ], [ 3555573.064606918953359, 8013882.794761164113879 ], [ 3735613.528222120832652, 8045666.849128836765885 ], [ 3932000.275321927852929, 8054694.301433114334941 ], [ 4022622.740498534403741, 8072261.972515127621591 ], [ 4135946.869081524666399, 8078319.198358938097954 ], [ 4193307.116328497417271, 8059748.267927199602127 ], [ 4164453.196730465162545, 8044781.40114441793412 ], [ 3966585.516349602025002, 8020330.801585828885436 ], [ 3796547.752645978704095, 7996132.792270185425878 ], [ 3638908.295479455031455, 7945866.293874169699848 ], [ 3581191.852807417977601, 7891670.540852406062186 ], [ 3517260.865613334346563, 7835721.399168009869754 ], [ 3560860.804249976295978, 7785429.088299847207963 ], [ 3715247.123061717953533, 7734036.636609557084739 ], [ 3680514.55002704448998, 7728439.502943851985037 ], [ 3464559.508774480782449, 7736722.029350666329265 ], [ 3431335.398980629164726, 7764709.282391701824963 ], [ 3305728.390925946645439, 7781366.680689576081932 ], [ 3277814.739747457206249, 7814364.582638467662036 ], [ 3335503.31537720747292, 7827262.305366300977767 ], [ 3314605.84501467552036, 7859494.188118196092546 ], [ 3410161.653544857632369, 7908301.494412601925433 ], [ 3348423.543681785464287, 7915135.913475234992802 ] ] ], [ [ [ 2640489.952257562428713, 8226616.144226653501391 ], [ 2751787.970721757039428, 8232866.521507824771106 ], [ 2840877.516149529721588, 8233277.564057407900691 ], [ 2858493.772637945599854, 8224000.836167765781283 ], [ 2887286.783448311965913, 8232256.06719421967864 ], [ 2939240.260331325698644, 8237828.467429909855127 ], [ 3031128.705615874379873, 8230402.204820277169347 ], [ 3011724.511602215003222, 8225140.205067098140717 ], [ 2935511.524914940819144, 8220525.519610667601228 ], [ 2884123.722065148409456, 8217843.855892138555646 ], [ 2879442.69051903905347, 8211976.719723178073764 ], [ 2813946.796338543761522, 8205975.728475417941809 ], [ 2744948.969122986774892, 8214554.214306698180735 ], [ 2772139.331089579500258, 8225562.271056268364191 ], [ 2640489.952257562428713, 8226616.144226653501391 ] ] ], [ [ [ 2728502.465230355970562, 5569985.146175847388804 ], [ 2744994.291804975364357, 5596094.741722420789301 ], [ 2807333.111850404646248, 5573494.028244317509234 ], [ 2834393.334706991445273, 5569325.173425278626382 ], [ 2849098.074258252512664, 5548455.049971920438111 ], [ 2862063.646042315289378, 5545232.492235518060625 ], [ 2864532.682032582350075, 5536074.061135498806834 ], [ 2909635.227726252283901, 5510492.222277288325131 ], [ 2991912.355378557927907, 5516860.730247189290822 ], [ 2983580.966901720035821, 5478932.35686897020787 ], [ 2897280.064119570888579, 5460468.000186969526112 ], [ 2797118.217511826194823, 5398568.857232360169291 ], [ 2747267.691580214072019, 5420372.156170962378383 ], [ 2756214.246799970511347, 5470574.508437598124146 ], [ 2660830.493891398888081, 5501725.702699236571789 ], [ 2671604.527217454276979, 5522079.871551357209682 ], [ 2743338.071315451525152, 5557272.574398535303771 ], [ 2728502.465230355970562, 5569985.146175847388804 ] ] ], [ [ [ 1732938.098138653440401, 6409799.244222620502114 ], [ 1592964.332617792068049, 6408373.054119410924613 ], [ 1497534.746074746828526, 6419153.47580651845783 ], [ 1508895.452311590081081, 6460754.591572217643261 ], [ 1608845.506418092176318, 6491232.03193287551403 ], [ 1690757.867507033515722, 6474788.762789377011359 ], [ 1726731.377877531340346, 6459851.418973351828754 ], [ 1722886.054404537193477, 6433994.751613114029169 ], [ 1732938.098138653440401, 6409799.244222620502114 ] ] ], [ [ [ -11517772.578331533819437, 7744990.692753682844341 ], [ -11609414.897066470235586, 7741138.226857451722026 ], [ -11526237.952190041542053, 7783895.142245246097445 ], [ -11512977.667429778724909, 7786477.821419827640057 ], [ -11458980.091783525422215, 7786349.119907145388424 ], [ -11400565.726726550608873, 7768628.731517705135047 ], [ -11422475.064558934420347, 7760086.109085469506681 ], [ -11517772.578331533819437, 7744990.692753682844341 ] ] ], [ [ [ -11726769.106125866994262, 7495365.180853220634162 ], [ -11810601.923084806650877, 7450220.433447040617466 ], [ -11796314.792633257806301, 7431914.965933292172849 ], [ -11720845.150816982612014, 7485002.849625140428543 ], [ -11556969.966046137735248, 7474202.444543980062008 ], [ -11539783.225214831531048, 7405317.814391403459013 ], [ -11660958.962066942825913, 7372600.010652410797775 ], [ -11785729.849946903064847, 7364773.740748821757734 ], [ -11909656.975286381319165, 7289788.162312920205295 ], [ -11963419.445265976712108, 7273568.486371287144721 ], [ -12024421.568112011998892, 7275905.050167920999229 ], [ -12032915.65391019359231, 7303009.363774609751999 ], [ -12087291.902273699641228, 7325492.483768717385828 ], [ -12047266.455000100657344, 7358613.915167171508074 ], [ -12095714.588312819600105, 7371002.231939434073865 ], [ -12190080.106701606884599, 7361182.172083396464586 ], [ -12181932.261985294520855, 7387591.500391657464206 ], [ -12119182.295422270894051, 7415360.919141039252281 ], [ -12231260.030362708494067, 7397645.930757762864232 ], [ -12261632.374824842438102, 7362212.600364659912884 ], [ -12355743.499347744509578, 7329853.532086388207972 ], [ -11842242.576588723808527, 7618357.880086907185614 ], [ -11776746.037310615181923, 7565790.212272546254098 ], [ -11726769.106125866994262, 7495365.180853220634162 ] ] ] ] } },
{ "type": "Feature", "properties": { "pop_est": 329988, "continent": "North America", "name": "Bahamas", "iso_a3": "BHS", "gdp_md_est": 9066.0, "lon_c": -7128129.7515756357, "lat_c": 3365477.4290290987 }, "geometry": { "type": "MultiPolygon", "coordinates": [ [ [ [ -7062970.703678962774575, 3408501.235285906586796 ], [ -7003843.787653371691704, 3353955.939079186879098 ], [ -7039072.857911180704832, 3267567.620106555987149 ], [ -7052350.251843365840614, 3283164.928591241128743 ], [ -7036442.024021748453379, 3346674.677691472228616 ], [ -7066059.236459658481181, 3394592.097148701082915 ], [ -7062970.703678962774575, 3408501.235285906586796 ] ] ], [ [ [ -7178223.727749106474221, 3378212.32366433693096 ], [ -7133221.610293516889215, 3387908.606867392081767 ], [ -7074106.253475751727819, 3384272.922063401434571 ], [ -7078710.855152542702854, 3352742.534393860958517 ], [ -7182399.865190939977765, 3333320.516232565976679 ], [ -7178223.727749106474221, 3378212.32366433693096 ] ] ], [ [ [ -7150107.728029971010983, 3186027.417995619121939 ], [ -7123669.718541515991092, 3181107.070952341426164 ], [ -7113328.416318347677588, 3079583.331193017307669 ], [ -7127568.295313636772335, 3008401.676190281286836 ], [ -7151372.60979425534606, 3002290.894490522332489 ], [ -7160041.731028634123504, 3072984.396794602274895 ], [ -7186852.06805291865021, 3108442.117678781971335 ], [ -7150107.728029971010983, 3186027.417995619121939 ] ] ] ] } },
{ "type": "Feature", "properties": { "pop_est": 2931, "continent": "South America", "name": "Falkland Is.", "iso_a3": "FLK", "gdp_md_est": 281.8, "lon_c": -4632227.8204370616, "lat_c": -6155356.8647747831 }, "geometry": { "type": "Polygon", "coordinates": [ [ [ -4767457.504333113320172, -6170149.818607523106039 ], [ -4697633.544833081774414, -6110859.373334155417979 ], [ -4621391.764335572719574, -6135621.362772025167942 ], [ -4589846.536701603792608, -6095962.965358490124345 ], [ -4510113.012688093818724, -6140563.910942043177783 ], [ -4520157.402858291752636, -6175069.191248566843569 ], [ -4613482.943488898687065, -6204515.280474476516247 ], [ -4662293.000561058521271, -6170149.818607523106039 ], [ -4710422.522224749438465, -6214303.795006273314357 ], [ -4767457.504333113320172, -6170149.818607523106039 ] ] ] } },
{ "type": "Feature", "properties": { "pop_est": 5320045, "continent": "Europe", "name": "Norway", "iso_a3": "NOR", "gdp_md_est": 364700.0, "lon_c": 1341868.4467610947, "lat_c": 8204051.3762293765 }, "geometry": { "type": "MultiPolygon", "coordinates": [ [ [ [ 2033214.190888732671738, 7658334.181736388243735 ], [ 1930217.634535813704133, 7631447.58943856600672 ], [ 1879040.184945189394057, 7625218.378677843138576 ], [ 1892674.217833838891238, 7672148.302208447828889 ], [ 1801336.769683175254613, 7698220.223858611658216 ], [ 1706618.257604879094288, 7676027.717737095430493 ], [ 1687783.356910657603294, 7627068.538811604492366 ], [ 1632833.930925756460056, 7596900.747776590287685 ], [ 1557935.436990669928491, 7613432.895223417319357 ], [ 1472737.683884835336357, 7610057.681632298976183 ], [ 1391656.542277159867808, 7645805.293427563272417 ], [ 1356212.570088346488774, 7628024.405115244910121 ], [ 1316040.591674427501857, 7625242.872445878572762 ], [ 1315611.899305193219334, 7580186.447147463448346 ], [ 1188841.529604572802782, 7591249.50302850548178 ], [ 1178345.901927846483886, 7552541.116538976319134 ], [ 1114480.33819098258391, 7552778.550328113138676 ], [ 1078776.128026623046026, 7502303.008078467100859 ], [ 1023819.918078435002826, 7421430.14239093195647 ], [ 932397.583296698750928, 7315040.472659924998879 ], [ 960899.972961958148517, 7288593.213555646128953 ], [ 940783.860828387667425, 7257617.892537371255457 ], [ 871865.017166944337077, 7258961.261532451957464 ], [ 834989.659124901983887, 7184455.186113464646041 ], [ 850851.545491828699596, 7076089.81803447380662 ], [ 900830.384373754030094, 7033873.372679737396538 ], [ 887673.957802385441028, 6934170.549961888231337 ], [ 833269.295063285855576, 6874919.317829580046237 ], [ 805777.442460482125171, 6824497.383019025437534 ], [ 752215.929548663785681, 6878173.709735182113945 ], [ 615718.834054685896263, 6776490.925804056227207 ], [ 518954.776817787031177, 6755612.60642178170383 ], [ 415088.918407158867922, 6800858.78912797011435 ], [ 384810.687468343705405, 6894960.594512919895351 ], [ 353576.544613588484935, 7090198.410912673920393 ], [ 416035.347411636612378, 7142916.826909875497222 ], [ 596607.095077192294411, 7210521.78606553375721 ], [ 726424.102525284979492, 7291750.158278736285865 ], [ 840264.009281788486987, 7398032.436795101501048 ], [ 983178.119780914625153, 7538471.987212567590177 ], [ 1085958.086694818455726, 7590961.190617867745459 ], [ 1250688.360947028500959, 7675510.037020042538643 ], [ 1387284.237272717757151, 7704130.088288713246584 ], [ 1494894.286446037702262, 7700683.314492533914745 ], [ 1579864.739814882632345, 7753664.389357654377818 ], [ 1698020.649025345221162, 7750878.700051087886095 ], [ 1809835.789323406293988, 7763385.072141487151384 ], [ 2026416.189458667067811, 7716961.711140180006623 ], [ 1948531.22406684467569, 7699655.493939891457558 ], [ 2033214.190888732671738, 7658334.181736388243735 ] ] ], [ [ [ 1620137.266318070935085, 8207663.193096493370831 ], [ 1538909.081457209540531, 8187560.800298379734159 ], [ 1368032.232312171254307, 8183034.982557204551995 ], [ 1191218.734710618155077, 8189429.114406029693782 ], [ 1178120.991664283443242, 8199789.39226599689573 ], [ 1093006.03776429942809, 8200439.559362259693444 ], [ 1024641.402949149138294, 8217109.793512203730643 ], [ 1204330.164403475355357, 8226905.05291988607496 ], [ 1292104.510752708883956, 8218485.894396504387259 ], [ 1348772.157067398307845, 8228940.35302619356662 ], [ 1500316.390215352643281, 8220240.558492679148912 ], [ 1620137.266318070935085, 8207663.193096493370831 ] ] ], [ [ [ 1488139.562883045757189, 8119466.879268289543688 ], [ 1358575.727648994419724, 8101381.84051698166877 ], [ 1249428.883456930750981, 8111711.485228035598993 ], [ 1288120.108350298600271, 8122995.145678978413343 ], [ 1248335.607960693305358, 8136680.867778372019529 ], [ 1370304.878942192532122, 8145092.956145984120667 ], [ 1398557.821364833740517, 8129223.153209489770234 ], [ 1488139.562883045757189, 8119466.879268289543688 ] ] ], [ [ [ 897783.510174843366258, 8193500.563913062214851 ], [ 917865.553262543748133, 8206191.467280766926706 ], [ 1004420.963261006283574, 8207461.118408013135195 ], [ 1081877.319970821030438, 8194533.824096341617405 ], [ 1284665.633130013942719, 8165574.847154956310987 ], [ 1138322.035464907297865, 8149561.093768819235265 ], [ 1112072.635263848816976, 8118281.952434462495148 ], [ 1061011.513034989824519, 8109984.087131868116558 ], [ 1040013.278783811605535, 8072244.544066230766475 ], [ 967145.916577205527574, 8070417.94822927378118 ], [ 831837.373097181669436, 8098477.956841812469065 ], [ 883871.590639491565526, 8114293.167580257169902 ], [ 791558.226905375369824, 8126877.207600333727896 ], [ 669668.217471827636473, 8162085.215667239390314 ], [ 619338.951245845877565, 8192673.368313605897129 ], [ 778835.672547449008562, 8205985.928454397246242 ], [ 813428.723121585324407, 8192975.448932847008109 ], [ 897783.510174843366258, 8193500.563913062214851 ] ] ] ] } },
{ "type": "Feature", "properties": { "pop_est": 57713, "continent": "North America", "name": "Greenland", "iso_a3": "GRL", "gdp_md_est": 2173.0, "lon_c": -2547103.7153186528, "lat_c": 7616611.0957905706 }, "geometry": { "type": "Polygon", "coordinates": [ [ [ -2716107.339123581070453, 8290043.44462157972157 ], [ -2512385.967289846390486, 8305863.4564203703776 ], [ -2309871.066211048979312, 8304716.342622710391879 ], [ -2231508.204404297750443, 8313908.634838675148785 ], [ -2026269.070238542975858, 8316222.398274581879377 ], [ -1566056.133243029005826, 8313194.211623067036271 ], [ -1210015.533768399851397, 8292746.584937403909862 ], [ -1320280.724390127463266, 8282009.114936124533415 ], [ -1543294.910423459718004, 8280748.715464019216597 ], [ -1857686.58030500356108, 8277927.113286699168384 ], [ -1830440.236420474946499, 8272683.86657183803618 ], [ -1622924.131805325392634, 8275935.981755414046347 ], [ -1450663.966233625542372, 8265622.356806973926723 ], [ -1334668.847512992564589, 8274801.827586366795003 ], [ -1289210.795245085377246, 8264016.194829844869673 ], [ -1358697.248800673289225, 8245570.605236168950796 ], [ -1206315.331436645705253, 8257497.301091936416924 ], [ -919946.098847695975564, 8269423.744432670995593 ], [ -745983.311357216327451, 8263535.673240969888866 ], [ -715236.987851849407889, 8250078.543250374495983 ], [ -958912.87573774845805, 8226277.635351148433983 ], [ -993849.83755767182447, 8218213.818915700539947 ], [ -1183906.705308652948588, 8212034.785971962846816 ], [ -1047513.221398765570484, 8210303.212204115465283 ], [ -1122971.184666664572433, 8183034.530662409961224 ], [ -1177004.208187061594799, 8157301.813849163241684 ], [ -1186383.96219606581144, 8110011.972058192826807 ], [ -1120511.850685627898201, 8080449.377609686926007 ], [ -1215726.098821229068562, 8078534.73142780829221 ], [ -1319329.21370966732502, 8063697.608779817819595 ], [ -1213003.811937982449308, 8038170.066139413043857 ], [ -1208398.265923572937027, 7995489.327802200801671 ], [ -1275467.26216288167052, 7990713.748050902970135 ], [ -1205691.406356785679236, 7945137.700759885832667 ], [ -1344905.466810467885807, 7941239.114073997363448 ], [ -1277878.335046619875357, 7918881.078895559534431 ], [ -1303016.978223483078182, 7899115.50619790982455 ], [ -1393690.308756488841027, 7890333.609969976358116 ], [ -1481340.148083850508556, 7890167.338214329443872 ], [ -1412359.918314586160704, 7850973.886323845013976 ], [ -1418019.534163594944403, 7824546.173005069606006 ], [ -1537251.513816011371091, 7849127.116160169243813 ], [ -1574187.290183507604524, 7833277.40993588976562 ], [ -1492340.355800458230078, 7818301.403447300195694 ], [ -1417961.346465269103646, 7781009.554826956242323 ], [ -1405533.895460350671783, 7730416.289693049155176 ], [ -1523806.012619756162167, 7718069.115206599235535 ], [ -1567321.866414715768769, 7742677.949023069813848 ], [ -1637117.975351156201214, 7778656.664499294944108 ], [ -1626777.902371023548767, 7736060.683298191986978 ], [ -1711248.430476820096374, 7702267.306287949904799 ], [ -1540878.248532184399664, 7699509.271848289296031 ], [ -1452204.423026281176135, 7695958.603788240812719 ], [ -1641503.482522767735645, 7638311.689906399697065 ], [ -1835147.932588009862229, 7584562.595618876628578 ], [ -2036193.124633027939126, 7560556.947868222370744 ], [ -2109504.710913733579218, 7560259.893448757007718 ], [ -2187163.260170115623623, 7533158.272253142669797 ], [ -2305727.387129605747759, 7457203.633613971993327 ], [ -2469084.92145501030609, 7405441.660683250054717 ], [ -2517116.080203607678413, 7402364.669059372507036 ], [ -2614384.276434596162289, 7383960.641301947645843 ], [ -2719023.521046116482466, 7366331.238352467305958 ], [ -2795763.174214548431337, 7319118.137751176953316 ], [ -2817411.712886726018041, 7264672.35572175309062 ], [ -2872092.47604486066848, 7212789.174855983816087 ], [ -3010688.414515753276646, 7148430.992552477866411 ], [ -3006421.805481242481619, 7084411.485853627324104 ], [ -3063943.587776685133576, 7015441.817506670951843 ], [ -3131096.673252496868372, 6932435.122731163166463 ], [ -3234770.579590967856348, 6927196.955716367810965 ], [ -3314161.488284628838301, 6996820.136899963952601 ], [ -3457204.694792957510799, 6997255.541862649843097 ], [ -3507179.546484203077853, 7043346.75842672586441 ], [ -3519394.186925738118589, 7124071.226310234516859 ], [ -3594972.918695975560695, 7224276.482210271991789 ], [ -3605589.221427428070456, 7275578.616584118455648 ], [ -3580959.514587683603168, 7344919.514707728289068 ], [ -3640026.572981561534107, 7414428.754518883302808 ], [ -3587328.631104093044996, 7468636.664708647876978 ], [ -3618612.337773960549384, 7494148.868427733890712 ], [ -3508232.362982706632465, 7576748.821574375033379 ], [ -3395051.113115331623703, 7602389.578788085840642 ], [ -3353993.232458557933569, 7630832.612793054431677 ], [ -3312575.741657390724868, 7682854.807348606176674 ], [ -3399751.362488087732345, 7659453.306476466357708 ], [ -3440779.818386086262763, 7649533.984310753643513 ], [ -3504914.772070566657931, 7639980.531562219373882 ], [ -3572919.219605387654155, 7661786.300758796744049 ], [ -3551540.930625173263252, 7706343.284246450290084 ], [ -3506371.363602741621435, 7740447.829053029417992 ], [ -3446016.781309285201132, 7741363.71046188287437 ], [ -3323702.636281103827059, 7724410.247060710564256 ], [ -3411957.552404968999326, 7764596.096227464266121 ], [ -3457001.331587573047727, 7785835.433727696537971 ], [ -3525940.546067226678133, 7777145.31312842387706 ], [ -3570164.82133960723877, 7792427.650322118774056 ], [ -3465052.197559377644211, 7848442.439111982472241 ], [ -3490169.731498374138027, 7870184.365715785883367 ], [ -3515409.929038263857365, 7909546.750606011599302 ], [ -3552990.782055975403637, 7967370.138159009627998 ], [ -3618118.002027656883001, 7987747.096407731994987 ], [ -3602780.046835810877383, 8009225.515204659663141 ], [ -3746888.489890420343727, 8038380.621044780127704 ], [ -3874069.879515017848462, 8041937.949968202039599 ], [ -4038933.068090351298451, 8039969.260264772921801 ], [ -4191010.271894497331232, 8036372.230603505857289 ], [ -4249307.920819293707609, 8051845.36839421838522 ], [ -4330180.256753036752343, 8081509.420406396500766 ], [ -4159123.960261822212487, 8095893.74293127655983 ], [ -4035501.129277422558516, 8098279.636168605647981 ], [ -4284241.586488123983145, 8109895.112633798271418 ], [ -4404445.002078359015286, 8127705.660334086976945 ], [ -4381592.547002280130982, 8144165.729538685642183 ], [ -4138197.362721349578351, 8163880.320079993456602 ], [ -3904473.239107477013022, 8182816.739090968854725 ], [ -3870371.07140115974471, 8196649.365504341199994 ], [ -4019176.656123051885515, 8209872.0115981483832 ], [ -3955867.199308537878096, 8224044.476701532490551 ], [ -3733232.250500211492181, 8247567.628182522021234 ], [ -3645258.382772819604725, 8251029.808844092302024 ], [ -3658586.507440865505487, 8265116.876675986684859 ], [ -3514247.597572418861091, 8273042.606855658814311 ], [ -3331652.018499658443034, 8277657.802382638677955 ], [ -3152508.665588738862425, 8277916.067587234079838 ], [ -3095132.800027883611619, 8268697.304377866908908 ], [ -2930123.837345163803548, 8284768.661845095455647 ], [ -2797889.930734064429998, 8273965.429414944723248 ], [ -2717432.390769033692777, 8271624.700511379167438 ], [ -2601861.398089833091944, 8261741.611416065134108 ], [ -2731251.295264887623489, 8277921.009147166274488 ], [ -2716107.339123581070453, 8290043.44462157972157 ] ] ] } },
{ "type": "Feature", "properties": { "pop_est": 140, "continent": "Seven seas (open ocean)", "name": "Fr. S. Antarctic Lands", "iso_a3": "ATF", "gdp_md_est": 16.0, "lon_c": 5546877.3404335268, "lat_c": -5900074.9652865669 }, "geometry": { "type": "Polygon", "coordinates": [ [ [ 5513191.384616365656257, -5846050.752180028706789 ], [ 5550985.553361104801297, -5878279.112014929763973 ], [ 5620809.03682511113584, -5891034.803538849577308 ], [ 5615110.240634670481086, -5910386.935504381544888 ], [ 5572474.882027173414826, -5956549.682663526386023 ], [ 5447909.281852021813393, -5963123.416113161481917 ], [ 5469229.132103434763849, -5909115.127034284174442 ], [ 5498918.058561314828694, -5867038.400118595920503 ], [ 5513191.384616365656257, -5846050.752180028706789 ] ] ] } },
{ "type": "Feature", "properties": { "pop_est": 1291358, "continent": "Asia", "name": "Timor-Leste", "iso_a3": "TLS", "gdp_md_est": 4975.0, "lon_c": 11990628.935868498, "lat_c": -1125974.4567006025 }, "geometry": { "type": "Polygon", "coordinates": [ [ [ 11903768.318226037546992, -1140314.401928023668006 ], [ 11918537.385560849681497, -1110182.134249091614038 ], [ 12003895.36309776827693, -1081460.186941045103595 ], [ 12070883.510654056444764, -1077134.655645979568362 ], [ 12102495.664465351030231, -1061171.481588338967413 ], [ 12136779.841114837676287, -1077015.783405452268198 ], [ 12097662.477200292050838, -1111634.511473181657493 ], [ 11991613.957487503066659, -1167540.572311950149015 ], [ 11907292.898827344179153, -1204196.527579609537497 ], [ 11910363.357236759737134, -1165495.261367005994543 ], [ 11903768.318226037546992, -1140314.401928023668006 ] ] ] } },
{ "type": "Feature", "properties": { "pop_est": 54841552, "continent": "Africa", "name": "South Africa", "iso_a3": "ZAF", "gdp_md_est": 739100.0, "lon_c": 2363487.2432506783, "lat_c": -3564037.2809576998 }, "geometry": { "type": "Polygon", "coordinates": [ [ [ 1474588.935629403684288, -3593889.450101492926478 ], [ 1520995.938179423101246, -3534379.086224635131657 ], [ 1554897.902085167355835, -3567342.398318827152252 ], [ 1567246.814184984890744, -3618731.970361525658518 ], [ 1607180.500091992784292, -3627478.388105433899909 ], [ 1662469.173474827082828, -3650160.501493158750236 ], [ 1711382.081827948335558, -3641403.924127916339785 ], [ 1795723.426220297114924, -3579991.944736462086439 ], [ 1822345.530875092139468, -3131953.817054382991046 ], [ 1846049.082306903786957, -3150315.797208602540195 ], [ 1893517.570358945056796, -3266223.294003753457218 ], [ 1880639.029533431632444, -3340296.266683105379343 ], [ 1898292.799184725387022, -3382884.318431873805821 ], [ 1964184.123697449453175, -3370517.430225934367627 ], [ 2013193.274683265713975, -3316345.764877123758197 ], [ 2058730.069392925361171, -3279770.167549760080874 ], [ 2084866.96467791008763, -3221428.558244805783033 ], [ 2131290.907832510769367, -3193154.902583590708673 ], [ 2168831.580544977448881, -3207972.950862895231694 ], [ 2210132.434882861562073, -3242119.296640770509839 ], [ 2283997.908034247811884, -3248144.11807160358876 ], [ 2344442.1374267116189, -3219765.075865502469242 ], [ 2356452.298945403657854, -3181698.71410096436739 ], [ 2376739.295086086727679, -3123217.384148245211691 ], [ 2427300.187801226973534, -3113422.144832345657051 ], [ 2458198.28540918417275, -3067412.537748488131911 ], [ 2494640.811859503388405, -2985619.57657257700339 ], [ 2583842.99495361931622, -2893726.318854684010148 ], [ 2720974.865853973664343, -2802823.625571743585169 ], [ 2758489.480125173460692, -2804171.340488906949759 ], [ 2801663.976048609241843, -2825101.895886934828013 ], [ 2833914.651096280198544, -2810270.514199316967279 ], [ 2882101.317886371165514, -2822618.751328690908849 ], [ 2912411.505830093286932, -2996021.511406274046749 ], [ 2928922.186015769839287, -3083187.509802371729165 ], [ 2900579.258976394776255, -3219456.312597535084933 ], [ 2904392.473548095673323, -3263203.581024009734392 ], [ 2860365.8059102431871, -3240897.804568054620177 ], [ 2833204.045084349811077, -3249579.305642129387707 ], [ 2821420.386515322607011, -3285026.108251442201436 ], [ 2792430.446314337197691, -3330658.390644470695406 ], [ 2789456.961640526074916, -3372616.578331597615033 ], [ 2837498.304116631858051, -3438256.362034926190972 ], [ 2891856.495063918177038, -3425196.771890837699175 ], [ 2915538.677237403579056, -3371400.972699999343604 ], [ 2984387.863259331788868, -3372416.069936178158969 ], [ 2952959.595801271032542, -3460534.127219786401838 ], [ 2932068.152933138888329, -3560732.163596571888775 ], [ 2903088.023309972602874, -3614996.698678453452885 ], [ 2835330.830439869780093, -3675556.40847631264478 ], [ 2815956.016508071683347, -3692867.356090160086751 ], [ 2771573.067669092677534, -3753580.614852257538587 ], [ 2740149.710904873907566, -3814824.580861731432378 ], [ 2680470.591608109418303, -3899938.955335589125752 ], [ 2566963.431577780283988, -4021901.2010701992549 ], [ 2496940.207258876878768, -4092476.62784321513027 ], [ 2424586.199423193000257, -4145835.35488368337974 ], [ 2327723.216782377567142, -4191216.196602128911763 ], [ 2282198.718726075254381, -4197300.521887031383812 ], [ 2267589.104200266767293, -4229692.438862468115985 ], [ 2215820.987311359494925, -4212454.374780911020935 ], [ 2170114.41589811258018, -4234649.906590186059475 ], [ 2076872.179201396880671, -4212176.987376325763762 ], [ 2022269.249983929330483, -4226402.783534592948854 ], [ 1986383.773406314663589, -4220297.887654938735068 ], [ 1891749.06314312457107, -4266284.488561188802123 ], [ 1815271.998093253234401, -4284696.963017229922116 ], [ 1757552.109204752836376, -4328572.320491695776582 ], [ 1717502.817466223146766, -4331358.09560046903789 ], [ 1683629.634213339537382, -4289975.647385822609067 ], [ 1654142.662504665087909, -4287849.948103514499962 ], [ 1620131.524190023774281, -4235896.591827637515962 ], [ 1614815.056207566289231, -4252047.618040152825415 ], [ 1605370.710717427777126, -4220725.838803021237254 ], [ 1610680.487492043990642, -4152212.675102227833122 ], [ 1587321.377788296202198, -4073600.685945868026465 ], [ 1617351.669361365726218, -4052177.009679818991572 ], [ 1621061.702850922709331, -3961658.22315350593999 ], [ 1569712.779416463337839, -3850734.759507638867944 ], [ 1530719.794821978546679, -3749842.483261890243739 ], [ 1530603.857617729343474, -3749521.690420695580542 ], [ 1474588.935629403684288, -3593889.450101492926478 ] ], [ [ 2610050.483892470598221, -3639383.187327062245458 ], [ 2574154.341847571544349, -3602396.679927484598011 ], [ 2529777.07148415595293, -3626889.192237901501358 ], [ 2476723.705639080144465, -3673798.602045834995806 ], [ 2421928.981693824753165, -3749521.690420695580542 ], [ 2480505.688384999055415, -3841153.076229410711676 ], [ 2513642.164222431834787, -3829335.948901698924601 ], [ 2533789.995369219686836, -3791296.90473254956305 ], [ 2585537.971454329788685, -3772680.95768718002364 ], [ 2604597.892127110157162, -3733735.489479340612888 ], [ 2637814.308651412371546, -3675556.40847631264478 ], [ 2610050.483892470598221, -3639383.187327062245458 ] ] ] } },
{ "type": "Feature", "properties": { "pop_est": 1958042, "continent": "Africa", "name": "Lesotho", "iso_a3": "LSO", "gdp_md_est": 6019.0, "lon_c": 2537804.0279372428, "lat_c": -3704645.9489778266 }, "geometry": { "type": "Polygon", "coordinates": [ [ [ 2610050.483892470598221, -3639383.187327062245458 ], [ 2637814.308651412371546, -3675556.40847631264478 ], [ 2604597.892127110157162, -3733735.489479340612888 ], [ 2585537.971454329788685, -3772680.95768718002364 ], [ 2533789.995369219686836, -3791296.90473254956305 ], [ 2513642.164222431834787, -3829335.948901698924601 ], [ 2480505.688384999055415, -3841153.076229410711676 ], [ 2421928.981693824753165, -3749521.690420695580542 ], [ 2476723.705639080144465, -3673798.602045834995806 ], [ 2529777.07148415595293, -3626889.192237901501358 ], [ 2574154.341847571544349, -3602396.679927484598011 ], [ 2610050.483892470598221, -3639383.187327062245458 ] ] ] } },
{ "type": "Feature", "properties": { "pop_est": 124574795, "continent": "North America", "name": "Mexico", "iso_a3": "MEX", "gdp_md_est": 2307000.0, "lon_c": -9404672.9588335715, "lat_c": 2988691.4689711565 }, "geometry": { "type": "Polygon", "coordinates": [ [ [ -10375855.869709592312574, 4064670.991413186304271 ], [ -10271274.295358747243881, 4073729.8930574785918 ], [ -10153356.941918730735779, 4086472.268082103226334 ], [ -10171483.108417795971036, 4063487.911113512236625 ], [ -10061616.079039858654141, 4006232.294617521576583 ], [ -9892378.851711634546518, 3922979.529840825125575 ], [ -9714858.343875017017126, 3923834.543712822254747 ], [ -9644185.071194801479578, 3923867.701438775286078 ], [ -9625044.299751194193959, 3972674.325560840778053 ], [ -9471008.092797473073006, 3972634.899922310374677 ], [ -9454575.47027469612658, 3930702.986029435880482 ], [ -9423081.775262836366892, 3893246.667668788693845 ], [ -9389288.76036399230361, 3841023.98156620003283 ], [ -9382055.814000599086285, 3778843.193779493682086 ], [ -9382902.842868011444807, 3713201.599554679356515 ], [ -9348939.848104367032647, 3677067.005654975771904 ], [ -9286459.263843389227986, 3641110.881997709628195 ], [ -9197600.803925808519125, 3735674.83681898470968 ], [ -9123432.415918419137597, 3737980.17491434328258 ], [ -9076257.766043102368712, 3690321.930300293955952 ], [ -9058142.308528039604425, 3608237.098223160021007 ], [ -9049507.467605829238892, 3537732.868915763683617 ], [ -9017549.37474156729877, 3468972.409286129754037 ], [ -9023233.795377548784018, 3384272.922063401434571 ], [ -9014588.468541653826833, 3327248.232795558404177 ], [ -8954415.796115960925817, 3289569.452306437306106 ], [ -8897261.276552749797702, 3262797.943618484772742 ], [ -8860660.748551953583956, 3266449.834995916113257 ], [ -8925644.754196718335152, 3159381.991465162020177 ], [ -8965213.908399825915694, 3071292.21791803278029 ], [ -9014035.683271490037441, 2906645.097053937613964 ], [ -9037704.161768266931176, 2846414.936027722433209 ], [ -9037823.044283336028457, 2779006.295547120273113 ], [ -9023179.886294215917587, 2718633.235999647527933 ], [ -9026335.640318127349019, 2622403.437749673146755 ], [ -8984601.696172585710883, 2529792.421713176649064 ], [ -8977611.163614621385932, 2458666.752755039837211 ], [ -8953464.43268084526062, 2397188.434789527673274 ], [ -8860773.516947710886598, 2364021.726806883700192 ], [ -8832088.711155813187361, 2311669.643945076037198 ], [ -8743502.101517353206873, 2346649.36726447660476 ], [ -8669860.043428419157863, 2359284.231656795367599 ], [ -8595678.432511016726494, 2381758.306958495639265 ], [ -8532858.220875019207597, 2403193.57321189250797 ], [ -8463809.960394797846675, 2454143.371457607485354 ], [ -8427446.469480661675334, 2526863.899450247641653 ], [ -8398723.411825027316809, 2631358.550885525532067 ], [ -8375152.180741954594851, 2667650.752423751167953 ], [ -8305545.95288853161037, 2700129.99520276626572 ], [ -8201529.49979635886848, 2728873.401604134589434 ], [ -8120408.583069796673954, 2724558.748376971576363 ], [ -8062057.032754238694906, 2735049.982077579014003 ], [ -8045227.389264120720327, 2708780.780077874660492 ], [ -8060423.903494446538389, 2649034.443893571849912 ], [ -8124894.13517789915204, 2575159.010052749887109 ], [ -8161559.959631754085422, 2499344.254800009075552 ], [ -8148468.300572648644447, 2477631.613718628417701 ], [ -8172409.070372670888901, 2423685.101961568463594 ], [ -8213302.212967256084085, 2326122.969925769139081 ], [ -8231304.027071018703282, 2358259.750403418205678 ], [ -8251240.64146420545876, 2356175.160620887763798 ], [ -8269298.683151314966381, 2354530.038982431869954 ], [ -8316137.809214708395302, 2278953.793651307467371 ], [ -8330537.083654417656362, 2293777.388671237975359 ], [ -8342875.353036129847169, 2288009.122653388883919 ], [ -8345357.659808054566383, 2269569.49009989015758 ], [ -8431698.079267360270023, 2270949.089643211103976 ], [ -8519134.129938643425703, 2270732.113254508003592 ], [ -8531521.113811619579792, 2200119.497567175887525 ], [ -8573917.455601843073964, 2199808.111242529936135 ], [ -8546141.058305723592639, 2157897.588343997020274 ], [ -8516268.827312622219324, 2128864.139225265942514 ], [ -8510316.819207869470119, 2101610.350594156887382 ], [ -8496339.672131301835179, 2093977.670061428565532 ], [ -8505612.388775521889329, 2051110.883509883424267 ], [ -8626348.56956353969872, 2050733.436752781737596 ], [ -8687766.179851438850164, 1947978.737765086116269 ], [ -8677970.311398254707456, 1924393.760195156559348 ], [ -8693343.234796682372689, 1894783.544810736551881 ], [ -8701076.294132458046079, 1857978.979143824195489 ], [ -8787026.467305473983288, 1993888.534906742395833 ], [ -8828960.459075603634119, 2034812.970205528894439 ], [ -8900302.71635658480227, 2067657.119768075179309 ], [ -8954339.741849826648831, 2058509.556612316053361 ], [ -9037751.961851609870791, 2011114.849950645351782 ], [ -9087231.019552109763026, 1998689.953462263569236 ], [ -9148133.072191338986158, 2031902.994705962948501 ], [ -9214522.497420506551862, 2055864.512505047256127 ], [ -9292214.258382262662053, 2113593.28328954661265 ], [ -9359432.060396766290069, 2131212.814219607040286 ], [ -9454819.753471072763205, 2189625.252873231656849 ], [ -9521666.869880506768823, 2249599.30596613092348 ], [ -9538674.73097394220531, 2283075.383938147686422 ], [ -9589544.985987804830074, 2290550.232395421247929 ], [ -9677119.210083356127143, 2330188.297172729391605 ], [ -9704035.727115584537387, 2387258.657589880283922 ], [ -9788845.594320312142372, 2458138.030504767317325 ], [ -9817688.322635654360056, 2536745.962543472182006 ], [ -9825644.324581224471331, 2597381.778763029258698 ], [ -9791759.672434281557798, 2609515.802080013323575 ], [ -9792816.602582275867462, 2644941.099783762358129 ], [ -9763660.61682065948844, 2677133.192332306411117 ], [ -9752636.982350558042526, 2720006.661056684330106 ], [ -9769876.26006318628788, 2775599.251605189405382 ], [ -9765558.638980243355036, 2824789.19618983566761 ], [ -9780102.064075257629156, 2887069.197847377043217 ], [ -9827690.746972067281604, 3009387.193001190666109 ], [ -9892398.498537285253406, 3105170.564902880229056 ], [ -9914144.075652863830328, 3181389.611120893154293 ], [ -9977256.911562912166119, 3231199.597669309936464 ], [ -9984715.120359851047397, 3260957.530554037541151 ], [ -9946842.56537944637239, 3336105.297983256168664 ], [ -9984013.169820951297879, 3364410.225413727108389 ], [ -10018103.730950964614749, 3423283.299468267709017 ], [ -10011951.040617609396577, 3507583.255655110348016 ], [ -10057208.281748313456774, 3517394.874380051158369 ], [ -10087266.185660563409328, 3580815.408599610440433 ], [ -10108365.527188831940293, 3639240.688208584208041 ], [ -10098490.376821229234338, 3676689.083352484740317 ], [ -10112798.934457592666149, 3766844.157060989644378 ], [ -10109017.240180106833577, 3858001.164801171049476 ], [ -10089524.009645745158195, 3903577.878928851336241 ], [ -10134934.757621357217431, 3950541.122463699895889 ], [ -10166761.607053715735674, 3945388.342883430421352 ], [ -10204093.561346042901278, 3977951.973546478897333 ], [ -10238188.776796845719218, 3929937.589132688008249 ], [ -10246561.716558938845992, 3873050.918171037454158 ], [ -10273332.091555472463369, 3783724.977501735556871 ], [ -10261667.627009155228734, 3734531.92766055976972 ], [ -10226143.132726926356554, 3652096.743781445082277 ], [ -10221753.870403883978724, 3623853.124587632250041 ], [ -10211196.346561282873154, 3615282.213743325322866 ], [ -10214328.873904023319483, 3574000.629117278382182 ], [ -10197678.557267669588327, 3575672.650443183723837 ], [ -10207226.294540949165821, 3497973.517222232185304 ], [ -10190454.035945616662502, 3467258.666006160899997 ], [ -10185887.063114726915956, 3424446.453384029213339 ], [ -10149589.529653185978532, 3362789.944682855624706 ], [ -10156230.12960640527308, 3249717.860648572444916 ], [ -10145989.492863165214658, 3196317.86443620081991 ], [ -10138268.797892978414893, 3139073.224302094429731 ], [ -10152737.716397318989038, 3074509.532348969485611 ], [ -10109699.127210019156337, 3070459.33310621837154 ], [ -10089223.888369934633374, 3014717.851322360802442 ], [ -10071580.321544282138348, 2959841.170139648020267 ], [ -10080031.913236258551478, 2937804.367193079087883 ], [ -10131446.830497635528445, 2892557.503379724919796 ], [ -10147622.27157742716372, 2893149.917287216987461 ], [ -10150806.166384547948837, 2967995.744941121898592 ], [ -10190609.151197025552392, 3038012.720174489077181 ], [ -10239025.231705751270056, 3097274.139273017644882 ], [ -10276381.809169178828597, 3128360.387738740071654 ], [ -10245348.327748799696565, 3217729.772209701593965 ], [ -10237932.022462923079729, 3283731.153902351856232 ], [ -10268963.23345747217536, 3321412.629771375562996 ], [ -10313317.23917006701231, 3375567.709734266158193 ], [ -10330617.492833590134978, 3359956.564754598308355 ], [ -10342780.837449550628662, 3391551.514069002121687 ], [ -10388666.242277842015028, 3420859.893115742132068 ], [ -10417326.008476708084345, 3491035.867032086476684 ], [ -10407463.660725431516767, 3500143.280051589477807 ], [ -10372626.100193772464991, 3493299.779809811618179 ], [ -10322903.952716886997223, 3538335.49270694470033 ], [ -10299781.408144749701023, 3592616.284789506345987 ], [ -10337176.122582633048296, 3678202.224845602642745 ], [ -10377243.961465418338776, 3711336.386339351534843 ], [ -10381188.811004348099232, 3785883.832503246609122 ], [ -10383061.133308222517371, 3863890.394885276909918 ], [ -10385178.773026498034596, 3958597.778793914243579 ], [ -10375855.869709592312574, 4064670.991413186304271 ] ] ] } },
{ "type": "Feature", "properties": { "pop_est": 3360148, "continent": "South America", "name": "Uruguay", "iso_a3": "URY", "gdp_md_est": 73250.0, "lon_c": -4948321.5985220764, "lat_c": -4047231.5995495878 }, "geometry": { "type": "Polygon", "coordinates": [ [ [ -5161225.255175179801881, -3790114.624444813933223 ], [ -5105559.640300652012229, -3777407.270040033385158 ], [ -4997898.803167527541518, -3869425.146580080036074 ], [ -4965381.677304739132524, -3865958.378288967069238 ], [ -4858803.074520314112306, -3941894.28290206566453 ], [ -4776245.821425773203373, -4007187.924369716085494 ], [ -4709127.089359528385103, -4087275.274729460012168 ], [ -4736887.67073030769825, -4142912.204586554318666 ], [ -4698862.16301788110286, -4209131.482260839082301 ], [ -4721518.335607735440135, -4282330.358243647031486 ], [ -4806454.787475296296179, -4346824.576394920237362 ], [ -4876235.881459733471274, -4323646.709788317792118 ], [ -4920831.492341700941324, -4336071.938638527877629 ], [ -5013126.208400731906295, -4286240.493658192455769 ], [ -5071769.808498561382294, -4289969.642941453494132 ], [ -5140010.607771914452314, -4225589.31629628688097 ], [ -5150183.070147472433746, -4150077.056249373592436 ], [ -5136792.0197723954916, -4123994.697465660516173 ], [ -5162982.994261521846056, -4006864.903380647767335 ], [ -5164480.780596532858908, -3885266.915748249739408 ], [ -5161225.255175179801881, -3790114.624444813933223 ] ] ] } },
{ "type": "Feature", "properties": { "pop_est": 207353391, "continent": "South America", "name": "Brazil", "iso_a3": "BRA", "gdp_md_est": 3081000.0, "lon_c": -4694432.5666364776, "lat_c": -1799143.380292536 }, "geometry": { "type": "Polygon", "coordinates": [ [ [ -4698862.16301788110286, -4209131.482260839082301 ], [ -4736887.67073030769825, -4142912.204586554318666 ], [ -4709127.089359528385103, -4087275.274729460012168 ], [ -4776245.821425773203373, -4007187.924369716085494 ], [ -4858803.074520314112306, -3941894.28290206566453 ], [ -4965381.677304739132524, -3865958.378288967069238 ], [ -4997898.803167527541518, -3869425.146580080036074 ], [ -5105559.640300652012229, -3777407.270040033385158 ], [ -5161225.255175179801881, -3790114.624444813933223 ], [ -5072341.461394461803138, -3627044.24520911835134 ], [ -4991199.014641810208559, -3510241.332257271744311 ], [ -4938752.679978177882731, -3461089.884218002203852 ], [ -4873343.128553601913154, -3394387.666516033466905 ], [ -4886904.289427391253412, -3297457.778446780517697 ], [ -4943585.530034346506, -3227180.673416055273265 ], [ -4985168.534426791593432, -3250529.761733579449356 ], [ -4978112.334231299348176, -3180152.785117292311043 ], [ -4976579.971358367241919, -3107849.604858885053545 ], [ -4986402.312728397548199, -3040472.709021961782128 ], [ -5022685.006530553102493, -3018204.413003113120794 ], [ -5054256.355584731325507, -3038050.68745325319469 ], [ -5089303.765929180197418, -3032609.945618000347167 ], [ -5106958.265360163524747, -2985333.759932692628354 ], [ -5131571.161939200013876, -2872501.351754266303033 ], [ -5153968.456233679316938, -2835638.84274312807247 ], [ -5220984.145012731663883, -2802204.041897719260305 ], [ -5255349.505333446897566, -2826404.036798703484237 ], [ -5356248.984271019697189, -2802683.102436086628586 ], [ -5373074.069859454408288, -2634484.223145419731736 ], [ -5409573.868466810323298, -2565367.22501712385565 ], [ -5383785.505066593177617, -2539638.263453573454171 ], [ -5401633.676371112465858, -2468601.475832141470164 ], [ -5382730.243536142632365, -2413906.924017907585949 ], [ -5377670.210177598521113, -2315403.055552763864398 ], [ -5408548.696970610879362, -2237489.628729566466063 ], [ -5463627.471533908508718, -2202260.142480958253145 ], [ -5479078.062606846913695, -2152699.445019003469497 ], [ -5472955.288694605231285, -2080067.918434944702312 ], [ -5653667.645520593039691, -2074871.086545928381383 ], [ -5704985.016245124861598, -1928095.838950542733073 ], [ -5677695.4455437483266, -1925988.739693121286109 ], [ -5684244.310572569258511, -1871521.08917421521619 ], [ -5706143.022991257719696, -1834612.69094004156068 ], [ -5717068.896971523761749, -1761469.118370401673019 ], [ -5775346.671890866011381, -1723906.837094545597211 ], [ -5834712.47658789716661, -1725150.7849858161062 ], [ -5877154.574457601644099, -1688345.264547972474247 ], [ -5943344.02159486617893, -1663223.572643789462745 ], [ -5984740.187792378477752, -1615822.651596364798024 ], [ -6092623.701478612609208, -1594871.120056607294828 ], [ -6205181.963871253654361, -1481057.523478822316974 ], [ -6204329.594681088812649, -1395751.913783379364759 ], [ -6219716.415091716684401, -1346791.740977346897125 ], [ -6216445.029517622664571, -1251252.251028363825753 ], [ -6339404.333197022788227, -1272849.474925342015922 ], [ -6386004.588919549249113, -1320716.197421282297 ], [ -6465137.010801867581904, -1372345.232384317088872 ], [ -6483239.388819573447108, -1410856.781464498955756 ], [ -6531907.82702428009361, -1413639.269718699390069 ], [ -6603403.572589603252709, -1402863.949674979317933 ], [ -6655139.467598173767328, -1424787.907960135024041 ], [ -6699568.559111466631293, -1410172.654923021094874 ], [ -6708347.839346666820347, -1216567.867581116035581 ], [ -6780776.190659754909575, -1291733.378339078975841 ], [ -6864957.617716452106833, -1288439.220646203495562 ], [ -6906141.187533369287848, -1220405.527861576760188 ], [ -6969862.077615502290428, -1213007.000405575381592 ], [ -6953744.384674964472651, -1158197.745628820499405 ], [ -7012052.913541570305824, -1080482.831591651542112 ], [ -7059048.291769447736442, -965327.216029291274026 ], [ -7035258.374708038754761, -941934.7345366186928 ], [ -7038425.693208185024559, -887871.790583602851257 ], [ -6982691.64112498704344, -850911.87050744635053 ], [ -6995686.37902061175555, -781647.70254996791482 ], [ -6973376.17078444827348, -737061.400835743523203 ], [ -6969026.291779913939536, -677236.349384199595079 ], [ -6863023.651343969628215, -589953.025334378820844 ], [ -6785476.763295368291438, -565271.253000903991051 ], [ -6773286.225344809703529, -545983.696029023034498 ], [ -6686876.708541553467512, -552004.218108242494054 ], [ -6651567.348806937225163, -199951.132065227167914 ], [ -6649862.409299933351576, -144237.818027777131647 ], [ -6665321.657466698437929, -70666.542302453148295 ], [ -6707946.327222910709679, -23790.252894402736274 ], [ -6707333.504333321936429, 69564.444740680672112 ], [ -6653284.505152472294867, 90731.416620991265518 ], [ -6634193.690587688237429, 77432.381873075006297 ], [ -6630665.203961966559291, 126643.98508758166281 ], [ -6686692.569800428114831, 139929.08538185415091 ], [ -6687032.03698818013072, 220314.57054874667665 ], [ -6500450.249608162790537, 217443.502448488725349 ], [ -6468170.798826704733074, 261722.361238104262156 ], [ -6442117.995386755093932, 220981.718085355008952 ], [ -6424224.705792800523341, 145200.57249366727774 ], [ -6406011.112325429916382, 161034.722027014795458 ], [ -6353752.759583414532244, 93081.805394689057721 ], [ -6279227.055050424300134, 101407.719872983143432 ], [ -6260425.093520920723677, 140725.78602018012316 ], [ -6188932.27966070920229, 170717.604592249757843 ], [ -6149290.587550084106624, 191802.33084748161491 ], [ -6137519.391003316268325, 246206.506322773260763 ], [ -6068595.222716703079641, 282753.291860291734338 ], [ -6073349.604838940314949, 309746.31528103153687 ], [ -6154283.386969696730375, 320783.197016250691377 ], [ -6166001.667527563869953, 401653.207924436603207 ], [ -6160077.012206386774778, 487715.445089993823785 ], [ -6201998.279552331194282, 520984.735662344959565 ], [ -6183729.268318152055144, 532795.011924761696719 ], [ -6113356.206118998117745, 516375.825655862514395 ], [ -6038118.699388233944774, 484296.374196261749603 ], [ -6009695.693299656733871, 514635.023810437647626 ], [ -5940342.111592874862254, 534545.606668980326504 ], [ -5831949.661782348528504, 582574.771697200834751 ], [ -5795456.67579323425889, 631525.962404077523388 ], [ -5806920.855975115671754, 667711.708812929689884 ], [ -5757020.589805167168379, 673380.228178708115593 ], [ -5735748.608698538504541, 643832.849424931104295 ], [ -5749931.566187123768032, 587513.581235055928119 ], [ -5717627.187019944190979, 568082.4210825903574 ], [ -5697286.337243189103901, 508454.231954553397372 ], [ -5724929.505194899626076, 463236.939676403184421 ], [ -5742401.12761146761477, 353944.714248970791232 ], [ -5718935.516672174446285, 289012.238797129655723 ], [ -5712761.889451970346272, 229574.894532730133506 ], [ -5654435.103930217213929, 169300.201601196138654 ], [ -5607469.679203349165618, 162926.828907518007327 ], [ -5596665.636931386776268, 188087.994945015292615 ], [ -5566343.393350449390709, 193644.552761931758141 ], [ -5522780.301229332573712, 216175.580390146351419 ], [ -5491255.09443149715662, 250338.591013760917122 ], [ -5438407.788207597099245, 239442.415959112171549 ], [ -5415051.140169715508819, 244042.539619191142265 ], [ -5363097.212931695394218, 233527.902653694123728 ], [ -5354164.960408688522875, 259774.198485306085786 ], [ -5369903.166458507999778, 285308.653835916193202 ], [ -5359795.066739976406097, 322498.759581728954799 ], [ -5321319.194933459162712, 311086.953553746454418 ], [ -5275912.365215252153575, 324217.631656428799033 ], [ -5221446.149615898728371, 297003.361303697223775 ], [ -5179967.745028695091605, 270507.232369045028463 ], [ -5149871.752538078464568, 305332.791689682053402 ], [ -5128524.709069959819317, 299963.483738881943282 ], [ -5115921.025197098962963, 263806.586531726643443 ], [ -5069956.084424789994955, 272986.343492996762507 ], [ -5032616.109986916184425, 321772.052328675868921 ], [ -5001683.706837956793606, 416329.049427321006078 ], [ -4942642.36048055626452, 533789.669888474280015 ], [ -4909908.721586035564542, 539853.661754976259544 ], [ -4887772.309919042512774, 468871.771985267929267 ], [ -4837477.204062225297093, 244304.738602326484397 ], [ -4786464.20709717925638, 223099.324637448502472 ], [ -4784543.269660785794258, 134418.550452985131415 ], [ -4856959.32731941062957, 28650.632798206603184 ], [ -4827176.994999654591084, -10079.136749387836971 ], [ -4657820.61443707998842, -30257.371811962890206 ], [ -4653869.527474560774863, -159036.305743174860254 ], [ -4581508.194084526970983, -74729.985514742569649 ], [ -4460783.273277946747839, -120907.544817094065365 ], [ -4301209.23988851159811, -199366.939297369739506 ], [ -4253795.702472567558289, -274642.31431033735862 ], [ -4268675.640325489453971, -345735.871267816284671 ], [ -4157807.09495461313054, -306155.688640324398875 ], [ -3970642.000157013069838, -374077.390371890505776 ], [ -3827667.696603575721383, -369074.189965252124239 ], [ -3684686.411424211692065, -475322.228338931861799 ], [ -3560004.660199482459575, -619065.66320667671971 ], [ -3485611.443266813177615, -656059.23241289856378 ], [ -3403742.137403596192598, -661201.365229663439095 ], [ -3368275.626407761126757, -701643.512160639860667 ], [ -3332093.031280372757465, -864774.791916451067664 ], [ -3314197.339266090188175, -942219.070329145411961 ], [ -3345654.207566192839295, -1153545.770459641003981 ], [ -3391118.13704207027331, -1236875.198971152072772 ], [ -3517899.125202377792448, -1414191.8081685656216 ], [ -3571588.49985264474526, -1557943.618762516183779 ], [ -3635971.256116400007159, -1667974.805333264172077 ], [ -3659493.620661610271782, -1670451.855581001145765 ], [ -3680638.347290197852999, -1763674.069645030423999 ], [ -3659184.798922636546195, -2000396.646953161805868 ], [ -3671805.568635836243629, -2194313.010876709129661 ], [ -3675541.921684619504958, -2277017.437125070951879 ], [ -3701271.217791993170977, -2326433.384068642277271 ], [ -3704072.290385743137449, -2493430.769067427609116 ], [ -3783787.821776255499572, -2655818.163203787989914 ], [ -3787194.02474616933614, -2783783.817045431118459 ], [ -3856590.491259799338877, -2837336.1857027891092 ], [ -3870434.194585465826094, -2911264.182152191177011 ], [ -3970611.215959912165999, -2910971.325970533769578 ], [ -4110204.454764370340854, -2958277.308826457709074 ], [ -4168564.226884695701301, -3012956.856028710491955 ], [ -4267080.076230457983911, -3048808.817013634834439 ], [ -4362501.200897689908743, -3146310.768036836292595 ], [ -4423410.885051960125566, -3267305.277130229398608 ], [ -4423746.0055559175089, -3358044.412722290959209 ], [ -4398859.713297986425459, -3424952.896264643874019 ], [ -4397377.695903559215367, -3546902.68203300377354 ], [ -4408708.644477165304124, -3605593.868535617366433 ], [ -4461051.609911886043847, -3671613.536680311430246 ], [ -4524624.543088650330901, -3881459.34671994112432 ], [ -4585818.063951953314245, -3975373.010142958257347 ], [ -4635743.697036784142256, -4030541.351480918936431 ], [ -4654158.479513313621283, -4142276.677638850640506 ], [ -4698862.16301788110286, -4209131.482260839082301 ] ] ] } },
{ "type": "Feature", "properties": { "pop_est": 11138234, "continent": "South America", "name": "Bolivia", "iso_a3": "BOL", "gdp_md_est": 78350.0, "lon_c": -6027202.1640161406, "lat_c": -2077469.5024904367 }, "geometry": { "type": "Polygon", "coordinates": [ [ [ -6603403.572589603252709, -1402863.949674979317933 ], [ -6531907.82702428009361, -1413639.269718699390069 ], [ -6483239.388819573447108, -1410856.781464498955756 ], [ -6465137.010801867581904, -1372345.232384317088872 ], [ -6386004.588919549249113, -1320716.197421282297 ], [ -6339404.333197022788227, -1272849.474925342015922 ], [ -6216445.029517622664571, -1251252.251028363825753 ], [ -6219716.415091716684401, -1346791.740977346897125 ], [ -6204329.594681088812649, -1395751.913783379364759 ], [ -6205181.963871253654361, -1481057.523478822316974 ], [ -6092623.701478612609208, -1594871.120056607294828 ], [ -5984740.187792378477752, -1615822.651596364798024 ], [ -5943344.02159486617893, -1663223.572643789462745 ], [ -5877154.574457601644099, -1688345.264547972474247 ], [ -5834712.47658789716661, -1725150.7849858161062 ], [ -5775346.671890866011381, -1723906.837094545597211 ], [ -5717068.896971523761749, -1761469.118370401673019 ], [ -5706143.022991257719696, -1834612.69094004156068 ], [ -5684244.310572569258511, -1871521.08917421521619 ], [ -5677695.4455437483266, -1925988.739693121286109 ], [ -5704985.016245124861598, -1928095.838950542733073 ], [ -5653667.645520593039691, -2074871.086545928381383 ], [ -5472955.288694605231285, -2080067.918434944702312 ], [ -5479078.062606846913695, -2152699.445019003469497 ], [ -5463627.471533908508718, -2202260.142480958253145 ], [ -5408548.696970610879362, -2237489.628729566466063 ], [ -5377670.210177598521113, -2315403.055552763864398 ], [ -5382730.243536142632365, -2413906.924017907585949 ], [ -5401633.676371112465858, -2468601.475832141470164 ], [ -5383785.505066593177617, -2539638.263453573454171 ], [ -5409573.868466810323298, -2565367.22501712385565 ], [ -5416074.708017977885902, -2526986.116210483945906 ], [ -5510905.556905444711447, -2463225.000765123870224 ], [ -5597690.711637738160789, -2461458.469808975234628 ], [ -5755368.470810594037175, -2497746.743409647606313 ], [ -5785003.066507579758763, -2607280.639304240699857 ], [ -5777829.441197191365063, -2674075.157694345340133 ], [ -5792176.856297534890473, -2822312.335112107452005 ], [ -5811155.773702225647867, -2795860.640411440748721 ], [ -5917395.838550798594952, -2790749.281570121645927 ], [ -5937657.669888427481055, -2890069.806983534712344 ], [ -6006238.471667429432273, -2800913.738393610343337 ], [ -6132045.5730753056705, -2770794.857643583789468 ], [ -6190715.591010463424027, -2882405.084637205116451 ], [ -6254386.702865140512586, -2899293.107002782635391 ], [ -6318974.57022590842098, -2728956.539469647686929 ], [ -6390798.744428046047688, -2589742.107232284266502 ], [ -6379542.904531092382967, -2469233.195979729760438 ], [ -6436112.392261076718569, -2416385.556407186202705 ], [ -6461280.626762795262039, -2326161.703541535418481 ], [ -6518739.472013601101935, -2240944.295798644889146 ], [ -6477048.227579518221319, -2105374.153457557782531 ], [ -6530323.59232937823981, -1999523.724902052665129 ], [ -6513679.552285342477262, -1957129.979138559661806 ], [ -6535902.790850952267647, -1910329.652520476141945 ], [ -6506040.293148597702384, -1847210.041903147706762 ], [ -6515498.100084025412798, -1739526.32125982013531 ], [ -6519679.130117958411574, -1650422.933754395693541 ], [ -6503399.854631557129323, -1607479.58623312227428 ], [ -6603403.572589603252709, -1402863.949674979317933 ] ] ] } },
{ "type": "Feature", "properties": { "pop_est": 31036656, "continent": "South America", "name": "Peru", "iso_a3": "PER", "gdp_md_est": 410400.0, "lon_c": -7223742.9223060757, "lat_c": -1185602.3730171979 }, "geometry": { "type": "Polygon", "coordinates": [ [ [ -6686876.708541553467512, -552004.218108242494054 ], [ -6773286.225344809703529, -545983.696029023034498 ], [ -6785476.763295368291438, -565271.253000903991051 ], [ -6863023.651343969628215, -589953.025334378820844 ], [ -6969026.291779913939536, -677236.349384199595079 ], [ -6973376.17078444827348, -737061.400835743523203 ], [ -6995686.37902061175555, -781647.70254996791482 ], [ -6982691.64112498704344, -850911.87050744635053 ], [ -7038425.693208185024559, -887871.790583602851257 ], [ -7035258.374708038754761, -941934.7345366186928 ], [ -7059048.291769447736442, -965327.216029291274026 ], [ -7012052.913541570305824, -1080482.831591651542112 ], [ -6953744.384674964472651, -1158197.745628820499405 ], [ -6969862.077615502290428, -1213007.000405575381592 ], [ -6906141.187533369287848, -1220405.527861576760188 ], [ -6864957.617716452106833, -1288439.220646203495562 ], [ -6780776.190659754909575, -1291733.378339078975841 ], [ -6708347.839346666820347, -1216567.867581116035581 ], [ -6699568.559111466631293, -1410172.654923021094874 ], [ -6655139.467598173767328, -1424787.907960135024041 ], [ -6603403.572589603252709, -1402863.949674979317933 ], [ -6503399.854631557129323, -1607479.58623312227428 ], [ -6519679.130117958411574, -1650422.933754395693541 ], [ -6515498.100084025412798, -1739526.32125982013531 ], [ -6506040.293148597702384, -1847210.041903147706762 ], [ -6535902.790850952267647, -1910329.652520476141945 ], [ -6513679.552285342477262, -1957129.979138559661806 ], [ -6530323.59232937823981, -1999523.724902052665129 ], [ -6477048.227579518221319, -2105374.153457557782531 ], [ -6518739.472013601101935, -2240944.295798644889146 ], [ -6535089.633558203466237, -2305198.27616904117167 ], [ -6578700.177950290963054, -2337156.907055875752121 ], [ -6682577.623004249297082, -2265242.498697134666145 ], [ -6697766.125116327777505, -2213779.387774856761098 ], [ -6900633.416304749436677, -2087592.255200975574553 ], [ -7086997.19625614117831, -1949775.144012197386473 ], [ -7169280.205120442435145, -1871939.0248679141514 ], [ -7220709.720507700927556, -1767449.119180780136958 ], [ -7209326.793379264883697, -1730957.714880399638787 ], [ -7307326.53289473708719, -1564487.9889758056961 ], [ -7423189.289380822330713, -1329751.425506561994553 ], [ -7533353.96800635010004, -1075642.138252339093015 ], [ -7576408.941143723204732, -1017383.66658790584188 ], [ -7612545.592662119306624, -923167.007097703986801 ], [ -7691677.13736161403358, -839608.65414770913776 ], [ -7762603.340031939558685, -787752.130251504364423 ], [ -7734630.162714314647019, -730564.006064890068956 ], [ -7786535.337931605987251, -608268.293802280095406 ], [ -7760204.336299620568752, -518411.636475332139526 ], [ -7686537.13359834626317, -437352.716744444158394 ], [ -7673524.254565083421767, -490789.499194435251411 ], [ -7699782.511277180165052, -521349.385188510350417 ], [ -7695466.97412406373769, -568367.425552099128254 ], [ -7656311.573253845795989, -558150.528963808552362 ], [ -7617144.931160139851272, -572020.446387749281712 ], [ -7574397.034112312830985, -636788.064455220475793 ], [ -7522451.848192430101335, -584026.516580365481786 ], [ -7507429.872068435885012, -497454.949569483054802 ], [ -7452005.176319192163646, -385762.244752878788859 ], [ -7338051.099599469453096, -335124.549034114461392 ], [ -7235920.853492501191795, -200634.902345787035301 ], [ -7206941.826478326693177, -117103.202265030660783 ], [ -7220725.609037759713829, -19534.16639173286967 ], [ -7195195.849395959638059, -7350.190209376570238 ], [ -7131343.505922022275627, -68203.240566610140377 ], [ -7100393.682613762095571, -128848.144384633356822 ], [ -7055755.265825618989766, -161950.820678691379726 ], [ -6997436.151096325367689, -296631.604972514847759 ], [ -6925833.711202247999609, -312719.525009398406837 ], [ -6873671.647226397879422, -278757.520772874879185 ], [ -6838703.567402723245323, -300978.866108146496117 ], [ -6781423.498453673906624, -289941.367872223607264 ], [ -6706961.387730329297483, -350082.494787593546789 ], [ -6765502.964290200732648, -480741.200787133770064 ], [ -6736835.812008824199438, -483785.584619434783235 ], [ -6686876.708541553467512, -552004.218108242494054 ] ] ] } },
{ "type": "Feature", "properties": { "pop_est": 47698524, "continent": "South America", "name": "Colombia", "iso_a3": "COL", "gdp_md_est": 688000.0, "lon_c": -6936280.4675678611, "lat_c": 509713.72895268723 }, "geometry": { "type": "Polygon", "coordinates": [ [ [ -6406011.112325429916382, 161034.722027014795458 ], [ -6424224.705792800523341, 145200.57249366727774 ], [ -6442117.995386755093932, 220981.718085355008952 ], [ -6468170.798826704733074, 261722.361238104262156 ], [ -6500450.249608162790537, 217443.502448488725349 ], [ -6687032.03698818013072, 220314.57054874667665 ], [ -6686692.569800428114831, 139929.08538185415091 ], [ -6630665.203961966559291, 126643.98508758166281 ], [ -6634193.690587688237429, 77432.381873075006297 ], [ -6653284.505152472294867, 90731.416620991265518 ], [ -6707333.504333321936429, 69564.444740680672112 ], [ -6707946.327222910709679, -23790.252894402736274 ], [ -6665321.657466698437929, -70666.542302453148295 ], [ -6649862.409299933351576, -144237.818027777131647 ], [ -6651567.348806937225163, -199951.132065227167914 ], [ -6686876.708541553467512, -552004.218108242494054 ], [ -6736835.812008824199438, -483785.584619434783235 ], [ -6765502.964290200732648, -480741.200787133770064 ], [ -6706961.387730329297483, -350082.494787593546789 ], [ -6781423.498453673906624, -289941.367872223607264 ], [ -6838703.567402723245323, -300978.866108146496117 ], [ -6873671.647226397879422, -278757.520772874879185 ], [ -6925833.711202247999609, -312719.525009398406837 ], [ -6997436.151096325367689, -296631.604972514847759 ], [ -7055755.265825618989766, -161950.820678691379726 ], [ -7100393.682613762095571, -128848.144384633356822 ], [ -7131343.505922022275627, -68203.240566610140377 ], [ -7195195.849395959638059, -7350.190209376570238 ], [ -7220725.609037759713829, -19534.16639173286967 ], [ -7261759.421067498624325, 10895.908748031077266 ], [ -7308695.147363712079823, 53456.63335409960564 ], [ -7335964.845307247713208, 33012.945785535885079 ], [ -7417212.149376151151955, 50840.59483676119271 ], [ -7440269.491170319728553, 106115.086549313578871 ], [ -7458144.390699632465839, 104063.500579491752433 ], [ -7553277.136169210076332, 177422.840041536954232 ], [ -7565752.721848338842392, 217304.097562938492047 ], [ -7529875.940383163280785, 226942.856453394168057 ], [ -7533019.733410123735666, 291288.797078189963941 ], [ -7509601.520720889791846, 337805.696949116361793 ], [ -7461909.802897301502526, 346416.152131294889841 ], [ -7419562.959929897449911, 427103.191634951275773 ], [ -7380920.89226633682847, 494443.995575848617591 ], [ -7415182.495079357177019, 524983.462329525849782 ], [ -7394417.240097613073885, 599445.724763597128913 ], [ -7410978.20784474350512, 716753.68856390484143 ], [ -7388883.100282035768032, 750403.079661774798296 ], [ -7398298.228532955050468, 858746.840653362451121 ], [ -7432980.569867673330009, 926933.443022265797481 ], [ -7416855.78682030364871, 989121.325750681688078 ], [ -7386699.616887741722167, 979940.135307286167517 ], [ -7366247.174599034711719, 1017952.02338186011184 ], [ -7383206.792006865143776, 1093240.594105910742655 ], [ -7370300.145538391545415, 1111921.763082921737805 ], [ -7321360.963264681398869, 1107864.966422368306667 ], [ -7243287.418759034946561, 1197004.469818826299161 ], [ -7203043.754721180535853, 1210586.926136063411832 ], [ -7198786.969879343174398, 1252784.816043993458152 ], [ -7172292.505835386924446, 1360491.174190401099622 ], [ -7112598.257355894893408, 1419578.921450509922579 ], [ -7052549.118815988302231, 1421996.052689258707687 ], [ -7042610.680949119850993, 1448520.064325582468882 ], [ -6969292.646847586147487, 1437901.095544495387003 ], [ -6888791.448850999586284, 1502126.7186356165912 ], [ -6849200.095835800282657, 1530544.944244816200808 ], [ -6797496.481218570843339, 1591738.383753093890846 ], [ -6764682.495439583435655, 1583959.823275057133287 ], [ -6742979.537556571885943, 1550548.510824879864231 ], [ -6765329.668919754214585, 1507760.060604850761592 ], [ -6828193.486519258469343, 1486449.507156674051657 ], [ -6857906.874177641235292, 1422844.496304450090975 ], [ -6897804.777655307203531, 1386342.809459957061335 ], [ -6929382.519384257495403, 1339006.276546350447461 ], [ -6948257.255037255585194, 1248035.668409858830273 ], [ -6980226.829335135407746, 1173412.417381564620882 ], [ -6931684.178823080845177, 1164861.94501247163862 ], [ -6923551.33728173468262, 1106145.149699213914573 ], [ -6904399.768778508529067, 1078032.876500236336142 ], [ -6900170.674605655483902, 1026565.007327229599468 ], [ -6914390.285224163904786, 979229.535649998346344 ], [ -6912603.58304744772613, 952527.492533349199221 ], [ -6889730.528149855323136, 941862.077124136849307 ], [ -6869483.840111743658781, 897219.246838716906495 ], [ -6746064.595549359917641, 909529.145282636629418 ], [ -6691479.607250845059752, 893220.40535432624165 ], [ -6629669.389067370444536, 783015.012494088499807 ], [ -6590428.041520894505084, 796716.350591949536465 ], [ -6521930.054027924314141, 789857.578477102448232 ], [ -6466814.714578703977168, 804468.460991025320254 ], [ -6434018.651173084974289, 782452.231788056320511 ], [ -6454150.115219104103744, 713428.404429882764816 ], [ -6477173.869884561747313, 670385.313604472321458 ], [ -6487927.597117491997778, 578401.540605854359455 ], [ -6471271.663551807403564, 493140.74881324992748 ], [ -6445087.356317490339279, 455001.681396674830467 ], [ -6442509.651271534152329, 426260.648862563539296 ], [ -6492450.246452278457582, 362345.693659244047012 ], [ -6458266.108329189941287, 334046.222979964106344 ], [ -6433602.157503204420209, 289141.664494021271821 ], [ -6406011.112325429916382, 161034.722027014795458 ] ] ] } },
{ "type": "Feature", "properties": { "pop_est": 3753142, "continent": "North America", "name": "Panama", "iso_a3": "PAN", "gdp_md_est": 93120.0, "lon_c": -7766321.286523629, "lat_c": 1078075.7756290142 }, "geometry": { "type": "Polygon", "coordinates": [ [ [ -7370300.145538391545415, 1111921.763082921737805 ], [ -7383206.792006865143776, 1093240.594105910742655 ], [ -7366247.174599034711719, 1017952.02338186011184 ], [ -7386699.616887741722167, 979940.135307286167517 ], [ -7416855.78682030364871, 989121.325750681688078 ], [ -7432980.569867673330009, 926933.443022265797481 ], [ -7462502.892136361449957, 963846.402186394087039 ], [ -7478397.097667826339602, 1032881.402465893304907 ], [ -7452480.757355963811278, 1067030.085743816103786 ], [ -7476013.239323779009283, 1075787.508210363099352 ], [ -7490739.859030938707292, 1118004.984643315430731 ], [ -7535518.60168295353651, 1153506.257769526913762 ], [ -7577819.927850375883281, 1145369.681513216812164 ], [ -7600478.096571588888764, 1100935.997015837579966 ], [ -7641315.767610064707696, 1068836.449844490271062 ], [ -7662434.422177220694721, 1064374.968355209566653 ], [ -7673672.088279766961932, 1037773.700181732536294 ], [ -7632875.123230203986168, 968358.437995926942676 ], [ -7659978.320439201779664, 952011.767231360892765 ], [ -7674973.083886876702309, 933050.61605891562067 ], [ -7719786.119767426513135, 926520.108794067637064 ], [ -7731287.257565793581307, 1002944.514514779904857 ], [ -7745175.451088897883892, 981199.372613408137113 ], [ -7776130.095703287981451, 988708.221962672309019 ], [ -7791792.572100022807717, 1040158.652142394799739 ], [ -7830284.028396108187735, 1048650.875414411537349 ], [ -7853929.202777871862054, 1063602.197055605007336 ], [ -7894851.898122610524297, 1063410.654528364073485 ], [ -7899824.715530030429363, 1035666.175735817407258 ], [ -7909363.103514984250069, 1054995.632333499379456 ], [ -7902458.44610124733299, 1080364.043047665152699 ], [ -7892534.313303875736892, 1106273.889445715583861 ], [ -7894436.936862272210419, 1129391.409963978454471 ], [ -7878999.495874244719744, 1144518.368160208920017 ], [ -7897279.326291624456644, 1163496.170015362789854 ], [ -7893557.022036177106202, 1214869.959174475632608 ], [ -7855783.603389699012041, 1226267.272401836235076 ], [ -7825426.043122823350132, 1180491.015814463840798 ], [ -7829560.270845088176429, 1153440.270582761615515 ], [ -7792012.185370652005076, 1147699.204401455819607 ], [ -7782195.632028034888208, 1158085.652712810318917 ], [ -7758476.560288186185062, 1126704.997433240525424 ], [ -7710894.879436225630343, 1135935.506068146321923 ], [ -7667852.437531645409763, 1168187.224488859530538 ], [ -7607973.853454627096653, 1193934.195326146436855 ], [ -7572379.981163955293596, 1232069.203197024064139 ], [ -7520452.307201680727303, 1224582.661350454669446 ], [ -7525017.073253124020994, 1212031.113185581751168 ], [ -7472294.931966301985085, 1207678.696297430666164 ], [ -7431675.352536054328084, 1185633.040162770077586 ], [ -7403531.191507582552731, 1147217.466517944820225 ], [ -7370300.145538391545415, 1111921.763082921737805 ] ] ] } },
{ "type": "Feature", "properties": { "pop_est": 4930258, "continent": "North America", "name": "Costa Rica", "iso_a3": "CRI", "gdp_md_est": 79260.0, "lon_c": -7962480.6106320042, "lat_c": 1244079.8089169292 }, "geometry": { "type": "Polygon", "coordinates": [ [ [ -7855783.603389699012041, 1226267.272401836235076 ], [ -7893557.022036177106202, 1214869.959174475632608 ], [ -7897279.326291624456644, 1163496.170015362789854 ], [ -7878999.495874244719744, 1144518.368160208920017 ], [ -7894436.936862272210419, 1129391.409963978454471 ], [ -7892534.313303875736892, 1106273.889445715583861 ], [ -7902458.44610124733299, 1080364.043047665152699 ], [ -7909363.103514984250069, 1054995.632333499379456 ], [ -7958965.353524273261428, 1083355.515841324580833 ], [ -7976243.790250839665532, 1110175.612120121251792 ], [ -7963521.050831900909543, 1132351.655258218524978 ], [ -7964703.682446833699942, 1160566.612615539459512 ], [ -7988566.595974303781986, 1191130.951800627401099 ], [ -8023886.129174094647169, 1216215.164004754042253 ], [ -8055222.020311665721238, 1232570.260668575530872 ], [ -8058140.524867135100067, 1269880.843944496940821 ], [ -8081000.078184761106968, 1292662.386275497497991 ], [ -8078269.153243096545339, 1255589.357165282592177 ], [ -8099966.434851865284145, 1225106.839349324814975 ], [ -8118553.77462524548173, 1260506.141246345592663 ], [ -8147966.637555327266455, 1273106.552104220027104 ], [ -8158574.198953419923782, 1298802.271215486805886 ], [ -8154326.081415923312306, 1337603.808966133277863 ], [ -8137802.706678130663931, 1377728.762766754953191 ], [ -8162825.95535603351891, 1395676.329572533955798 ], [ -8138550.804970330558717, 1420266.249814996728674 ], [ -8122551.40249852836132, 1436641.839413683861494 ], [ -8063438.574316713958979, 1402936.395958590786904 ], [ -8039926.064817989245057, 1419529.591417606454343 ], [ -8010883.350146120414138, 1408909.714905650122091 ], [ -7997743.145013853907585, 1382710.41988820116967 ], [ -7970535.911707532592118, 1374227.588355383602902 ], [ -7945141.633163004182279, 1401212.728380650049075 ], [ -7927745.109965031035244, 1332010.151193832047284 ], [ -7895686.681995818391442, 1280710.686627878807485 ], [ -7855783.603389699012041, 1226267.272401836235076 ] ] ] } },
{ "type": "Feature", "properties": { "pop_est": 6025951, "continent": "North America", "name": "Nicaragua", "iso_a3": "NIC", "gdp_md_est": 33550.0, "lon_c": -8090748.4436926525, "lat_c": 1620480.4077989748 }, "geometry": { "type": "Polygon", "coordinates": [ [ [ -7945141.633163004182279, 1401212.728380650049075 ], [ -7970535.911707532592118, 1374227.588355383602902 ], [ -7997743.145013853907585, 1382710.41988820116967 ], [ -8010883.350146120414138, 1408909.714905650122091 ], [ -8039926.064817989245057, 1419529.591417606454343 ], [ -8063438.574316713958979, 1402936.395958590786904 ], [ -8122551.40249852836132, 1436641.839413683861494 ], [ -8138550.804970330558717, 1420266.249814996728674 ], [ -8167200.312484549358487, 1460347.035693382145837 ], [ -8205975.729515274986625, 1511648.934398034121841 ], [ -8222032.63927657250315, 1554484.178034671349451 ], [ -8257347.129804299212992, 1594398.826188115403056 ], [ -8297893.012035324238241, 1651714.33782288711518 ], [ -8284964.774438156746328, 1671326.742212132317945 ], [ -8271695.460334822535515, 1652235.448759378865361 ], [ -8263428.033755127340555, 1661198.533290902618319 ], [ -8233366.627166385762393, 1666411.932755274465308 ], [ -8217930.468913038261235, 1695370.897072541061789 ], [ -8203910.345666653476655, 1696497.530654852977023 ], [ -8197994.970594173297286, 1758796.318438694812357 ], [ -8175459.933678622357547, 1761789.803691741544753 ], [ -8155868.836326406337321, 1760886.866900464287028 ], [ -8131077.541541995480657, 1794662.186827500117943 ], [ -8106543.746266991831362, 1769078.216707930201665 ], [ -8094816.097066660411656, 1784777.255608940497041 ], [ -8075451.774479452520609, 1799827.962753900559619 ], [ -8037906.510664681904018, 1834658.512187679531053 ], [ -8032855.827808784320951, 1860679.846259212819859 ], [ -8023950.033428997732699, 1859585.798767347354442 ], [ -8007755.897612846456468, 1889780.00616389955394 ], [ -7997403.676871674135327, 1893455.188077675877139 ], [ -7983952.283252899535, 1874152.803420276381075 ], [ -7965833.593228727579117, 1868442.05884971562773 ], [ -7942826.573094096966088, 1884508.327712661819533 ], [ -7918992.768562686629593, 1884593.200903604505584 ], [ -7884033.399870825000107, 1901095.239218594273552 ], [ -7868631.921517587266862, 1918293.606077976757661 ], [ -7836677.463336339220405, 1915713.062608943320811 ], [ -7846424.927127999253571, 1903594.909054470714182 ], [ -7855004.106525150127709, 1875393.480835992610082 ], [ -7851444.134243319742382, 1829136.478125914698467 ], [ -7878712.22550830617547, 1786042.804817327763885 ], [ -7895213.478629112243652, 1735094.968131887726486 ], [ -7905033.55342726688832, 1679251.869431386701763 ], [ -7903802.766981077380478, 1646561.989409833913669 ], [ -7907957.337727046571672, 1589425.580628991359845 ], [ -7923830.024831388145685, 1576951.440105356508866 ], [ -7938658.522800795733929, 1522611.487344534136355 ], [ -7935716.355545466765761, 1489038.525889909593388 ], [ -7958523.750353863462806, 1456514.494697065791115 ], [ -7957613.317628547549248, 1422124.306420313194394 ], [ -7945141.633163004182279, 1401212.728380650049075 ] ] ] } },
{ "type": "Feature", "properties": { "pop_est": 9038741, "continent": "North America", "name": "Honduras", "iso_a3": "HND", "gdp_md_est": 43190.0, "lon_c": -8230253.9698314099, "lat_c": 1851532.6811780815 }, "geometry": { "type": "Polygon", "coordinates": [ [ [ -7836677.463336339220405, 1915713.062608943320811 ], [ -7868631.921517587266862, 1918293.606077976757661 ], [ -7884033.399870825000107, 1901095.239218594273552 ], [ -7918992.768562686629593, 1884593.200903604505584 ], [ -7942826.573094096966088, 1884508.327712661819533 ], [ -7965833.593228727579117, 1868442.05884971562773 ], [ -7983952.283252899535, 1874152.803420276381075 ], [ -7997403.676871674135327, 1893455.188077675877139 ], [ -8007755.897612846456468, 1889780.00616389955394 ], [ -8023950.033428997732699, 1859585.798767347354442 ], [ -8032855.827808784320951, 1860679.846259212819859 ], [ -8037906.510664681904018, 1834658.512187679531053 ], [ -8075451.774479452520609, 1799827.962753900559619 ], [ -8094816.097066660411656, 1784777.255608940497041 ], [ -8106543.746266991831362, 1769078.216707930201665 ], [ -8131077.541541995480657, 1794662.186827500117943 ], [ -8155868.836326406337321, 1760886.866900464287028 ], [ -8175459.933678622357547, 1761789.803691741544753 ], [ -8197994.970594173297286, 1758796.318438694812357 ], [ -8203910.345666653476655, 1696497.530654852977023 ], [ -8217930.468913038261235, 1695370.897072541061789 ], [ -8233366.627166385762393, 1666411.932755274465308 ], [ -8263428.033755127340555, 1661198.533290902618319 ], [ -8274828.711442335508764, 1700863.03886623471044 ], [ -8302152.357479210011661, 1711881.847963752923533 ], [ -8289004.546810020692647, 1762620.754933310905471 ], [ -8300046.242987329140306, 1776326.468672398943454 ], [ -8318287.817978583276272, 1785352.805984051665291 ], [ -8361737.468739957548678, 1770272.147162493085489 ], [ -8362974.106460373848677, 1787318.136335781775415 ], [ -8388729.981404166668653, 1807608.438419013051316 ], [ -8405593.602685356512666, 1832845.123233181424439 ], [ -8431933.347443478181958, 1843479.563588815741241 ], [ -8407798.569913284853101, 1875569.785335669061169 ], [ -8411758.300561154261231, 1900364.243269187863916 ], [ -8401597.086455762386322, 1924625.356494025327265 ], [ -8351733.085591160692275, 1959940.008248309837654 ], [ -8301638.962173871695995, 2008043.92130937310867 ], [ -8292607.815187673084438, 2003119.624547923216596 ], [ -8268619.188206932507455, 2025275.167765480466187 ], [ -8241429.905368118546903, 2027081.956412513041869 ], [ -8234256.217883546836674, 2016810.063759286655113 ], [ -8218716.145847090519965, 2023067.867041141260415 ], [ -8176715.055943639948964, 2011697.751647237921134 ], [ -8132733.440889248624444, 2014989.879742297111079 ], [ -8100393.886935523711145, 2028927.743230500491336 ], [ -8087254.157026278786361, 2043030.939799101324752 ], [ -8058263.74479104578495, 2036512.00465553603135 ], [ -8037025.125179084017873, 2027957.655673508299515 ], [ -8011987.028633546084166, 2030906.923734321724623 ], [ -7991680.978796771727502, 2041836.571029280778021 ], [ -7951293.527098185382783, 2024363.609956406056881 ], [ -7936767.690987325273454, 2021583.256020242813975 ], [ -7911452.909207030199468, 1998025.469412625301629 ], [ -7888253.851184769533575, 1969757.339158942690119 ], [ -7856710.5627186819911, 1950433.809630652889609 ], [ -7836677.463336339220405, 1915713.062608943320811 ] ] ] } },
{ "type": "Feature", "properties": { "pop_est": 6172011, "continent": "North America", "name": "El Salvador", "iso_a3": "SLV", "gdp_md_est": 54790.0, "lon_c": -8401558.2281051632, "lat_c": 1766446.451047902 }, "geometry": { "type": "Polygon", "coordinates": [ [ [ -8431933.347443478181958, 1843479.563588815741241 ], [ -8405593.602685356512666, 1832845.123233181424439 ], [ -8388729.981404166668653, 1807608.438419013051316 ], [ -8362974.106460373848677, 1787318.136335781775415 ], [ -8361737.468739957548678, 1770272.147162493085489 ], [ -8318287.817978583276272, 1785352.805984051665291 ], [ -8300046.242987329140306, 1776326.468672398943454 ], [ -8289004.546810020692647, 1762620.754933310905471 ], [ -8302152.357479210011661, 1711881.847963752923533 ], [ -8316426.622472705319524, 1682036.397465529851615 ], [ -8370983.360747418366373, 1683929.804527327185497 ], [ -8403487.629998197779059, 1696071.770412125391886 ], [ -8439340.403875663876534, 1721265.077856348594651 ], [ -8490843.270089037716389, 1729131.323255367809907 ], [ -8513987.518921254202724, 1756326.16889378731139 ], [ -8508561.978704346343875, 1774890.627870439086109 ], [ -8471823.18847144022584, 1806814.09408241417259 ], [ -8452167.111810084432364, 1820803.385692699346691 ], [ -8455107.493160150945187, 1835697.508527701487765 ], [ -8431933.347443478181958, 1843479.563588815741241 ] ] ] } },
{ "type": "Feature", "properties": { "pop_est": 15460732, "continent": "North America", "name": "Guatemala", "iso_a3": "GTM", "gdp_md_est": 131800.0, "lon_c": -8498811.2402474247, "lat_c": 2016088.1918040048 }, "geometry": { "type": "Polygon", "coordinates": [ [ [ -8701076.294132458046079, 1857978.979143824195489 ], [ -8693343.234796682372689, 1894783.544810736551881 ], [ -8677970.311398254707456, 1924393.760195156559348 ], [ -8687766.179851438850164, 1947978.737765086116269 ], [ -8626348.56956353969872, 2050733.436752781737596 ], [ -8505612.388775521889329, 2051110.883509883424267 ], [ -8496339.672131301835179, 2093977.670061428565532 ], [ -8510316.819207869470119, 2101610.350594156887382 ], [ -8516268.827312622219324, 2128864.139225265942514 ], [ -8546141.058305723592639, 2157897.588343997020274 ], [ -8573917.455601843073964, 2199808.111242529936135 ], [ -8531521.113811619579792, 2200119.497567175887525 ], [ -8519134.129938643425703, 2270732.113254508003592 ], [ -8431698.079267360270023, 2270949.089643211103976 ], [ -8345357.659808054566383, 2269569.49009989015758 ], [ -8362954.427778475917876, 2170096.629980658181012 ], [ -8393037.354889998212457, 2028107.40196392359212 ], [ -8364952.601902866736054, 2028149.721486278809607 ], [ -8337762.560385346412659, 2005353.855695634614676 ], [ -8326790.870013863779604, 2024132.462298636324704 ], [ -8301638.962173871695995, 2008043.92130937310867 ], [ -8351733.085591160692275, 1959940.008248309837654 ], [ -8401597.086455762386322, 1924625.356494025327265 ], [ -8411758.300561154261231, 1900364.243269187863916 ], [ -8407798.569913284853101, 1875569.785335669061169 ], [ -8431933.347443478181958, 1843479.563588815741241 ], [ -8455107.493160150945187, 1835697.508527701487765 ], [ -8452167.111810084432364, 1820803.385692699346691 ], [ -8471823.18847144022584, 1806814.09408241417259 ], [ -8508561.978704346343875, 1774890.627870439086109 ], [ -8513987.518921254202724, 1756326.16889378731139 ], [ -8559468.15207414329052, 1778409.846339502371848 ], [ -8618079.618227817118168, 1780695.915375552140176 ], [ -8657772.837264569476247, 1805800.716876836726442 ], [ -8701076.294132458046079, 1857978.979143824195489 ] ] ] } },
{ "type": "Feature", "properties": { "pop_est": 360346, "continent": "North America", "name": "Belize", "iso_a3": "BLZ", "gdp_md_est": 3088.0, "lon_c": -8314366.8874044847, "lat_c": 2207134.1467799768 }, "geometry": { "type": "Polygon", "coordinates": [ [ [ -8345357.659808054566383, 2269569.49009989015758 ], [ -8342875.353036129847169, 2288009.122653388883919 ], [ -8330537.083654417656362, 2293777.388671237975359 ], [ -8316137.809214708395302, 2278953.793651307467371 ], [ -8269298.683151314966381, 2354530.038982431869954 ], [ -8251240.64146420545876, 2356175.160620887763798 ], [ -8254165.332402598112822, 2337819.839934027288109 ], [ -8236550.089960095472634, 2337244.288496003486216 ], [ -8244089.639496445655823, 2303192.056423449423164 ], [ -8268581.537716164253652, 2248986.938422698061913 ], [ -8263673.046930335462093, 2229587.688420508056879 ], [ -8280989.534734505228698, 2184680.605139445979148 ], [ -8277047.14751798287034, 2172670.417721941601485 ], [ -8298199.864646158181131, 2109157.316420719493181 ], [ -8321932.259108673781157, 2075775.284618363017216 ], [ -8339535.553079196251929, 2071768.410883419215679 ], [ -8364952.601902866736054, 2028149.721486278809607 ], [ -8393037.354889998212457, 2028107.40196392359212 ], [ -8362954.427778475917876, 2170096.629980658181012 ], [ -8345357.659808054566383, 2269569.49009989015758 ] ] ] } },
{ "type": "Feature", "properties": { "pop_est": 31304016, "continent": "South America", "name": "Venezuela", "iso_a3": "VEN", "gdp_md_est": 468600.0, "lon_c": -6248752.8819212373, "lat_c": 831925.2707590285 }, "geometry": { "type": "Polygon", "coordinates": [ [ [ -5806920.855975115671754, 667711.708812929689884 ], [ -5795456.67579323425889, 631525.962404077523388 ], [ -5831949.661782348528504, 582574.771697200834751 ], [ -5940342.111592874862254, 534545.606668980326504 ], [ -6009695.693299656733871, 514635.023810437647626 ], [ -6038118.699388233944774, 484296.374196261749603 ], [ -6113356.206118998117745, 516375.825655862514395 ], [ -6183729.268318152055144, 532795.011924761696719 ], [ -6201998.279552331194282, 520984.735662344959565 ], [ -6160077.012206386774778, 487715.445089993823785 ], [ -6166001.667527563869953, 401653.207924436603207 ], [ -6154283.386969696730375, 320783.197016250691377 ], [ -6073349.604838940314949, 309746.31528103153687 ], [ -6068595.222716703079641, 282753.291860291734338 ], [ -6137519.391003316268325, 246206.506322773260763 ], [ -6149290.587550084106624, 191802.33084748161491 ], [ -6188932.27966070920229, 170717.604592249757843 ], [ -6260425.093520920723677, 140725.78602018012316 ], [ -6279227.055050424300134, 101407.719872983143432 ], [ -6353752.759583414532244, 93081.805394689057721 ], [ -6406011.112325429916382, 161034.722027014795458 ], [ -6433602.157503204420209, 289141.664494021271821 ], [ -6458266.108329189941287, 334046.222979964106344 ], [ -6492450.246452278457582, 362345.693659244047012 ], [ -6442509.651271534152329, 426260.648862563539296 ], [ -6445087.356317490339279, 455001.681396674830467 ], [ -6471271.663551807403564, 493140.74881324992748 ], [ -6487927.597117491997778, 578401.540605854359455 ], [ -6477173.869884561747313, 670385.313604472321458 ], [ -6454150.115219104103744, 713428.404429882764816 ], [ -6434018.651173084974289, 782452.231788056320511 ], [ -6466814.714578703977168, 804468.460991025320254 ], [ -6521930.054027924314141, 789857.578477102448232 ], [ -6590428.041520894505084, 796716.350591949536465 ], [ -6629669.389067370444536, 783015.012494088499807 ], [ -6691479.607250845059752, 893220.40535432624165 ], [ -6746064.595549359917641, 909529.145282636629418 ], [ -6869483.840111743658781, 897219.246838716906495 ], [ -6889730.528149855323136, 941862.077124136849307 ], [ -6912603.58304744772613, 952527.492533349199221 ], [ -6914390.285224163904786, 979229.535649998346344 ], [ -6900170.674605655483902, 1026565.007327229599468 ], [ -6904399.768778508529067, 1078032.876500236336142 ], [ -6923551.33728173468262, 1106145.149699213914573 ], [ -6931684.178823080845177, 1164861.94501247163862 ], [ -6980226.829335135407746, 1173412.417381564620882 ], [ -6948257.255037255585194, 1248035.668409858830273 ], [ -6929382.519384257495403, 1339006.276546350447461 ], [ -6897804.777655307203531, 1386342.809459957061335 ], [ -6857906.874177641235292, 1422844.496304450090975 ], [ -6828193.486519258469343, 1486449.507156674051657 ], [ -6765329.668919754214585, 1507760.060604850761592 ], [ -6770732.172193497419357, 1477715.795228442177176 ], [ -6827759.440444675274193, 1462871.27325963950716 ], [ -6801817.337068038061261, 1405120.52835708251223 ], [ -6808502.137004568241537, 1338515.744954695925117 ], [ -6856287.63981185760349, 1264473.63073008437641 ], [ -6827703.976402666419744, 1163232.249781149206683 ], [ -6786070.108660983853042, 1171522.278254557633772 ], [ -6757963.100368106737733, 1263751.983441550517455 ], [ -6783987.861415609717369, 1308623.803136519389227 ], [ -6780906.021154337562621, 1405058.031479831319302 ], [ -6658249.122296267189085, 1456790.602258528349921 ], [ -6666100.464060416445136, 1516726.475362120661885 ], [ -6629205.661467074416578, 1556814.614333990728483 ], [ -6603136.675514904782176, 1467492.237706741085276 ], [ -6536763.662186675705016, 1465428.287691857432947 ], [ -6480957.933221235871315, 1394462.41220919857733 ], [ -6480574.562848278321326, 1352295.55104587925598 ], [ -6395334.013582305982709, 1351176.402851363644004 ], [ -6292809.05487753264606, 1364266.135126922745258 ], [ -6242622.976479768753052, 1307204.332929657073691 ], [ -6171026.296211895532906, 1291450.16546737938188 ], [ -6114844.272253217175603, 1331266.056197938509285 ], [ -6111407.078386922366917, 1363347.918382455362007 ], [ -5993149.741035400889814, 1371029.006956713041291 ], [ -5879165.398699520155787, 1372799.431690409546718 ], [ -5962541.149022758938372, 1335174.122895290609449 ], [ -5934204.622469102032483, 1275001.061757317278534 ], [ -5858767.491208313032985, 1265419.341708721127361 ], [ -5790614.390062840655446, 1202686.339953108690679 ], [ -5781465.253241755999625, 1100381.393839540425688 ], [ -5731642.403040153905749, 1103266.61599575006403 ], [ -5695955.547507295385003, 1073145.833194348728284 ], [ -5775436.264768577180803, 998043.980333775049075 ], [ -5786088.552190375514328, 951403.472803142503835 ], [ -5755657.757813366129994, 903913.450297784758732 ], [ -5780450.52844756655395, 879932.976984459673986 ], [ -5840117.962077197618783, 859382.080527031677775 ], [ -5840734.925836424343288, 800238.287232917849906 ], [ -5868035.589296294376254, 764975.09511031222064 ], [ -5806920.855975115671754, 667711.708812929689884 ] ] ] } },
{ "type": "Feature", "properties": { "pop_est": 737718, "continent": "South America", "name": "Guyana", "iso_a3": "GUY", "gdp_md_est": 6093.0, "lon_c": -5627555.2434148584, "lat_c": 630915.73944734107 }, "geometry": { "type": "Polygon", "coordinates": [ [ [ -5415051.140169715508819, 244042.539619191142265 ], [ -5438407.788207597099245, 239442.415959112171549 ], [ -5491255.09443149715662, 250338.591013760917122 ], [ -5522780.301229332573712, 216175.580390146351419 ], [ -5566343.393350449390709, 193644.552761931758141 ], [ -5596665.636931386776268, 188087.994945015292615 ], [ -5607469.679203349165618, 162926.828907518007327 ], [ -5654435.103930217213929, 169300.201601196138654 ], [ -5712761.889451970346272, 229574.894532730133506 ], [ -5718935.516672174446285, 289012.238797129655723 ], [ -5742401.12761146761477, 353944.714248970791232 ], [ -5724929.505194899626076, 463236.939676403184421 ], [ -5697286.337243189103901, 508454.231954553397372 ], [ -5717627.187019944190979, 568082.4210825903574 ], [ -5749931.566187123768032, 587513.581235055928119 ], [ -5735748.608698538504541, 643832.849424931104295 ], [ -5757020.589805167168379, 673380.228178708115593 ], [ -5806920.855975115671754, 667711.708812929689884 ], [ -5868035.589296294376254, 764975.09511031222064 ], [ -5840734.925836424343288, 800238.287232917849906 ], [ -5840117.962077197618783, 859382.080527031677775 ], [ -5780450.52844756655395, 879932.976984459673986 ], [ -5755657.757813366129994, 903913.450297784758732 ], [ -5786088.552190375514328, 951403.472803142503835 ], [ -5775436.264768577180803, 998043.980333775049075 ], [ -5695955.547507295385003, 1073145.833194348728284 ], [ -5635824.403276234865189, 1026125.620327897719108 ], [ -5580857.873891006223857, 942791.125749422004446 ], [ -5581122.471140729263425, 876886.288844861323014 ], [ -5545278.689444591291249, 873852.75726754439529 ], [ -5496656.014419459737837, 811379.441796430270188 ], [ -5460632.912926235236228, 766779.523167779203504 ], [ -5479834.248617083765566, 651463.726098168641329 ], [ -5538912.358571881428361, 617998.629469751031138 ], [ -5534624.758919163607061, 587748.917173025547527 ], [ -5554057.755176483653486, 521551.724003157753032 ], [ -5513793.196163919754326, 428340.463928735873196 ], [ -5483151.942859668284655, 428191.195474727253895 ], [ -5471939.892720743082464, 355703.232385109178722 ], [ -5415051.140169715508819, 244042.539619191142265 ] ] ] } },
{ "type": "Feature", "properties": { "pop_est": 591919, "continent": "South America", "name": "Suriname", "iso_a3": "SUR", "gdp_md_est": 8547.0, "lon_c": -5362065.2479514647, "lat_c": 493263.27737415256 }, "geometry": { "type": "Polygon", "coordinates": [ [ [ -5221446.149615898728371, 297003.361303697223775 ], [ -5275912.365215252153575, 324217.631656428799033 ], [ -5321319.194933459162712, 311086.953553746454418 ], [ -5359795.066739976406097, 322498.759581728954799 ], [ -5369903.166458507999778, 285308.653835916193202 ], [ -5354164.960408688522875, 259774.198485306085786 ], [ -5363097.212931695394218, 233527.902653694123728 ], [ -5415051.140169715508819, 244042.539619191142265 ], [ -5471939.892720743082464, 355703.232385109178722 ], [ -5483151.942859668284655, 428191.195474727253895 ], [ -5513793.196163919754326, 428340.463928735873196 ], [ -5554057.755176483653486, 521551.724003157753032 ], [ -5534624.758919163607061, 587748.917173025547527 ], [ -5538912.358571881428361, 617998.629469751031138 ], [ -5479834.248617083765566, 651463.726098168641329 ], [ -5460632.912926235236228, 766779.523167779203504 ], [ -5347057.052884174510837, 741114.75483850191813 ], [ -5335964.992599502205849, 764213.586399269523099 ], [ -5258377.566222426481545, 773460.670464383903891 ], [ -5156821.821765961125493, 739021.90192247775849 ], [ -5210019.606677589938045, 628788.768209905130789 ], [ -5204796.563199152238667, 541024.001019403920509 ], [ -5168963.497325911186635, 464974.83074514742475 ], [ -5186789.361933189444244, 409740.944728618429508 ], [ -5196226.801961170509458, 351011.616236603353173 ], [ -5221446.149615898728371, 297003.361303697223775 ] ] ] } },
{ "type": "Feature", "properties": { "pop_est": 67106161, "continent": "Europe", "name": "France", "iso_a3": "FRA", "gdp_md_est": 2699000.0, "lon_c": 174096.75775929386, "lat_c": 5633720.2505770633 }, "geometry": { "type": "MultiPolygon", "coordinates": [ [ [ [ 730663.580133776296861, 5211024.646691433154047 ], [ 782446.310187944211066, 5252603.758743629790843 ], [ 801203.978192611713894, 5159033.046243091113865 ], [ 777449.770343990297988, 5074121.059257810935378 ], [ 738228.026594951399602, 5096557.37323668692261 ], [ 715577.890993267879821, 5170423.146440285257995 ], [ 730663.580133776296861, 5211024.646691433154047 ] ] ], [ [ [ 491482.071733043470886, 5931603.106948097236454 ], [ 530080.62112627865281, 5904988.908693777397275 ], [ 645750.318677153787576, 5886218.807639190927148 ], [ 608704.904496470466256, 5816070.913840159773827 ], [ 601832.952453899779357, 5742495.122141974046826 ], [ 580459.902133955620229, 5724765.899464630521834 ], [ 543305.748538807500154, 5734322.601104740984738 ], [ 546955.12943721585907, 5707914.524805312976241 ], [ 489929.487732360896189, 5649249.150853520259261 ], [ 490378.876719131309073, 5601717.387973719276488 ], [ 528643.464625965803862, 5618191.35030060634017 ], [ 558384.133952236617915, 5572014.860354822129011 ], [ 556167.712766638025641, 5542147.782153598032892 ], [ 581811.805405710008927, 5502324.278802240267396 ], [ 554600.939751937286928, 5469908.018400135450065 ], [ 578932.148712229332887, 5387112.460864868015051 ], [ 624266.689639956573956, 5373476.860272189602256 ], [ 616663.174730746424757, 5326697.553499805741012 ], [ 543627.196390338009223, 5265521.082133860327303 ], [ 378713.497921547852457, 5294881.093206361867487 ], [ 258235.481442388641881, 5259690.12459412496537 ], [ 249717.056702963629505, 5194094.323554464615881 ], [ 152905.606710824504262, 5179926.551120270974934 ], [ 58546.609039447444957, 5229293.087341122329235 ], [ 28250.488319709023926, 5205725.031896905973554 ], [ -125201.90188631406636, 5255215.319546665064991 ], [ -157989.697202854877105, 5297388.040901123546064 ], [ -114543.994050360037363, 5362147.383295369334519 ], [ -97387.626205805543577, 5574523.4317596424371 ], [ -180156.914923466363689, 5684640.535512742586434 ], [ -238936.706057883246103, 5737282.590338395908475 ], [ -361097.546706759254448, 5777101.371491710655391 ], [ -367110.240451855352148, 5852112.73156978469342 ], [ -263014.601153432275169, 5874366.190406685695052 ], [ -129263.436433098147972, 5848041.252880502492189 ], [ -153224.030639416421764, 5963259.069269333034754 ], [ -78683.168925345205935, 5919779.733976108953357 ], [ 105791.892309679620666, 5998648.353220329619944 ], [ 128648.350379051247728, 6080699.294919214211404 ], [ 196964.18608822877286, 6100783.289263910613954 ], [ 208923.642894336488098, 6065768.003596966154873 ], [ 245487.737870542070596, 6064122.661563018336892 ], [ 282964.160464229702484, 6023954.465597314760089 ], [ 339295.554452341340948, 5976507.054341093637049 ], [ 379682.373598940204829, 5984363.18632544670254 ], [ 450546.829287990403827, 5938265.724653194658458 ], [ 468636.170793111261446, 5929457.984023691155016 ], [ 491482.071733043470886, 5931603.106948097236454 ] ] ], [ [ [ -4942642.36048055626452, 533789.669888474280015 ], [ -5001683.706837956793606, 416329.049427321006078 ], [ -5032616.109986916184425, 321772.052328675868921 ], [ -5069956.084424789994955, 272986.343492996762507 ], [ -5115921.025197098962963, 263806.586531726643443 ], [ -5128524.709069959819317, 299963.483738881943282 ], [ -5149871.752538078464568, 305332.791689682053402 ], [ -5179967.745028695091605, 270507.232369045028463 ], [ -5221446.149615898728371, 297003.361303697223775 ], [ -5196226.801961170509458, 351011.616236603353173 ], [ -5186789.361933189444244, 409740.944728618429508 ], [ -5168963.497325911186635, 464974.83074514742475 ], [ -5204796.563199152238667, 541024.001019403920509 ], [ -5210019.606677589938045, 628788.768209905130789 ], [ -5156821.821765961125493, 739021.90192247775849 ], [ -5124831.028214568272233, 724920.855760111473501 ], [ -5055409.859675350598991, 694581.543744063121267 ], [ -4957203.700694287195802, 586333.582407030044124 ], [ -4942642.36048055626452, 533789.669888474280015 ] ] ] ] } },
{ "type": "Feature", "properties": { "pop_est": 16290913, "continent": "South America", "name": "Ecuador", "iso_a3": "ECU", "gdp_md_est": 182400.0, "lon_c": -7497314.5369913988, "lat_c": -226547.10146005786 }, "geometry": { "type": "Polygon", "coordinates": [ [ [ -7220725.609037759713829, -19534.16639173286967 ], [ -7206941.826478326693177, -117103.202265030660783 ], [ -7235920.853492501191795, -200634.902345787035301 ], [ -7338051.099599469453096, -335124.549034114461392 ], [ -7452005.176319192163646, -385762.244752878788859 ], [ -7507429.872068435885012, -497454.949569483054802 ], [ -7522451.848192430101335, -584026.516580365481786 ], [ -7574397.034112312830985, -636788.064455220475793 ], [ -7617144.931160139851272, -572020.446387749281712 ], [ -7656311.573253845795989, -558150.528963808552362 ], [ -7695466.97412406373769, -568367.425552099128254 ], [ -7699782.511277180165052, -521349.385188510350417 ], [ -7673524.254565083421767, -490789.499194435251411 ], [ -7686537.13359834626317, -437352.716744444158394 ], [ -7638084.677272977307439, -341395.823594521672931 ], [ -7659969.310538969933987, -285308.573771458410192 ], [ -7695308.756580111570656, -344946.17285991384415 ], [ -7753869.888106339611113, -288667.023323165019974 ], [ -7735095.873301906511188, -252459.300574328692164 ], [ -7752800.977364441379905, -135865.819392970704939 ], [ -7719410.966740586794913, -116492.381397696750355 ], [ -7702192.321085597388446, -36452.249966654802847 ], [ -7665912.074536571279168, 46299.038211026621866 ], [ -7672335.514103871770203, 98732.014140007988317 ], [ -7619647.643588396720588, 126292.102970997293596 ], [ -7553277.136169210076332, 177422.840041536954232 ], [ -7458144.390699632465839, 104063.500579491752433 ], [ -7440269.491170319728553, 106115.086549313578871 ], [ -7417212.149376151151955, 50840.59483676119271 ], [ -7335964.845307247713208, 33012.945785535885079 ], [ -7308695.147363712079823, 53456.63335409960564 ], [ -7261759.421067498624325, 10895.908748031077266 ], [ -7220725.609037759713829, -19534.16639173286967 ] ] ] } },
{ "type": "Feature", "properties": { "pop_est": 3351827, "continent": "North America", "name": "Puerto Rico", "iso_a3": "PRI", "gdp_md_est": 131000.0, "lon_c": -6212301.7198990714, "lat_c": 2331307.8719477849 }, "geometry": { "type": "Polygon", "coordinates": [ [ [ -6193546.943257153965533, 2358023.82529815658927 ], [ -6147251.753891085274518, 2347004.966737660579383 ], [ -6133671.848359760828316, 2322144.588466864544898 ], [ -6161744.652345498092473, 2290569.654316337313503 ], [ -6232089.162536855787039, 2291310.917787611950189 ], [ -6287341.674902345985174, 2286892.282084404956549 ], [ -6285634.147371275350451, 2340471.155428705271333 ], [ -6269905.766681629233062, 2358754.219252134673297 ], [ -6193546.943257153965533, 2358023.82529815658927 ] ] ] } },
{ "type": "Feature", "properties": { "pop_est": 2990561, "continent": "North America", "name": "Jamaica", "iso_a3": "JAM", "gdp_md_est": 25390.0, "lon_c": -7218633.4134572968, "lat_c": 2296563.9672921174 }, "geometry": { "type": "Polygon", "coordinates": [ [ [ -7248716.056817067787051, 2354992.230958014260978 ], [ -7187569.424871004186571, 2343775.366733682341874 ], [ -7142505.961336786858737, 2313714.368398770689964 ], [ -7132161.893893972970545, 2279413.566185464151204 ], [ -7198303.482808224856853, 2277079.037118082866073 ], [ -7229883.651175202801824, 2256130.698525856249034 ], [ -7279252.439642446115613, 2276246.865468635223806 ], [ -7325707.615534593351185, 2321885.819074760656804 ], [ -7309994.448160542175174, 2350489.682439550757408 ], [ -7269335.585515285842121, 2359206.66928551485762 ], [ -7248716.056817067787051, 2354992.230958014260978 ] ] ] } },
{ "type": "Feature", "properties": { "pop_est": 11147407, "continent": "North America", "name": "Cuba", "iso_a3": "CUB", "gdp_md_est": 132900.0, "lon_c": -7199864.3109813444, "lat_c": 2716006.434658898 }, "geometry": { "type": "Polygon", "coordinates": [ [ [ -7577732.644613982178271, 2938176.490757534280419 ], [ -7500010.147242152132094, 2929393.849438654724509 ], [ -7427909.312002672813833, 2928003.546176405157894 ], [ -7349858.245993137359619, 2886027.493638648185879 ], [ -7322081.404335812665522, 2840858.291759003419429 ], [ -7233105.668369884602726, 2854802.361690408550203 ], [ -7206009.84349574893713, 2825791.347922944463789 ], [ -7142090.147124427370727, 2749203.977809355128556 ], [ -7094553.196538420394063, 2693322.542019535787404 ], [ -7063728.999602836556733, 2695026.930499235633761 ], [ -7012887.201891523785889, 2669731.461687168572098 ], [ -7025721.344992560334504, 2634782.741123700048774 ], [ -6958152.670066989958286, 2629667.197134955320507 ], [ -6896468.297722049988806, 2578794.087228916119784 ], [ -6912296.882431944832206, 2549645.760381241329014 ], [ -6976762.589724915102124, 2533840.494718314614147 ], [ -7040429.8386574909091, 2527655.587908153887838 ], [ -7102918.107654290273786, 2537508.49067406821996 ], [ -7238230.425921868532896, 2525377.025880528148264 ], [ -7163984.438775526359677, 2594802.225651952903718 ], [ -7196207.516045302152634, 2627083.479405859019607 ], [ -7254592.431207429617643, 2635386.032868624664843 ], [ -7280207.950337112881243, 2671218.982737466227263 ], [ -7289145.686405705288053, 2741807.762848454993218 ], [ -7342384.409376738592982, 2736985.938818560913205 ], [ -7422367.997968489304185, 2770177.964349927846342 ], [ -7445076.252547649666667, 2796119.459526549093425 ], [ -7561769.718585175462067, 2815273.643161057494581 ], [ -7589154.337407764978707, 2839365.303295194171369 ], [ -7548245.36097864061594, 2870200.324814235325903 ], [ -7637455.472032028250396, 2876513.631002382840961 ], [ -7717028.323747780174017, 2812365.131143619772047 ], [ -7755678.142378599382937, 2810640.976683273445815 ], [ -7775094.351008426398039, 2780476.397156410384923 ], [ -7823630.356337376870215, 2766949.078031138051301 ], [ -7860822.193385105580091, 2778677.111946392338723 ], [ -7804141.920628071762621, 2816866.673056843690574 ], [ -7774834.798188043758273, 2861415.124444457236677 ], [ -7727341.480009540915489, 2888840.336904735770077 ], [ -7675173.310905800200999, 2912862.188059871550649 ], [ -7602907.670559347607195, 2924650.025445524137467 ], [ -7577732.644613982178271, 2938176.490757534280419 ] ] ] } },
{ "type": "Feature", "properties": { "pop_est": 13805084, "continent": "Africa", "name": "Zimbabwe", "iso_a3": "ZWE", "gdp_md_est": 28330.0, "lon_c": 2736161.6230205763, "lat_c": -2419125.4716285374 }, "geometry": { "type": "Polygon", "coordinates": [ [ [ 2882101.317886371165514, -2822618.751328690908849 ], [ 2833914.651096280198544, -2810270.514199316967279 ], [ 2801663.976048609241843, -2825101.895886934828013 ], [ 2758489.480125173460692, -2804171.340488906949759 ], [ 2720974.865853973664343, -2802823.625571743585169 ], [ 2665918.952875325456262, -2746926.341669778805226 ], [ 2595591.422017331700772, -2727919.537377993576229 ], [ 2573430.181501042563468, -2649274.948388307355344 ], [ 2575963.616134866140783, -2605456.504129521083087 ], [ 2536995.204684059601277, -2592087.481439272873104 ], [ 2439612.584776117932051, -2455262.096519177313894 ], [ 2414190.062152268830687, -2382988.846737897023559 ], [ 2396564.421315021347255, -2360683.483418276999146 ], [ 2365616.946539791300893, -2260571.803620886523277 ], [ 2469569.216024939436466, -2274297.435986407566816 ], [ 2499221.894433183595538, -2288730.929097976069897 ], [ 2530973.933568982873112, -2285823.894797448534518 ], [ 2587116.551579157356173, -2204660.227101793047041 ], [ 2674062.054807091597468, -2101311.229190312325954 ], [ 2708197.568270592484623, -2091415.755870757158846 ], [ 2721855.317703715059906, -2047772.253223399398848 ], [ 2777949.807618448976427, -1997575.881977623794228 ], [ 2850120.346074042841792, -1980315.649918586248532 ], [ 2853772.12932772282511, -2027339.055086799664423 ], [ 2932366.072035792283714, -2024832.334649054799229 ], [ 2974496.511781333945692, -2051416.664914871333167 ], [ 2993010.007988240104169, -2082565.32158956094645 ], [ 3037229.211655129212886, -2091708.358222290640697 ], [ 3083629.26334690535441, -2132122.288091234862804 ], [ 3073948.262199244461954, -2290964.486725612543523 ], [ 3050021.398878797888756, -2377697.899871161673218 ], [ 3039660.499791887588799, -2471018.717770000454038 ], [ 3052040.829282012302428, -2507948.579955585766584 ], [ 3036258.597292222548276, -2581239.6945800059475 ], [ 3021392.878439808264375, -2592556.538579375017434 ], [ 2990287.261522127781063, -2682120.166209623217583 ], [ 2882101.317886371165514, -2822618.751328690908849 ] ] ] } },
{ "type": "Feature", "properties": { "pop_est": 2214858, "continent": "Africa", "name": "Botswana", "iso_a3": "BWA", "gdp_md_est": 35900.0, "lon_c": 2244650.7161597954, "lat_c": -2848274.9722132138 }, "geometry": { "type": "Polygon", "coordinates": [ [ [ 2720974.865853973664343, -2802823.625571743585169 ], [ 2583842.99495361931622, -2893726.318854684010148 ], [ 2494640.811859503388405, -2985619.57657257700339 ], [ 2458198.28540918417275, -3067412.537748488131911 ], [ 2427300.187801226973534, -3113422.144832345657051 ], [ 2376739.295086086727679, -3123217.384148245211691 ], [ 2356452.298945403657854, -3181698.71410096436739 ], [ 2344442.1374267116189, -3219765.075865502469242 ], [ 2283997.908034247811884, -3248144.11807160358876 ], [ 2210132.434882861562073, -3242119.296640770509839 ], [ 2168831.580544977448881, -3207972.950862895231694 ], [ 2131290.907832510769367, -3193154.902583590708673 ], [ 2084866.96467791008763, -3221428.558244805783033 ], [ 2058730.069392925361171, -3279770.167549760080874 ], [ 2013193.274683265713975, -3316345.764877123758197 ], [ 1964184.123697449453175, -3370517.430225934367627 ], [ 1898292.799184725387022, -3382884.318431873805821 ], [ 1880639.029533431632444, -3340296.266683105379343 ], [ 1893517.570358945056796, -3266223.294003753457218 ], [ 1846049.082306903786957, -3150315.797208602540195 ], [ 1822345.530875092139468, -3131953.817054382991046 ], [ 1840758.783583042677492, -2772879.048613249789923 ], [ 1932171.82847258541733, -2768569.875881964340806 ], [ 1955309.643309368519112, -2325171.995514827314764 ], [ 2025095.761421745177358, -2321031.790893955156207 ], [ 2171288.881975951138884, -2277179.336607908830047 ], [ 2204651.32929326640442, -2328807.280500718392432 ], [ 2266690.50447871722281, -2279724.317457807250321 ], [ 2295095.862488036975265, -2279445.866235549561679 ], [ 2349237.809259251691401, -2251203.007381124887615 ], [ 2365616.946539791300893, -2260571.803620886523277 ], [ 2396564.421315021347255, -2360683.483418276999146 ], [ 2414190.062152268830687, -2382988.846737897023559 ], [ 2439612.584776117932051, -2455262.096519177313894 ], [ 2536995.204684059601277, -2592087.481439272873104 ], [ 2575963.616134866140783, -2605456.504129521083087 ], [ 2573430.181501042563468, -2649274.948388307355344 ], [ 2595591.422017331700772, -2727919.537377993576229 ], [ 2665918.952875325456262, -2746926.341669778805226 ], [ 2720974.865853973664343, -2802823.625571743585169 ] ] ] } },
{ "type": "Feature", "properties": { "pop_est": 2484780, "continent": "Africa", "name": "Namibia", "iso_a3": "NAM", "gdp_md_est": 25990.0, "lon_c": 1578817.2248535613, "lat_c": -2946241.4177574879 }, "geometry": { "type": "Polygon", "coordinates": [ [ [ 1822345.530875092139468, -3131953.817054382991046 ], [ 1795723.426220297114924, -3579991.944736462086439 ], [ 1711382.081827948335558, -3641403.924127916339785 ], [ 1662469.173474827082828, -3650160.501493158750236 ], [ 1607180.500091992784292, -3627478.388105433899909 ], [ 1567246.814184984890744, -3618731.970361525658518 ], [ 1554897.902085167355835, -3567342.398318827152252 ], [ 1520995.938179423101246, -3534379.086224635131657 ], [ 1474588.935629403684288, -3593889.450101492926478 ], [ 1412042.117514697834849, -3502923.716203078627586 ], [ 1380755.849965559551492, -3414670.497101599350572 ], [ 1365983.087206858675927, -3296546.65095632057637 ], [ 1347256.725889489287511, -3208313.359369242563844 ], [ 1324069.19287780392915, -3019854.003514273092151 ], [ 1327462.086020243121311, -2872628.832000702153891 ], [ 1318025.122300165239722, -2805282.685763564892113 ], [ 1283767.253852156689391, -2754302.274339409079403 ], [ 1239197.141478014877066, -2651885.96111099794507 ], [ 1194678.860974522773176, -2502661.219409727025777 ], [ 1176445.79705311730504, -2424336.813601900357753 ], [ 1103455.181861293967813, -2302247.044386140070856 ], [ 1099957.345358465332538, -2206048.326123996637762 ], [ 1145618.977511763805524, -2182165.819306104443967 ], [ 1202269.872356365667656, -2160770.64432187564671 ], [ 1263000.721109659643844, -2164523.30643070070073 ], [ 1317429.539198455633596, -2221295.147392262239009 ], [ 1331837.175111385062337, -2212475.836768250912428 ], [ 1711957.632621467811987, -2207060.184571140445769 ], [ 1774720.87422108836472, -2267159.866259564645588 ], [ 2000638.633222558302805, -2284898.005570778157562 ], [ 2174939.645696068648249, -2233807.812294664792717 ], [ 2252955.431346115656197, -2205289.417444752529263 ], [ 2313407.657045566476882, -2212514.74928413098678 ], [ 2349038.803278393112123, -2240795.225649524480104 ], [ 2349237.809259251691401, -2251203.007381124887615 ], [ 2295095.862488036975265, -2279445.866235549561679 ], [ 2266690.50447871722281, -2279724.317457807250321 ], [ 2204651.32929326640442, -2328807.280500718392432 ], [ 2171288.881975951138884, -2277179.336607908830047 ], [ 2025095.761421745177358, -2321031.790893955156207 ], [ 1955309.643309368519112, -2325171.995514827314764 ], [ 1932171.82847258541733, -2768569.875881964340806 ], [ 1840758.783583042677492, -2772879.048613249789923 ], [ 1822345.530875092139468, -3131953.817054382991046 ] ] ] } },
{ "type": "Feature", "properties": { "pop_est": 14668522, "continent": "Africa", "name": "Senegal", "iso_a3": "SEN", "gdp_md_est": 39720.0, "lon_c": -1389722.2541385188, "lat_c": 1852458.7556218021 }, "geometry": { "type": "Polygon", "coordinates": [ [ [ -1579880.445109850959852, 1738547.848045086953789 ], [ -1616297.092164943693206, 1837079.539729646639898 ], [ -1662129.812732135411352, 1882079.592435396509245 ], [ -1619982.969790337840095, 1906071.620990839088336 ], [ -1571854.671909340890124, 1994657.313565980875865 ], [ -1547648.184445479419082, 2059355.420084751211107 ], [ -1514303.37127600191161, 2099708.795472242403775 ], [ -1467919.024135902058333, 2088847.359634164953604 ], [ -1421329.781359252519906, 2116264.413345711305737 ], [ -1368857.441740843234584, 2117645.413192301057279 ], [ -1324923.856225356459618, 2080663.092919876566157 ], [ -1263338.611635787878186, 2047310.253151953918859 ], [ -1208475.474696883698925, 1954570.979944102931768 ], [ -1148039.325519007630646, 1867837.971513957716525 ], [ -1145196.538349807495251, 1789162.411892687669024 ], [ -1127861.360392649192363, 1716645.673457674216479 ], [ -1093059.423808349296451, 1681047.085462836548686 ], [ -1085760.480980378808454, 1632000.724647882161662 ], [ -1090741.749550285516307, 1592460.092790698166937 ], [ -1104529.483726338017732, 1585298.418230982497334 ], [ -1156023.792392193339765, 1595337.008117765188217 ], [ -1163364.894978352123871, 1581216.930742371827364 ], [ -1184299.570583142573014, 1578378.769635426579043 ], [ -1251851.292549739591777, 1609329.40035711391829 ], [ -1297539.06251469347626, 1610637.957462912658229 ], [ -1472445.504446406383067, 1615967.019499492133036 ], [ -1498142.551188607933, 1601674.302392134675756 ], [ -1529418.643763985019177, 1605761.069786117179319 ], [ -1580058.265212985454127, 1585078.601815415313467 ], [ -1593334.642998710740358, 1682337.774118732195348 ], [ -1507280.976936771767214, 1679661.366746777668595 ], [ -1484147.194868833525106, 1697417.817627008538693 ], [ -1467175.262389496667311, 1698459.264397236751392 ], [ -1431473.406716397730634, 1727723.789842117577791 ], [ -1391491.331771874334663, 1700948.184447411447763 ], [ -1350442.401312328409404, 1698714.710883066756651 ], [ -1308939.778413414256647, 1727157.493781952187419 ], [ -1327278.009389514103532, 1763762.47574338875711 ], [ -1358889.300121006788686, 1742439.051822782261297 ], [ -1388207.636771496618167, 1743031.382531409850344 ], [ -1424812.738840163918212, 1774197.225041104247794 ], [ -1454811.239208958344534, 1772156.217660938156769 ], [ -1476845.48061862308532, 1742173.97372815059498 ], [ -1579880.445109850959852, 1738547.848045086953789 ] ] ] } },
{ "type": "Feature", "properties": { "pop_est": 17885245, "continent": "Africa", "name": "Mali", "iso_a3": "MLI", "gdp_md_est": 38090.0, "lon_c": -65490.1411998517, "lat_c": 2287704.9353167219 }, "geometry": { "type": "Polygon", "coordinates": [ [ [ -1090741.749550285516307, 1592460.092790698166937 ], [ -1085760.480980378808454, 1632000.724647882161662 ], [ -1093059.423808349296451, 1681047.085462836548686 ], [ -1127861.360392649192363, 1716645.673457674216479 ], [ -1145196.538349807495251, 1789162.411892687669024 ], [ -1148039.325519007630646, 1867837.971513957716525 ], [ -1115858.042326395167038, 1890866.919938701204956 ], [ -1098579.859229565598071, 1965233.51512588839978 ], [ -1068674.621309260837734, 1968140.802015006542206 ], [ -1003541.948786711553112, 1932998.022929135710001 ], [ -949988.432221995433792, 1957951.543954256223515 ], [ -913714.199915309785865, 1949576.340815339470282 ], [ -899134.865922010038048, 1977630.714187114499509 ], [ -521349.079471286793705, 1979546.733929272508249 ], [ -499595.002905019384343, 2067767.712831809651107 ], [ -515727.715314246888738, 2083280.778247076319531 ], [ -554551.882560318801552, 2623074.344551756512374 ], [ -590720.231941183446907, 3155037.178557744715363 ], [ -450606.939050787419546, 3157234.92740665981546 ], [ -142968.150301852670964, 2889400.965113500598818 ], [ 169342.595683306630235, 2619344.075898989569396 ], [ 191695.253428084834013, 2561078.210128211881965 ], [ 249813.764785192848649, 2525470.359460895415395 ], [ 293059.392401027143933, 2505205.244849821552634 ], [ 294660.651248130889144, 2425837.258029008284211 ], [ 398050.180871036020108, 2438060.747327140066773 ], [ 400736.894251328310929, 2149572.612604435067624 ], [ 349987.41439097415423, 2065555.803952069720253 ], [ 342471.098515638441313, 1987923.590819955570623 ], [ 258950.94272281989106, 1967922.435252906521782 ], [ 130492.332892760983668, 1957077.899495069403201 ], [ 95743.994781054090708, 1912222.115732850506902 ], [ 35338.982761220271641, 1907262.620850807288662 ], [ -25098.830547943573038, 1906681.807792441919446 ], [ -48606.766038833338825, 1930904.165418150834739 ], [ -100510.260042023772257, 1912933.373927102191374 ], [ -188776.31271420037956, 1860529.620131210889667 ], [ -206910.895215031021507, 1821006.008860021131113 ], [ -280410.440501744858921, 1764279.350600811187178 ], [ -293411.813944507506676, 1731746.628535912372172 ], [ -333164.021847084746696, 1705948.640384023310617 ], [ -378799.071423102577683, 1723032.863537197001278 ], [ -404898.601214694615919, 1692105.507179190637544 ], [ -419319.560112205683254, 1605111.664914501132444 ], [ -495224.574855818878859, 1499823.979124935576692 ], [ -493313.413767775986344, 1456747.871395776281133 ], [ -519553.315316901775077, 1402804.819680283777416 ], [ -513724.747698554943781, 1328862.515711075160652 ], [ -553066.433766904985532, 1309977.381356639787555 ], [ -575376.690144293708727, 1293891.059098165482283 ], [ -589717.794219808303751, 1348398.212541692424566 ], [ -617264.217575501417741, 1334031.683640851639211 ], [ -633641.622643141192384, 1336517.373237872496247 ], [ -651418.335729099344462, 1299325.984577391762286 ], [ -724843.466601014719345, 1300376.694902776973322 ], [ -751000.036625218577683, 1319514.356195895699784 ], [ -763495.603390827192925, 1307935.478478608420119 ], [ -792193.82516604126431, 1344671.858901122352108 ], [ -786793.122189752757549, 1382601.840350519632921 ], [ -798516.636936728609726, 1397456.048338406952098 ], [ -818874.965646459953859, 1384931.330911776749417 ], [ -814746.678625898901373, 1426349.977541692089289 ], [ -794948.522236084449105, 1459101.317976463353261 ], [ -833251.710566017427482, 1512371.505084669450298 ], [ -844149.00871652062051, 1547420.163831486133859 ], [ -864875.913158322451636, 1575327.199976595351472 ], [ -883799.00628451583907, 1578657.669497895985842 ], [ -906793.389828277053311, 1560871.34914507670328 ], [ -937634.095956471166573, 1543878.029966493602842 ], [ -963991.33030764083378, 1516378.350607313681394 ], [ -1004442.063074572826736, 1526532.358891296433285 ], [ -1030306.516794582828879, 1558793.780294451629743 ], [ -1045951.789234795141965, 1563030.90189670259133 ], [ -1070940.567300100112334, 1546100.502716182265431 ], [ -1085976.561620895983651, 1545956.060626921942458 ], [ -1090741.749550285516307, 1592460.092790698166937 ] ] ] } },
{ "type": "Feature", "properties": { "pop_est": 3758571, "continent": "Africa", "name": "Mauritania", "iso_a3": "MRT", "gdp_md_est": 16710.0, "lon_c": -1059784.2739269985, "lat_c": 2645356.1362540112 }, "geometry": { "type": "Polygon", "coordinates": [ [ [ -1582975.177813517861068, 2667637.927956265863031 ], [ -1561105.264275714755058, 2709004.948486404493451 ], [ -1198210.376965131377801, 2708229.960223699919879 ], [ -1210085.865418940316886, 2886757.00865209242329 ], [ -1185454.350537247955799, 2950018.552424197550863 ], [ -1098835.328367422800511, 2961061.630950309336185 ], [ -1091528.107715838588774, 3274161.115455272141844 ], [ -792380.852653680718504, 3267796.005737938452512 ], [ -787363.399355194647796, 3451540.484240409918129 ], [ -450606.939050787419546, 3157234.92740665981546 ], [ -590720.231941183446907, 3155037.178557744715363 ], [ -554551.882560318801552, 2623074.344551756512374 ], [ -515727.715314246888738, 2083280.778247076319531 ], [ -499595.002905019384343, 2067767.712831809651107 ], [ -521349.079471286793705, 1979546.733929272508249 ], [ -899134.865922010038048, 1977630.714187114499509 ], [ -913714.199915309785865, 1949576.340815339470282 ], [ -949988.432221995433792, 1957951.543954256223515 ], [ -1003541.948786711553112, 1932998.022929135710001 ], [ -1068674.621309260837734, 1968140.802015006542206 ], [ -1098579.859229565598071, 1965233.51512588839978 ], [ -1115858.042326395167038, 1890866.919938701204956 ], [ -1148039.325519007630646, 1867837.971513957716525 ], [ -1208475.474696883698925, 1954570.979944102931768 ], [ -1263338.611635787878186, 2047310.253151953918859 ], [ -1324923.856225356459618, 2080663.092919876566157 ], [ -1368857.441740843234584, 2117645.413192301057279 ], [ -1421329.781359252519906, 2116264.413345711305737 ], [ -1467919.024135902058333, 2088847.359634164953604 ], [ -1514303.37127600191161, 2099708.795472242403775 ], [ -1547648.184445479419082, 2059355.420084751211107 ], [ -1553782.380426986841485, 2127155.347839658614248 ], [ -1525711.449694432783872, 2189109.399262060876936 ], [ -1510388.79703899892047, 2307175.436755796894431 ], [ -1516635.268608706770465, 2430750.971923982724547 ], [ -1525746.286022422136739, 2492770.525082328356802 ], [ -1514244.068622071994469, 2554891.286614333745092 ], [ -1536104.646980341989547, 2614008.043083067517728 ], [ -1582975.177813517861068, 2667637.927956265863031 ] ] ] } },
{ "type": "Feature", "properties": { "pop_est": 11038805, "continent": "Africa", "name": "Benin", "iso_a3": "BEN", "gdp_md_est": 24310.0, "lon_c": 217587.7343445468, "lat_c": 1184149.6083535934 }, "geometry": { "type": "Polygon", "coordinates": [ [ [ 257136.385154989169678, 803379.485393376438878 ], [ 178203.748004093562486, 788434.141170292510651 ], [ 154573.391834992187796, 876790.3549748059595 ], [ 158499.401893108559307, 1170423.802292939973995 ], [ 139279.470644310320495, 1196724.159162489231676 ], [ 135571.264457391545875, 1259339.584488164633512 ], [ 102482.583333224218222, 1303993.142281487584114 ], [ 73405.418646869147778, 1341613.614545038202778 ], [ 85427.498216007719748, 1408669.607237374642864 ], [ 118065.355943135451525, 1423074.692500171484426 ], [ 137308.411195808002958, 1478698.309607023373246 ], [ 183657.624228471133392, 1490579.406693912809715 ], [ 204279.943438323476585, 1528587.935364707140252 ], [ 235987.590581765398383, 1565800.803226691437885 ], [ 269958.694098099891562, 1566128.982946151169017 ], [ 342564.278911655244883, 1492997.437072463333607 ], [ 339055.923101806431077, 1450742.289330200059339 ], [ 360744.115756427112501, 1375234.521495576482266 ], [ 342234.482398565043695, 1323949.847453797701746 ], [ 352391.199726176564582, 1289664.742281350074336 ], [ 306526.954984409210738, 1210702.330088140210137 ], [ 277320.427674117905553, 1171575.057544697308913 ], [ 259578.307514607731719, 1091012.081684146309271 ], [ 262184.042215993395075, 1009698.487977666780353 ], [ 257136.385154989169678, 803379.485393376438878 ] ] ] } },
{ "type": "Feature", "properties": { "pop_est": 19245344, "continent": "Africa", "name": "Niger", "iso_a3": "NER", "gdp_md_est": 20150.0, "lon_c": 915976.60385514551, "lat_c": 2217067.0021974682 }, "geometry": { "type": "Polygon", "coordinates": [ [ [ 1369473.634484794456512, 2898064.496141185518354 ], [ 1399192.447465292178094, 2705930.514729944523424 ], [ 1435035.096411465900019, 2673680.065346618648618 ], [ 1437933.329363720491529, 2634201.902954529039562 ], [ 1478098.864481176482514, 2591602.4320004042238 ], [ 1459745.705161408055574, 2538042.573060643859208 ], [ 1431941.68055934808217, 2284561.391790501307696 ], [ 1431707.56161225005053, 2121297.557924282271415 ], [ 1314858.674944153288379, 2002579.475000588223338 ], [ 1277908.12752694892697, 1836272.542216043453664 ], [ 1318205.98866700893268, 1789410.926768895471469 ], [ 1319684.219082935713232, 1707949.362102628452703 ], [ 1380394.486843693302944, 1705031.757272748043761 ], [ 1372167.686796811642125, 1645306.614110987633467 ], [ 1345593.283443595515564, 1638029.534106439677998 ], [ 1343331.008735248818994, 1597623.359930214937776 ], [ 1325766.747565121855587, 1594818.713476554723457 ], [ 1259058.400987136410549, 1733658.118211333174258 ], [ 1236772.90991231193766, 1738698.395584247307852 ], [ 1164121.374723562039435, 1667856.927142367698252 ], [ 1090243.836868425598368, 1704848.378985134884715 ], [ 1039224.723371117026545, 1712242.012880456866696 ], [ 1012212.331806024187244, 1694447.304012577515095 ], [ 956705.952808844391257, 1698292.241115093696862 ], [ 901641.329062238684855, 1644254.439564357278869 ], [ 853403.53480921080336, 1641153.536475251661614 ], [ 738107.210064164595678, 1706691.960430716862902 ], [ 693614.288551394711249, 1675572.823562205769122 ], [ 645309.737859723973088, 1677735.067668314324692 ], [ 609382.465884777833708, 1725602.607055567437783 ], [ 514231.557061545725446, 1772859.457476749550551 ], [ 412796.384610374574549, 1757863.890118004288524 ], [ 388356.184861071873456, 1730473.359071921790019 ], [ 375473.869701154879294, 1657574.128091733669862 ], [ 348605.123961655190215, 1606413.747911980608478 ], [ 342564.278911655244883, 1492997.437072463333607 ], [ 269958.694098099891562, 1566128.982946151169017 ], [ 235987.590581765398383, 1565800.803226691437885 ], [ 204279.943438323476585, 1528587.935364707140252 ], [ 206173.962963238329394, 1615566.945245758164674 ], [ 96942.732067105462193, 1644346.218728731386364 ], [ 93916.222598696011119, 1705706.322625469882041 ], [ 40607.190716001692635, 1788403.780884648906067 ], [ 27897.846267712910048, 1846021.073688543634489 ], [ 35338.982761220271641, 1907262.620850807288662 ], [ 95743.994781054090708, 1912222.115732850506902 ], [ 130492.332892760983668, 1957077.899495069403201 ], [ 258950.94272281989106, 1967922.435252906521782 ], [ 342471.098515638441313, 1987923.590819955570623 ], [ 349987.41439097415423, 2065555.803952069720253 ], [ 400736.894251328310929, 2149572.612604435067624 ], [ 398050.180871036020108, 2438060.747327140066773 ], [ 528912.286240691202693, 2493691.751301132142544 ], [ 793897.695792580372654, 2737789.089281461667269 ], [ 1104196.650499085197225, 2972999.938300841487944 ], [ 1251620.900469423271716, 2919940.502818242181093 ], [ 1305865.51830502320081, 2852225.767056060023606 ], [ 1369473.634484794456512, 2898064.496141185518354 ] ] ] } },
{ "type": "Feature", "properties": { "pop_est": 190632261, "continent": "Africa", "name": "Nigeria", "iso_a3": "NGA", "gdp_md_est": 1089000.0, "lon_c": 745976.33725038799, "lat_c": 1144766.9168071379 }, "geometry": { "type": "Polygon", "coordinates": [ [ [ 257136.385154989169678, 803379.485393376438878 ], [ 262184.042215993395075, 1009698.487977666780353 ], [ 259578.307514607731719, 1091012.081684146309271 ], [ 277320.427674117905553, 1171575.057544697308913 ], [ 306526.954984409210738, 1210702.330088140210137 ], [ 352391.199726176564582, 1289664.742281350074336 ], [ 342234.482398565043695, 1323949.847453797701746 ], [ 360744.115756427112501, 1375234.521495576482266 ], [ 339055.923101806431077, 1450742.289330200059339 ], [ 342564.278911655244883, 1492997.437072463333607 ], [ 348605.123961655190215, 1606413.747911980608478 ], [ 375473.869701154879294, 1657574.128091733669862 ], [ 388356.184861071873456, 1730473.359071921790019 ], [ 412796.384610374574549, 1757863.890118004288524 ], [ 514231.557061545725446, 1772859.457476749550551 ], [ 609382.465884777833708, 1725602.607055567437783 ], [ 645309.737859723973088, 1677735.067668314324692 ], [ 693614.288551394711249, 1675572.823562205769122 ], [ 738107.210064164595678, 1706691.960430716862902 ], [ 853403.53480921080336, 1641153.536475251661614 ], [ 901641.329062238684855, 1644254.439564357278869 ], [ 956705.952808844391257, 1698292.241115093696862 ], [ 1012212.331806024187244, 1694447.304012577515095 ], [ 1039224.723371117026545, 1712242.012880456866696 ], [ 1090243.836868425598368, 1704848.378985134884715 ], [ 1164121.374723562039435, 1667856.927142367698252 ], [ 1236772.90991231193766, 1738698.395584247307852 ], [ 1259058.400987136410549, 1733658.118211333174258 ], [ 1325766.747565121855587, 1594818.713476554723457 ], [ 1343331.008735248818994, 1597623.359930214937776 ], [ 1381808.974809229141101, 1547039.368750180350617 ], [ 1371909.469088899204507, 1524089.229127592407167 ], [ 1367676.033385186921805, 1481833.063512510852888 ], [ 1289367.684096598532051, 1383361.89385528373532 ], [ 1265489.383779858471826, 1302049.898284750757739 ], [ 1253008.619717069435865, 1235771.025805393233895 ], [ 1233201.756873042555526, 1207335.769407735439017 ], [ 1215109.417473281733692, 1117958.776069578714669 ], [ 1164747.139313063118607, 1065322.760897062718868 ], [ 1150657.135009020101279, 1000628.106675158604048 ], [ 1129731.136943373363465, 949105.809245258453302 ], [ 1121290.215666838455945, 895909.467340985429473 ], [ 1056058.57489874586463, 852768.148904606234282 ], [ 1002038.714418554329313, 905378.583757335552946 ], [ 965867.781975673511624, 903255.291890537017025 ], [ 909534.827849304419942, 828314.444790679379366 ], [ 881887.316572208190337, 827162.788656811928377 ], [ 837153.851308059412986, 703531.60817931627389 ], [ 812988.876254533650354, 612785.586010731873102 ], [ 713865.059550200705417, 566620.527850059559569 ], [ 677536.119925188249908, 573366.358326170709915 ], [ 640841.931747897062451, 544614.54570683138445 ], [ 564303.514510705135763, 547419.302685607341118 ], [ 512870.643428363720886, 627662.065390504896641 ], [ 481120.66738737304695, 720469.705719322548248 ], [ 413217.805406076426152, 804895.442917874315754 ], [ 341439.093922531115822, 803313.285982471774332 ], [ 257136.385154989169678, 803379.485393376438878 ] ] ] } },
{ "type": "Feature", "properties": { "pop_est": 24994885, "continent": "Africa", "name": "Cameroon", "iso_a3": "CMR", "gdp_md_est": 77240.0, "lon_c": 1287615.8894260139, "lat_c": 927242.19650129694 }, "geometry": { "type": "Polygon", "coordinates": [ [ [ 1372167.686796811642125, 1645306.614110987633467 ], [ 1411447.635653746780008, 1564022.325948818819597 ], [ 1419402.01891584135592, 1479697.239997410681099 ], [ 1417463.090558839729056, 1395173.00035902694799 ], [ 1471184.281026399694383, 1279353.327454966492951 ], [ 1418042.193171482998878, 1280601.966934971045703 ], [ 1391349.269888168433681, 1271521.720343072433025 ], [ 1347803.850645515369251, 1284331.29984628316015 ], [ 1328030.245464894687757, 1224144.195549753028899 ], [ 1385287.930480011738837, 1149645.927803302183747 ], [ 1427081.312163618393242, 1127965.706718306522816 ], [ 1441242.840055480599403, 1075077.564976195106283 ], [ 1472468.307569577125832, 986943.424782052519731 ], [ 1457958.613039409276098, 952289.465765493107028 ], [ 1411399.728051594924182, 822552.752459639916196 ], [ 1388707.350893491879106, 799298.230471109389327 ], [ 1382240.301710768602788, 699954.294792231288739 ], [ 1392198.413892962038517, 645953.492898142547347 ], [ 1384785.331629270222038, 607734.784940576297231 ], [ 1430467.479148309445009, 540738.876504932995886 ], [ 1438926.024073793552816, 494666.176818660984281 ], [ 1474649.779057250590995, 428423.390809487143997 ], [ 1518651.156604949850589, 387112.587764528405387 ], [ 1523204.849015824031085, 328538.00066530588083 ], [ 1533458.860666645457968, 291325.301543765061069 ], [ 1526807.728406282840297, 221967.5015889389324 ], [ 1450612.551899324171245, 252326.62416750472039 ], [ 1373067.620080024702474, 286217.960318851284683 ], [ 1252196.59404467092827, 291255.611197282210924 ], [ 1240252.662565020145848, 298257.765911855618469 ], [ 1183615.32488470361568, 281714.548927869996987 ], [ 1125367.428424213081598, 298918.151782615517732 ], [ 1079883.047671004664153, 290479.060739185428247 ], [ 924039.507512301439419, 293409.368710365961306 ], [ 937738.465819358942099, 394799.340684997383505 ], [ 900030.338861133670434, 479670.098884470702615 ], [ 856285.472919906140305, 501437.621582704305183 ], [ 836617.749958858941682, 558936.28835846518632 ], [ 812041.760645836940967, 577334.186093782656826 ], [ 812988.876254533650354, 612785.586010731873102 ], [ 837153.851308059412986, 703531.60817931627389 ], [ 881887.316572208190337, 827162.788656811928377 ], [ 909534.827849304419942, 828314.444790679379366 ], [ 965867.781975673511624, 903255.291890537017025 ], [ 1002038.714418554329313, 905378.583757335552946 ], [ 1056058.57489874586463, 852768.148904606234282 ], [ 1121290.215666838455945, 895909.467340985429473 ], [ 1129731.136943373363465, 949105.809245258453302 ], [ 1150657.135009020101279, 1000628.106675158604048 ], [ 1164747.139313063118607, 1065322.760897062718868 ], [ 1215109.417473281733692, 1117958.776069578714669 ], [ 1233201.756873042555526, 1207335.769407735439017 ], [ 1253008.619717069435865, 1235771.025805393233895 ], [ 1265489.383779858471826, 1302049.898284750757739 ], [ 1289367.684096598532051, 1383361.89385528373532 ], [ 1367676.033385186921805, 1481833.063512510852888 ], [ 1371909.469088899204507, 1524089.229127592407167 ], [ 1381808.974809229141101, 1547039.368750180350617 ], [ 1343331.008735248818994, 1597623.359930214937776 ], [ 1345593.283443595515564, 1638029.534106439677998 ], [ 1372167.686796811642125, 1645306.614110987633467 ] ] ] } },
{ "type": "Feature", "properties": { "pop_est": 7965055, "continent": "Africa", "name": "Togo", "iso_a3": "TGO", "gdp_md_est": 11610.0, "lon_c": 106662.31556892242, "lat_c": 1089475.7232263978 }, "geometry": { "type": "Polygon", "coordinates": [ [ [ 85427.498216007719748, 1408669.607237374642864 ], [ 73405.418646869147778, 1341613.614545038202778 ], [ 102482.583333224218222, 1303993.142281487584114 ], [ 135571.264457391545875, 1259339.584488164633512 ], [ 139279.470644310320495, 1196724.159162489231676 ], [ 158499.401893108559307, 1170423.802292939973995 ], [ 154573.391834992187796, 876790.3549748059595 ], [ 178203.748004093562486, 788434.141170292510651 ], [ 101302.111169395560864, 761101.290557848056778 ], [ 79949.919839069465525, 806090.323053855332546 ], [ 54454.410394817947235, 887329.395923155127093 ], [ 46847.432285438429972, 950986.92145672836341 ], [ 67872.664801440478186, 1066171.473416912136599 ], [ 43942.41747665751609, 1112779.973035883158445 ], [ 34826.993951751726854, 1213363.17321644932963 ], [ 34950.689129297359614, 1305982.448772066971287 ], [ -4729.994486006246007, 1371690.452954500680789 ], [ 2260.342818990734031, 1411386.396749274805188 ], [ 85427.498216007719748, 1408669.607237374642864 ] ] ] } },
{ "type": "Feature", "properties": { "pop_est": 27499924, "continent": "Africa", "name": "Ghana", "iso_a3": "GHA", "gdp_md_est": 120800.0, "lon_c": -103717.46611565442, "lat_c": 1002646.1396925873 }, "geometry": { "type": "Polygon", "coordinates": [ [ [ 2260.342818990734031, 1411386.396749274805188 ], [ -4729.994486006246007, 1371690.452954500680789 ], [ 34950.689129297359614, 1305982.448772066971287 ], [ 34826.993951751726854, 1213363.17321644932963 ], [ 43942.41747665751609, 1112779.973035883158445 ], [ 67872.664801440478186, 1066171.473416912136599 ], [ 46847.432285438429972, 950986.92145672836341 ], [ 54454.410394817947235, 887329.395923155127093 ], [ 79949.919839069465525, 806090.323053855332546 ], [ 101302.111169395560864, 761101.290557848056778 ], [ -48531.505759332998423, 686071.546773875248618 ], [ -101711.331311974470736, 642099.866121548693627 ], [ -187917.388229188160039, 604894.474615746526979 ], [ -273124.129260788264219, 641321.177542467718013 ], [ -268700.888542594097089, 691914.973467270494439 ], [ -309934.748330367612652, 802310.360894905403256 ], [ -284705.074503483367153, 946887.444966675597243 ], [ -244262.3518213587231, 1054305.357928446261212 ], [ -269059.527717220655177, 1236005.062640772433951 ], [ -281730.984440478147008, 1331996.981431768508628 ], [ -279253.000532781006768, 1404258.724702480714768 ], [ -114275.252136479728506, 1410258.250436096917838 ], [ -72330.424978488517809, 1400979.174950489308685 ], [ -41654.790876746061258, 1421525.787100474582985 ], [ 2260.342818990734031, 1411386.396749274805188 ] ] ] } },
{ "type": "Feature", "properties": { "pop_est": 24184810, "continent": "Africa", "name": "Côte d'Ivoire", "iso_a3": "CIV", "gdp_md_est": 87120.0, "lon_c": -542162.47834774514, "lat_c": 967474.31061712513 }, "geometry": { "type": "Polygon", "coordinates": [ [ [ -763495.603390827192925, 1307935.478478608420119 ], [ -751000.036625218577683, 1319514.356195895699784 ], [ -724843.466601014719345, 1300376.694902776973322 ], [ -651418.335729099344462, 1299325.984577391762286 ], [ -633641.622643141192384, 1336517.373237872496247 ], [ -617264.217575501417741, 1334031.683640851639211 ], [ -589717.794219808303751, 1348398.212541692424566 ], [ -575376.690144293708727, 1293891.059098165482283 ], [ -553066.433766904985532, 1309977.381356639787555 ], [ -513724.747698554943781, 1328862.515711075160652 ], [ -471131.128371696104296, 1301074.96508145192638 ], [ -454730.121551856165752, 1258904.59306876687333 ], [ -412076.784478389192373, 1231970.309929343638942 ], [ -378654.822464055905584, 1264051.846770432079211 ], [ -334064.098746071569622, 1268895.643557662842795 ], [ -269059.527717220655177, 1236005.062640772433951 ], [ -244262.3518213587231, 1054305.357928446261212 ], [ -284705.074503483367153, 946887.444966675597243 ], [ -309934.748330367612652, 802310.360894905403256 ], [ -268700.888542594097089, 691914.973467270494439 ], [ -273124.129260788264219, 641321.177542467718013 ], [ -316633.07778240920743, 640015.623485523858108 ], [ -383301.249130867014173, 665087.756165536236949 ], [ -444603.328675562457647, 663606.794404214480892 ], [ -557938.663316262536682, 641221.770229857414961 ], [ -624456.457401249208488, 604205.104247220675461 ], [ -719335.544257115572691, 557149.443204467301257 ], [ -737808.509814481483772, 560520.89786674187053 ], [ -730047.300887671182863, 666157.883414052892476 ], [ -720833.112627268303186, 682208.935344440629706 ], [ -723516.173597091110423, 732716.669655106030405 ], [ -763722.495629803161137, 786388.337771758087911 ], [ -794024.225681810406968, 794952.037533149472438 ], [ -821669.425840590614825, 830118.023602148401551 ], [ -800558.697746271733195, 887001.925402130116709 ], [ -809700.216468367143534, 948871.081261189072393 ], [ -805041.41116058989428, 986077.539973061298952 ], [ -789911.724182712496258, 986222.95622672571335 ], [ -783901.03048169251997, 1041995.225500131258741 ], [ -791085.267536486499012, 1066680.036994963418692 ], [ -781845.342623390140943, 1084445.102504106704146 ], [ -746338.104772063321434, 1099810.281288551865146 ], [ -769076.088290663436055, 1202033.42166337929666 ], [ -790564.675587120116688, 1254765.471105826320127 ], [ -782543.535094927647151, 1298054.573958206921816 ], [ -763495.603390827192925, 1307935.478478608420119 ] ] ] } },
{ "type": "Feature", "properties": { "pop_est": 12413867, "continent": "Africa", "name": "Guinea", "iso_a3": "GIN", "gdp_md_est": 16080.0, "lon_c": -918588.28045516228, "lat_c": 1275349.8936126905 }, "geometry": { "type": "Polygon", "coordinates": [ [ [ -1297539.06251469347626, 1610637.957462912658229 ], [ -1251851.292549739591777, 1609329.40035711391829 ], [ -1184299.570583142573014, 1578378.769635426579043 ], [ -1163364.894978352123871, 1581216.930742371827364 ], [ -1156023.792392193339765, 1595337.008117765188217 ], [ -1104529.483726338017732, 1585298.418230982497334 ], [ -1090741.749550285516307, 1592460.092790698166937 ], [ -1085976.561620895983651, 1545956.060626921942458 ], [ -1070940.567300100112334, 1546100.502716182265431 ], [ -1045951.789234795141965, 1563030.90189670259133 ], [ -1030306.516794582828879, 1558793.780294451629743 ], [ -1004442.063074572826736, 1526532.358891296433285 ], [ -963991.33030764083378, 1516378.350607313681394 ], [ -937634.095956471166573, 1543878.029966493602842 ], [ -906793.389828277053311, 1560871.34914507670328 ], [ -883799.00628451583907, 1578657.669497895985842 ], [ -864875.913158322451636, 1575327.199976595351472 ], [ -844149.00871652062051, 1547420.163831486133859 ], [ -833251.710566017427482, 1512371.505084669450298 ], [ -794948.522236084449105, 1459101.317976463353261 ], [ -814746.678625898901373, 1426349.977541692089289 ], [ -818874.965646459953859, 1384931.330911776749417 ], [ -798516.636936728609726, 1397456.048338406952098 ], [ -786793.122189752757549, 1382601.840350519632921 ], [ -792193.82516604126431, 1344671.858901122352108 ], [ -763495.603390827192925, 1307935.478478608420119 ], [ -782543.535094927647151, 1298054.573958206921816 ], [ -790564.675587120116688, 1254765.471105826320127 ], [ -769076.088290663436055, 1202033.42166337929666 ], [ -746338.104772063321434, 1099810.281288551865146 ], [ -781845.342623390140943, 1084445.102504106704146 ], [ -791085.267536486499012, 1066680.036994963418692 ], [ -783901.03048169251997, 1041995.225500131258741 ], [ -789911.724182712496258, 986222.95622672571335 ], [ -805041.41116058989428, 986077.539973061298952 ], [ -831996.914396003703587, 989355.967997868545353 ], [ -851823.103311865474097, 937844.928881254978478 ], [ -878798.981581751955673, 938469.827924187295139 ], [ -897161.059248668607324, 965720.654806957696564 ], [ -890457.768290224485099, 1017089.69473612762522 ], [ -929647.948012453154661, 1095383.219380287453532 ], [ -954673.586501620709896, 1081001.307020912878215 ], [ -975051.214524440350942, 1078151.74751607584767 ], [ -1001368.166233093827032, 1070827.705379958963022 ], [ -999851.448104828945361, 1117674.922909377142787 ], [ -1014798.851170910988003, 1151091.095910546369851 ], [ -1011326.868108165916055, 1188208.888609661720693 ], [ -1031368.33723157143686, 1241845.886920894961804 ], [ -1057311.238959079375491, 1287454.321219076169655 ], [ -1133372.808125719660893, 1287595.974432479590178 ], [ -1155851.688856472959742, 1263570.746841959422454 ], [ -1182106.726309490622953, 1260670.907841528300196 ], [ -1198718.673401666106656, 1233163.614416134776548 ], [ -1210145.941835569450632, 1197756.357545559760183 ], [ -1261770.377703324658796, 1141624.504284117836505 ], [ -1302521.600977710913867, 1217158.113816522760317 ], [ -1338799.496953770285472, 1267089.961739267921075 ], [ -1362899.924998629372567, 1283609.82548611308448 ], [ -1386237.045484585687518, 1308946.556213800329715 ], [ -1396098.280838100705296, 1365243.579640334006399 ], [ -1409516.414638641988859, 1393294.53285983693786 ], [ -1436759.428540615132079, 1414152.420620056334883 ], [ -1393425.907445699907839, 1476168.06096763163805 ], [ -1364671.570062421262264, 1473808.604840171523392 ], [ -1339548.268605870194733, 1495152.567658198066056 ], [ -1318618.067517187912017, 1495356.250344677595422 ], [ -1303369.96957045327872, 1512207.285138110397384 ], [ -1310686.11607212619856, 1554316.777376167709008 ], [ -1300063.939485260518268, 1567595.926478630397469 ], [ -1297539.06251469347626, 1610637.957462912658229 ] ] ] } },
{ "type": "Feature", "properties": { "pop_est": 1792338, "continent": "Africa", "name": "Guinea-Bissau", "iso_a3": "GNB", "gdp_md_est": 2851.0, "lon_c": -1425886.2779066239, "lat_c": 1521576.4091165878 }, "geometry": { "type": "Polygon", "coordinates": [ [ [ -1580058.265212985454127, 1585078.601815415313467 ], [ -1529418.643763985019177, 1605761.069786117179319 ], [ -1498142.551188607933, 1601674.302392134675756 ], [ -1472445.504446406383067, 1615967.019499492133036 ], [ -1297539.06251469347626, 1610637.957462912658229 ], [ -1300063.939485260518268, 1567595.926478630397469 ], [ -1310686.11607212619856, 1554316.777376167709008 ], [ -1303369.96957045327872, 1512207.285138110397384 ], [ -1318618.067517187912017, 1495356.250344677595422 ], [ -1339548.268605870194733, 1495152.567658198066056 ], [ -1364671.570062421262264, 1473808.604840171523392 ], [ -1393425.907445699907839, 1476168.06096763163805 ], [ -1436759.428540615132079, 1414152.420620056334883 ], [ -1486440.475020439829677, 1467347.631689269561321 ], [ -1526225.838461001869291, 1475757.297788453288376 ], [ -1547269.713506049243733, 1511602.952371173072606 ], [ -1546309.846256143413484, 1530945.533095065271482 ], [ -1574632.071545373415574, 1557907.59382481710054 ], [ -1580058.265212985454127, 1585078.601815415313467 ] ] ] } },
{ "type": "Feature", "properties": { "pop_est": 4689021, "continent": "Africa", "name": "Liberia", "iso_a3": "LBR", "gdp_md_est": 3881.0, "lon_c": -927539.78602625732, "lat_c": 812535.03056764894 }, "geometry": { "type": "Polygon", "coordinates": [ [ [ -805041.41116058989428, 986077.539973061298952 ], [ -809700.216468367143534, 948871.081261189072393 ], [ -800558.697746271733195, 887001.925402130116709 ], [ -821669.425840590614825, 830118.023602148401551 ], [ -794024.225681810406968, 794952.037533149472438 ], [ -763722.495629803161137, 786388.337771758087911 ], [ -723516.173597091110423, 732716.669655106030405 ], [ -720833.112627268303186, 682208.935344440629706 ], [ -730047.300887671182863, 666157.883414052892476 ], [ -737808.509814481483772, 560520.89786674187053 ], [ -762872.821517568314448, 559390.456013590912335 ], [ -861205.007632719120011, 620537.156272759079002 ], [ -947561.631759274867363, 718131.473958686226979 ], [ -1028518.416519428719766, 788248.762192521593533 ], [ -1092195.869091242551804, 870885.315115021425299 ], [ -1069034.394150548614562, 911840.828834356623702 ], [ -1063641.781987282214686, 949062.830918579944409 ], [ -1019981.861266604857519, 1018487.258280530455522 ], [ -975051.214524440350942, 1078151.74751607584767 ], [ -954673.586501620709896, 1081001.307020912878215 ], [ -929647.948012453154661, 1095383.219380287453532 ], [ -890457.768290224485099, 1017089.69473612762522 ], [ -897161.059248668607324, 965720.654806957696564 ], [ -878798.981581751955673, 938469.827924187295139 ], [ -851823.103311865474097, 937844.928881254978478 ], [ -831996.914396003703587, 989355.967997868545353 ], [ -805041.41116058989428, 986077.539973061298952 ] ] ] } },
{ "type": "Feature", "properties": { "pop_est": 6163195, "continent": "Africa", "name": "Sierra Leone", "iso_a3": "SLE", "gdp_md_est": 10640.0, "lon_c": -1128694.0202323864, "lat_c": 1097913.3352127266 }, "geometry": { "type": "Polygon", "coordinates": [ [ [ -1261770.377703324658796, 1141624.504284117836505 ], [ -1210145.941835569450632, 1197756.357545559760183 ], [ -1198718.673401666106656, 1233163.614416134776548 ], [ -1182106.726309490622953, 1260670.907841528300196 ], [ -1155851.688856472959742, 1263570.746841959422454 ], [ -1133372.808125719660893, 1287595.974432479590178 ], [ -1057311.238959079375491, 1287454.321219076169655 ], [ -1031368.33723157143686, 1241845.886920894961804 ], [ -1011326.868108165916055, 1188208.888609661720693 ], [ -1014798.851170910988003, 1151091.095910546369851 ], [ -999851.448104828945361, 1117674.922909377142787 ], [ -1001368.166233093827032, 1070827.705379958963022 ], [ -975051.214524440350942, 1078151.74751607584767 ], [ -1019981.861266604857519, 1018487.258280530455522 ], [ -1063641.781987282214686, 949062.830918579944409 ], [ -1069034.394150548614562, 911840.828834356623702 ], [ -1092195.869091242551804, 870885.315115021425299 ], [ -1117838.340671725338325, 880382.861500659724697 ], [ -1186083.264721091138199, 931946.24242932733614 ], [ -1235079.71702470513992, 1000479.405449805897661 ], [ -1251241.127574449870735, 1047187.6606576947961 ], [ -1261770.377703324658796, 1141624.504284117836505 ] ] ] } },
{ "type": "Feature", "properties": { "pop_est": 20107509, "continent": "Africa", "name": "Burkina Faso", "iso_a3": "BFA", "gdp_md_est": 32990.0, "lon_c": -120895.27737897306, "lat_c": 1566849.8001396041 }, "geometry": { "type": "Polygon", "coordinates": [ [ [ -513724.747698554943781, 1328862.515711075160652 ], [ -519553.315316901775077, 1402804.819680283777416 ], [ -493313.413767775986344, 1456747.871395776281133 ], [ -495224.574855818878859, 1499823.979124935576692 ], [ -419319.560112205683254, 1605111.664914501132444 ], [ -404898.601214694615919, 1692105.507179190637544 ], [ -378799.071423102577683, 1723032.863537197001278 ], [ -333164.021847084746696, 1705948.640384023310617 ], [ -293411.813944507506676, 1731746.628535912372172 ], [ -280410.440501744858921, 1764279.350600811187178 ], [ -206910.895215031021507, 1821006.008860021131113 ], [ -188776.31271420037956, 1860529.620131210889667 ], [ -100510.260042023772257, 1912933.373927102191374 ], [ -48606.766038833338825, 1930904.165418150834739 ], [ -25098.830547943573038, 1906681.807792441919446 ], [ 35338.982761220271641, 1907262.620850807288662 ], [ 27897.846267712910048, 1846021.073688543634489 ], [ 40607.190716001692635, 1788403.780884648906067 ], [ 93916.222598696011119, 1705706.322625469882041 ], [ 96942.732067105462193, 1644346.218728731386364 ], [ 206173.962963238329394, 1615566.945245758164674 ], [ 204279.943438323476585, 1528587.935364707140252 ], [ 183657.624228471133392, 1490579.406693912809715 ], [ 137308.411195808002958, 1478698.309607023373246 ], [ 118065.355943135451525, 1423074.692500171484426 ], [ 85427.498216007719748, 1408669.607237374642864 ], [ 2260.342818990734031, 1411386.396749274805188 ], [ -41654.790876746061258, 1421525.787100474582985 ], [ -72330.424978488517809, 1400979.174950489308685 ], [ -114275.252136479728506, 1410258.250436096917838 ], [ -279253.000532781006768, 1404258.724702480714768 ], [ -281730.984440478147008, 1331996.981431768508628 ], [ -269059.527717220655177, 1236005.062640772433951 ], [ -334064.098746071569622, 1268895.643557662842795 ], [ -378654.822464055905584, 1264051.846770432079211 ], [ -412076.784478389192373, 1231970.309929343638942 ], [ -454730.121551856165752, 1258904.59306876687333 ], [ -471131.128371696104296, 1301074.96508145192638 ], [ -513724.747698554943781, 1328862.515711075160652 ] ] ] } },
{ "type": "Feature", "properties": { "pop_est": 5625118, "continent": "Africa", "name": "Central African Rep.", "iso_a3": "CAF", "gdp_md_est": 3206.0, "lon_c": 1955374.6864807578, "lat_c": 867942.81244073901 }, "geometry": { "type": "Polygon", "coordinates": [ [ [ 2617266.23026729747653, 672028.548002820578404 ], [ 2585904.598048645537347, 658424.978588615078479 ], [ 2524541.088429133407772, 661377.043487192713656 ], [ 2452414.340544333681464, 674867.725748553057201 ], [ 2417036.490048586856574, 663881.783852719701827 ], [ 2403123.517060365527868, 632699.032196424552239 ], [ 2372207.875061991158873, 628851.73079605482053 ], [ 2334123.703602486290038, 655979.793562056962401 ], [ 2228448.984313840977848, 591968.339755419059657 ], [ 2184708.993092999327928, 604851.389045820455067 ], [ 2171684.25057062972337, 594964.633948736358434 ], [ 2143893.697113655041903, 517483.29967038606992 ], [ 2072269.690793931484222, 542529.186463735764846 ], [ 2002157.704863901250064, 555160.356851672753692 ], [ 1940758.00472308578901, 602484.980997001519427 ], [ 1861605.7670818855986, 646072.778293055249378 ], [ 1810811.364816509187222, 604771.846427806420252 ], [ 1774152.514473968883976, 539634.844021281925961 ], [ 1766234.263066850602627, 450129.378110375429969 ], [ 1704625.275090806884691, 457293.519988729211036 ], [ 1639696.82602059468627, 478857.589082292921375 ], [ 1583078.069004739634693, 410829.02176750235958 ], [ 1533458.860666645457968, 291325.301543765061069 ], [ 1523204.849015824031085, 328538.00066530588083 ], [ 1518651.156604949850589, 387112.587764528405387 ], [ 1474649.779057250590995, 428423.390809487143997 ], [ 1438926.024073793552816, 494666.176818660984281 ], [ 1430467.479148309445009, 540738.876504932995886 ], [ 1384785.331629270222038, 607734.784940576297231 ], [ 1392198.413892962038517, 645953.492898142547347 ], [ 1382240.301710768602788, 699954.294792231288739 ], [ 1388707.350893491879106, 799298.230471109389327 ], [ 1411399.728051594924182, 822552.752459639916196 ], [ 1457958.613039409276098, 952289.465765493107028 ], [ 1536724.124109614873305, 961906.00496028654743 ], [ 1553870.519799215020612, 994808.777591577963904 ], [ 1569702.762743730796501, 992310.433697467087768 ], [ 1593928.534870429895818, 963343.951647809008136 ], [ 1713314.799446864519268, 1012279.026379478047602 ], [ 1753010.550070551456884, 1062188.736677716253325 ], [ 1801949.102087211562321, 1106861.468661758117378 ], [ 1791710.439401515293866, 1151823.56972448527813 ], [ 1818350.243472056929022, 1163562.149954511551186 ], [ 1910468.560551891336218, 1155627.72057785326615 ], [ 1998866.047611213987693, 1214764.452034403337166 ], [ 2064403.191079501528293, 1353875.497556104091927 ], [ 2111277.049439962022007, 1405429.722664617467672 ], [ 2170802.35429531801492, 1427132.604384836275131 ], [ 2183047.155626361723989, 1372651.349405381828547 ], [ 2239954.698850852437317, 1292985.202911569504067 ], [ 2241544.462814795318991, 1240949.352974454406649 ], [ 2227356.305233509279788, 1187846.097552437568083 ], [ 2234387.572162441909313, 1148167.741578812943771 ], [ 2268251.95283772284165, 1111387.028368139173836 ], [ 2342065.279212845489383, 1055527.371598466066644 ], [ 2395389.524050758685917, 1003863.133044423302636 ], [ 2397130.081445631105453, 962289.459232421475463 ], [ 2462637.916213205084205, 895644.863677763263695 ], [ 2503482.922551415394992, 840240.761203714646399 ], [ 2528965.674130581319332, 763392.476731158094481 ], [ 2601248.160681913141161, 712669.93790098594036 ], [ 2617266.23026729747653, 672028.548002820578404 ] ] ] } },
{ "type": "Feature", "properties": { "pop_est": 4954674, "continent": "Africa", "name": "Congo", "iso_a3": "COG", "gdp_md_est": 30270.0, "lon_c": 1527377.3343081155, "lat_c": -83288.35086683993 }, "geometry": { "type": "Polygon", "coordinates": [ [ [ 1766234.263066850602627, 450129.378110375429969 ], [ 1761052.329381497809663, 372591.117475234728772 ], [ 1732728.018676080740988, 303922.443583953659981 ], [ 1714329.258049987955019, 223786.383090813207673 ], [ 1702673.651584059698507, 109939.391085038223537 ], [ 1707768.213059616042301, 37122.943145422628731 ], [ 1692163.918529157526791, -7463.066354930028865 ], [ 1689756.155055154813454, -54585.29981200327893 ], [ 1678701.058028576197103, -95571.538743971541408 ], [ 1615517.504189894767478, -157496.055899846280226 ], [ 1571452.18325838400051, -223670.133779458265053 ], [ 1529379.229784005321562, -348443.393513492366765 ], [ 1532017.316783766495064, -454076.236252206901554 ], [ 1507568.500651671783999, -495153.568301451043226 ], [ 1451400.875231293728575, -557819.017703503952362 ], [ 1394522.418208941584453, -638212.934496735804714 ], [ 1358967.99135795305483, -615493.126511359470896 ], [ 1353096.61750153475441, -579180.426687119179405 ], [ 1300997.311972677940503, -577914.190854098997079 ], [ 1267953.332277167122811, -627019.098753366386518 ], [ 1242916.10330302757211, -613955.388807326555252 ], [ 1207349.18652827735059, -569945.327052955748513 ], [ 1178314.793054638197646, -591524.114635886973701 ], [ 1139362.348772755125538, -646901.066795950289816 ], [ 1061567.956901709316298, -511023.977412058971822 ], [ 1134756.39794011018239, -440178.747133279510308 ], [ 1098987.115942919394001, -355278.45454666565638 ], [ 1131929.509838402271271, -322986.468443499936257 ], [ 1196591.764931007521227, -307257.412929877464194 ], [ 1204379.597901849076152, -250335.192014595435467 ], [ 1255364.351163651095703, -312016.025705045205541 ], [ 1339879.401427637320012, -317418.332600825582631 ], [ 1369466.686180719872937, -256727.399328408937436 ], [ 1381778.214177093701437, -171318.343089938309276 ], [ 1371479.433479779632762, -71005.162989708333043 ], [ 1326186.836137734120712, 4979.871068151938744 ], [ 1367521.746172848856077, 153784.916449973505223 ], [ 1343562.939865385880694, 179318.217631706385873 ], [ 1272314.611366062657908, 168848.756428642314859 ], [ 1245394.240310558350757, 235227.254348060436314 ], [ 1252196.59404467092827, 291255.611197282210924 ], [ 1373067.620080024702474, 286217.960318851284683 ], [ 1450612.551899324171245, 252326.62416750472039 ], [ 1526807.728406282840297, 221967.5015889389324 ], [ 1533458.860666645457968, 291325.301543765061069 ], [ 1583078.069004739634693, 410829.02176750235958 ], [ 1639696.82602059468627, 478857.589082292921375 ], [ 1704625.275090806884691, 457293.519988729211036 ], [ 1766234.263066850602627, 450129.378110375429969 ] ] ] } },
{ "type": "Feature", "properties": { "pop_est": 1772255, "continent": "Africa", "name": "Gabon", "iso_a3": "GAB", "gdp_md_est": 35980.0, "lon_c": 1110492.3360182391, "lat_c": -121441.75538615124 }, "geometry": { "type": "Polygon", "coordinates": [ [ [ 1079883.047671004664153, 290479.060739185428247 ], [ 1125367.428424213081598, 298918.151782615517732 ], [ 1183615.32488470361568, 281714.548927869996987 ], [ 1240252.662565020145848, 298257.765911855618469 ], [ 1252196.59404467092827, 291255.611197282210924 ], [ 1245394.240310558350757, 235227.254348060436314 ], [ 1272314.611366062657908, 168848.756428642314859 ], [ 1343562.939865385880694, 179318.217631706385873 ], [ 1367521.746172848856077, 153784.916449973505223 ], [ 1326186.836137734120712, 4979.871068151938744 ], [ 1371479.433479779632762, -71005.162989708333043 ], [ 1381778.214177093701437, -171318.343089938309276 ], [ 1369466.686180719872937, -256727.399328408937436 ], [ 1339879.401427637320012, -317418.332600825582631 ], [ 1255364.351163651095703, -312016.025705045205541 ], [ 1204379.597901849076152, -250335.192014595435467 ], [ 1196591.764931007521227, -307257.412929877464194 ], [ 1131929.509838402271271, -322986.468443499936257 ], [ 1098987.115942919394001, -355278.45454666565638 ], [ 1134756.39794011018239, -440178.747133279510308 ], [ 1061567.956901709316298, -511023.977412058971822 ], [ 963720.392313575255685, -381455.957356030528899 ], [ 900721.652491151704453, -275485.271410749817733 ], [ 842770.926507571712136, -142783.845423513994319 ], [ 845883.276311823748983, -100099.665348788490519 ], [ 866823.354084531427361, -59020.603453225907288 ], [ 890104.635683366912417, 34520.16677311858075 ], [ 909349.663540904060937, 129784.360542969196104 ], [ 941661.538424293627031, 137207.018713874043897 ], [ 1081020.796297683846205, 135892.456319138436811 ], [ 1079883.047671004664153, 290479.060739185428247 ] ] ] } },
{ "type": "Feature", "properties": { "pop_est": 778358, "continent": "Africa", "name": "Eq. Guinea", "iso_a3": "GNQ", "gdp_md_est": 31770.0, "lon_c": 993892.86630142783, "lat_c": 219818.27187996369 }, "geometry": { "type": "Polygon", "coordinates": [ [ [ 924039.507512301439419, 293409.368710365961306 ], [ 1079883.047671004664153, 290479.060739185428247 ], [ 1081020.796297683846205, 135892.456319138436811 ], [ 941661.538424293627031, 137207.018713874043897 ], [ 909349.663540904060937, 129784.360542969196104 ], [ 891389.000349009991623, 149157.483020741987275 ], [ 924039.507512301439419, 293409.368710365961306 ] ] ] } },
{ "type": "Feature", "properties": { "pop_est": 15972000, "continent": "Africa", "name": "Zambia", "iso_a3": "ZMB", "gdp_md_est": 65170.0, "lon_c": 2400442.4928907705, "lat_c": -1673282.214728076 }, "geometry": { "type": "Polygon", "coordinates": [ [ [ 2930128.431435503531247, -1069691.466970967361704 ], [ 2969021.155102618038654, -1102221.764915910549462 ], [ 3006370.956773570738733, -1123615.77878586598672 ], [ 3066255.649537669494748, -1145112.228927029063925 ], [ 3119079.233237275388092, -1183446.234552376670763 ], [ 3162088.274462033994496, -1240375.750465002609417 ], [ 3182328.969489356502891, -1348589.054585030069575 ], [ 3164810.997327483259141, -1383105.173882552888244 ], [ 3141573.082728933542967, -1486262.147453959099948 ], [ 3155233.532214048318565, -1591544.754010004922748 ], [ 3123431.955312069505453, -1635724.871755096595734 ], [ 3089154.930645412299782, -1753479.563436797587201 ], [ 3137213.175715487450361, -1786268.363558239303529 ], [ 2845668.752209269907326, -1890488.219056235393509 ], [ 2850120.346074042841792, -1980315.649918586248532 ], [ 2777949.807618448976427, -1997575.881977623794228 ], [ 2721855.317703715059906, -2047772.253223399398848 ], [ 2708197.568270592484623, -2091415.755870757158846 ], [ 2674062.054807091597468, -2101311.229190312325954 ], [ 2587116.551579157356173, -2204660.227101793047041 ], [ 2530973.933568982873112, -2285823.894797448534518 ], [ 2499221.894433183595538, -2288730.929097976069897 ], [ 2469569.216024939436466, -2274297.435986407566816 ], [ 2365616.946539791300893, -2260571.803620886523277 ], [ 2349237.809259251691401, -2251203.007381124887615 ], [ 2349038.803278393112123, -2240795.225649524480104 ], [ 2313407.657045566476882, -2212514.74928413098678 ], [ 2252955.431346115656197, -2205289.417444752529263 ], [ 2174939.645696068648249, -2233807.812294664792717 ], [ 2117129.262515025679022, -2155381.342474563512951 ], [ 2057877.571333035128191, -2052464.383382528787479 ], [ 2076104.564386249054223, -1650259.058124160626903 ], [ 2273141.679172052070498, -1651858.465985885821283 ], [ 2266524.173580208793283, -1608056.814189631259069 ], [ 2282171.218398950528353, -1560497.115417920984328 ], [ 2267359.964420294389129, -1500894.798196625662968 ], [ 2279989.943782148417085, -1439209.567424787441269 ], [ 2271091.312793554272503, -1399692.893938447115943 ], [ 2303760.425356643274426, -1402896.843740254174918 ], [ 2308051.806358843576163, -1442457.828999092103913 ], [ 2352631.355244176462293, -1439387.107736055739224 ], [ 2412541.689126294106245, -1451123.53170020878315 ], [ 2442400.248007768299431, -1508863.60290120029822 ], [ 2517743.138140358496457, -1526591.386566064320505 ], [ 2577098.56488984124735, -1486459.284740111324936 ], [ 2596039.842895448673517, -1553059.538705733604729 ], [ 2668013.456638731062412, -1570808.570114962290972 ], [ 2700839.865617413539439, -1624905.653539507184178 ], [ 2736887.998617672827095, -1694705.963470265967771 ], [ 2809235.4390361700207, -1695754.006817388813943 ], [ 2806915.932435552123934, -1558921.704851384740323 ], [ 2780002.869596644770354, -1582017.42056495253928 ], [ 2715629.71797150047496, -1532580.619993710424751 ], [ 2690840.909319465979934, -1509967.206840389408171 ], [ 2707032.133075892459601, -1382256.279590310528874 ], [ 2728675.618924302048981, -1231343.903725798940286 ], [ 2709000.510239930823445, -1175061.641554149566218 ], [ 2738375.29426625976339, -1093531.042685617692769 ], [ 2764324.316371922846884, -1078257.33085884177126 ], [ 2892932.761837014462799, -1056686.539851743262261 ], [ 2930128.431435503531247, -1069691.466970967361704 ] ] ] } },
{ "type": "Feature", "properties": { "pop_est": 19196246, "continent": "Africa", "name": "Malawi", "iso_a3": "MWI", "gdp_md_est": 21200.0, "lon_c": 3185072.3622487094, "lat_c": -1685265.8695606713 }, "geometry": { "type": "Polygon", "coordinates": [ [ [ 3119079.233237275388092, -1183446.234552376670763 ], [ 3211610.52289682906121, -1207256.428371833637357 ], [ 3229518.202352164778858, -1242538.268558045383543 ], [ 3259602.829608551692218, -1302003.74710730672814 ], [ 3279207.293864958919585, -1475175.573774063726887 ], [ 3248372.727215009741485, -1571766.778029845329002 ], [ 3266911.079016957432032, -1736652.801085314713418 ], [ 3299822.838706468231976, -1734806.867366245947778 ], [ 3331783.794508496765047, -1775633.004116212017834 ], [ 3366300.828324740752578, -1867106.448337652720511 ], [ 3364686.52234314288944, -2029357.361877863062546 ], [ 3322338.797142081428319, -2055880.701631023082882 ], [ 3288151.902359008789062, -2143171.942348805721849 ], [ 3231715.649195924866945, -2065464.644725504796952 ], [ 3230016.647484457585961, -1976640.012283681891859 ], [ 3253184.412292877212167, -1917970.558497169055045 ], [ 3250525.690539933275431, -1867354.618067343952134 ], [ 3215000.473981960210949, -1835364.168831253424287 ], [ 3188419.68750090058893, -1846981.380993674276397 ], [ 3137213.175715487450361, -1786268.363558239303529 ], [ 3089154.930645412299782, -1753479.563436797587201 ], [ 3123431.955312069505453, -1635724.871755096595734 ], [ 3155233.532214048318565, -1591544.754010004922748 ], [ 3141573.082728933542967, -1486262.147453959099948 ], [ 3164810.997327483259141, -1383105.173882552888244 ], [ 3182328.969489356502891, -1348589.054585030069575 ], [ 3162088.274462033994496, -1240375.750465002609417 ], [ 3119079.233237275388092, -1183446.234552376670763 ] ] ] } },
{ "type": "Feature", "properties": { "pop_est": 26573706, "continent": "Africa", "name": "Mozambique", "iso_a3": "MOZ", "gdp_md_est": 35010.0, "lon_c": 3243824.3200327531, "lat_c": -2333555.8989223456 }, "geometry": { "type": "MultiPolygon", "coordinates": [ [ [ [ 3279207.293864958919585, -1475175.573774063726887 ], [ 3351050.713895135559142, -1464889.205256326589733 ], [ 3463446.44864688301459, -1500723.98116327659227 ], [ 3488955.685637374874204, -1484652.172274266602471 ], [ 3555154.282083698082715, -1481374.122268971055746 ], [ 3590748.050241000950336, -1443216.626475956523791 ], [ 3647596.530698635149747, -1445304.869983031880111 ], [ 3753732.269676884636283, -1395880.241414090618491 ], [ 3832714.018964127637446, -1322027.268708012532443 ], [ 3845459.489995524287224, -1379143.586112516932189 ], [ 3835301.920940658543259, -1505907.434245248558 ], [ 3841043.582448596134782, -1617363.90143594192341 ], [ 3833006.291957460343838, -1815384.501132874749601 ], [ 3845642.965868022292852, -1877306.601888655684888 ], [ 3811536.75892496900633, -1967514.953477218281478 ], [ 3768979.528531362302601, -2055041.285434133606032 ], [ 3703609.804013924207538, -2133064.305826068855822 ], [ 3614390.015056491829455, -2180828.912155826110393 ], [ 3504353.41628471435979, -2241741.48854286968708 ], [ 3388847.716042679268867, -2376147.31111907819286 ], [ 3351224.186400668695569, -2398967.390208317432553 ], [ 3279478.750877250451595, -2487658.214193985797465 ], [ 3238926.325095674954355, -2516473.817001676186919 ], [ 3224244.202927735634148, -2605205.999676531646401 ], [ 3260707.281796163413674, -2699216.994195089209825 ], [ 3272892.461421693209559, -2771849.755424269940704 ], [ 3270864.534561125095934, -2808841.015708164777607 ], [ 3287734.015437749680132, -2802661.363332714885473 ], [ 3274356.273070045281202, -2923669.915984252467752 ], [ 3254195.629331836011261, -2980830.213374288752675 ], [ 3273918.252003007102758, -3001868.684071085881442 ], [ 3255440.098524140194058, -3052934.815876375418156 ], [ 3212940.427541103214025, -3096530.500736888963729 ], [ 3133425.978049673140049, -3137888.293741482775658 ], [ 3017198.392725511454046, -3204001.214735600631684 ], [ 2972935.319742585532367, -3249075.739524484146386 ], [ 2975913.522832496557385, -3300341.766414262354374 ], [ 2998415.129409688524902, -3308520.819030383136123 ], [ 2984387.863259331788868, -3372416.069936178158969 ], [ 2915538.677237403579056, -3371400.972699999343604 ], [ 2912817.302629477810115, -3317745.976828640792519 ], [ 2904392.473548095673323, -3263203.581024009734392 ], [ 2900579.258976394776255, -3219456.312597535084933 ], [ 2928922.186015769839287, -3083187.509802371729165 ], [ 2912411.505830093286932, -2996021.511406274046749 ], [ 2882101.317886371165514, -2822618.751328690908849 ], [ 2990287.261522127781063, -2682120.166209623217583 ], [ 3021392.878439808264375, -2592556.538579375017434 ], [ 3036258.597292222548276, -2581239.6945800059475 ], [ 3052040.829282012302428, -2507948.579955585766584 ], [ 3039660.499791887588799, -2471018.717770000454038 ], [ 3050021.398878797888756, -2377697.899871161673218 ], [ 3073948.262199244461954, -2290964.486725612543523 ], [ 3083629.26334690535441, -2132122.288091234862804 ], [ 3037229.211655129212886, -2091708.358222290640697 ], [ 2993010.007988240104169, -2082565.32158956094645 ], [ 2974496.511781333945692, -2051416.664914871333167 ], [ 2932366.072035792283714, -2024832.334649054799229 ], [ 2853772.12932772282511, -2027339.055086799664423 ], [ 2850120.346074042841792, -1980315.649918586248532 ], [ 2845668.752209269907326, -1890488.219056235393509 ], [ 3137213.175715487450361, -1786268.363558239303529 ], [ 3188419.68750090058893, -1846981.380993674276397 ], [ 3215000.473981960210949, -1835364.168831253424287 ], [ 3250525.690539933275431, -1867354.618067343952134 ], [ 3253184.412292877212167, -1917970.558497169055045 ], [ 3230016.647484457585961, -1976640.012283681891859 ], [ 3231715.649195924866945, -2065464.644725504796952 ], [ 3288151.902359008789062, -2143171.942348805721849 ], [ 3322338.797142081428319, -2055880.701631023082882 ], [ 3364686.52234314288944, -2029357.361877863062546 ], [ 3366300.828324740752578, -1867106.448337652720511 ], [ 3331783.794508496765047, -1775633.004116212017834 ], [ 3299822.838706468231976, -1734806.867366245947778 ], [ 3266911.079016957432032, -1736652.801085314713418 ], [ 3248372.727215009741485, -1571766.778029845329002 ], [ 3279207.293864958919585, -1475175.573774063726887 ] ] ], [ [ [ 3832714.018906743265688, -1322027.268450856208801 ], [ 3832713.673482211306691, -1322026.98221316980198 ], [ 3832713.906394957564771, -1322026.764251454733312 ], [ 3832714.018906743265688, -1322027.268450856208801 ] ] ] ] } },
{ "type": "Feature", "properties": { "pop_est": 1467152, "continent": "Africa", "name": "eSwatini", "iso_a3": "SWZ", "gdp_md_est": 11060.0, "lon_c": 2852746.1127803391, "lat_c": -3351029.681672235 }, "geometry": { "type": "Polygon", "coordinates": [ [ [ 2915538.677237403579056, -3371400.972699999343604 ], [ 2891856.495063918177038, -3425196.771890837699175 ], [ 2837498.304116631858051, -3438256.362034926190972 ], [ 2789456.961640526074916, -3372616.578331597615033 ], [ 2792430.446314337197691, -3330658.390644470695406 ], [ 2821420.386515322607011, -3285026.108251442201436 ], [ 2833204.045084349811077, -3249579.305642129387707 ], [ 2860365.8059102431871, -3240897.804568054620177 ], [ 2904392.473548095673323, -3263203.581024009734392 ], [ 2912817.302629477810115, -3317745.976828640792519 ], [ 2915538.677237403579056, -3371400.972699999343604 ] ] ] } },
{ "type": "Feature", "properties": { "pop_est": 29310273, "continent": "Africa", "name": "Angola", "iso_a3": "AGO", "gdp_md_est": 189000.0, "lon_c": 1783655.9198519043, "lat_c": -1520999.3294534204 }, "geometry": { "type": "MultiPolygon", "coordinates": [ [ [ [ 1177320.127483447082341, -783044.726835123728961 ], [ 1216896.992865519598126, -765822.602680242387578 ], [ 1244558.716819308232516, -768219.658181199571118 ], [ 1278203.068405057769269, -752823.494850761489943 ], [ 1560183.365494947182015, -754518.810326700448059 ], [ 1582688.310803331201896, -849978.797786074574105 ], [ 1609131.16788088157773, -926744.883022145717405 ], [ 1630500.623009723378345, -968123.670821242500097 ], [ 1666054.964790960540995, -1034992.207634730963036 ], [ 1729267.993765909224749, -1024652.093964139348827 ], [ 1761015.866410986287519, -1006665.121182449976914 ], [ 1813424.320107465377077, -1024724.775679201702587 ], [ 1828234.920744319679216, -992746.576931593939662 ], [ 1853328.959424381377175, -918186.896097658667713 ], [ 1912603.802698963088915, -913186.729797164327465 ], [ 1918086.126530868466944, -891007.509717391338199 ], [ 1966800.951452929526567, -890524.587834062986076 ], [ 1957762.042315267957747, -936638.023803794174455 ], [ 2073574.682724324055016, -935520.459121317602694 ], [ 2073889.667417611228302, -1016009.216250291909091 ], [ 2092270.451610689517111, -1065332.588416137732565 ], [ 2076666.450260329293087, -1142347.074159746989608 ], [ 2081946.638723688432947, -1220853.903213194571435 ], [ 2112590.950772685464472, -1268190.430202163290232 ], [ 2103692.545397194568068, -1419802.471178790088743 ], [ 2127508.55511952470988, -1408126.81591897062026 ], [ 2168690.859837590251118, -1411251.466991133289412 ], [ 2228044.463088743388653, -1392185.773812343832105 ], [ 2271091.312793554272503, -1399692.893938447115943 ], [ 2279989.943782148417085, -1439209.567424787441269 ], [ 2267359.964420294389129, -1500894.798196625662968 ], [ 2282171.218398950528353, -1560497.115417920984328 ], [ 2266524.173580208793283, -1608056.814189631259069 ], [ 2273141.679172052070498, -1651858.465985885821283 ], [ 2076104.564386249054223, -1650259.058124160626903 ], [ 2057877.571333035128191, -2052464.383382528787479 ], [ 2117129.262515025679022, -2155381.342474563512951 ], [ 2174939.645696068648249, -2233807.812294664792717 ], [ 2000638.633222558302805, -2284898.005570778157562 ], [ 1774720.87422108836472, -2267159.866259564645588 ], [ 1711957.632621467811987, -2207060.184571140445769 ], [ 1331837.175111385062337, -2212475.836768250912428 ], [ 1317429.539198455633596, -2221295.147392262239009 ], [ 1263000.721109659643844, -2164523.30643070070073 ], [ 1202269.872356365667656, -2160770.64432187564671 ], [ 1145618.977511763805524, -2182165.819306104443967 ], [ 1099957.345358465332538, -2206048.326123996637762 ], [ 1092841.603376695653424, -2127061.056731363758445 ], [ 1108147.061906522372738, -2016373.668032488320023 ], [ 1142947.474647089838982, -1900873.252055013552308 ], [ 1148906.398072223179042, -1846641.654472757363692 ], [ 1181693.156986221205443, -1732561.558667571051046 ], [ 1205186.76549977180548, -1680627.690581779228523 ], [ 1261069.51265416527167, -1597620.000575072830543 ], [ 1292482.005802121944726, -1541103.860710215289146 ], [ 1304071.876176536548883, -1446915.732788506895304 ], [ 1300279.978477292461321, -1374767.174129065359011 ], [ 1272564.31607283721678, -1329224.618277553468943 ], [ 1248351.468777379253879, -1251878.431263951817527 ], [ 1225991.119357670191675, -1175318.93022181885317 ], [ 1231439.449352538445964, -1148781.376092818798497 ], [ 1261349.2951391316019, -1098139.760597477667034 ], [ 1233830.393508618930355, -974628.624327935278416 ], [ 1215151.464288999559358, -888963.347652513883077 ], [ 1168032.189947625854984, -807943.775641876622103 ], [ 1177320.127483447082341, -783044.726835123728961 ] ] ], [ [ [ 1242916.10330302757211, -613955.388807326555252 ], [ 1207932.383471491513774, -640910.213660281500779 ], [ 1192060.375297313556075, -673877.086621026624925 ], [ 1188657.119616608368233, -729762.574546838877723 ], [ 1164245.150773419532925, -743300.216951741604134 ], [ 1139362.348772755125538, -646901.066795950289816 ], [ 1178314.793054638197646, -591524.114635886973701 ], [ 1207349.18652827735059, -569945.327052955748513 ], [ 1242916.10330302757211, -613955.388807326555252 ] ] ] ] } },
{ "type": "Feature", "properties": { "pop_est": 11466756, "continent": "Africa", "name": "Burundi", "iso_a3": "BDI", "gdp_md_est": 7892.0, "lon_c": 2867383.9201031402, "lat_c": -444937.66276353726 }, "geometry": { "type": "Polygon", "coordinates": [ [ [ 2917761.50304538058117, -310104.269707267580088 ], [ 2922880.747027773875743, -360671.867323687009048 ], [ 2943218.32287174789235, -389779.761258457845543 ], [ 2943660.662938335444778, -431505.665122032514773 ], [ 2919740.665764671750367, -458369.660405041940976 ], [ 2881657.039610669482499, -525306.054853226407431 ], [ 2846306.296550089027733, -571788.405422156210989 ], [ 2806661.970310553908348, -577894.302264575846493 ], [ 2802476.994930794462562, -423109.30141611630097 ], [ 2778965.214610452298075, -364734.474793008237612 ], [ 2837013.184275296051055, -374827.19944919802947 ], [ 2866947.435991308186203, -301708.935365997080225 ], [ 2917761.50304538058117, -310104.269707267580088 ] ] ] } },
{ "type": "Feature", "properties": { "pop_est": 8299706, "continent": "Asia", "name": "Israel", "iso_a3": "ISR", "gdp_md_est": 297000.0, "lon_c": 3089757.1314933989, "lat_c": 3933224.0699724429 }, "geometry": { "type": "Polygon", "coordinates": [ [ [ 3161555.474109634757042, 4085105.177468415815383 ], [ 3151033.258583154529333, 4048041.606683053076267 ], [ 3116839.997384480666369, 4064338.264662900473922 ], [ 3108383.482814210932702, 3985869.717261720448732 ], [ 3132405.782022424973547, 3972613.768346377182752 ], [ 3111747.484414477832615, 3956355.55287478864193 ], [ 3111811.306884184014052, 3925195.787248597014695 ], [ 3151667.462685544975102, 3941252.352696288842708 ], [ 3159554.501605985686183, 3895172.041851505637169 ], [ 3137925.393200699705631, 3704754.186567967291921 ], [ 3125378.031941695138812, 3735803.937415340449661 ], [ 3054769.828252775594592, 3909313.503990632481873 ], [ 3054769.398502388969064, 3909313.185161081608385 ], [ 3054769.225940085947514, 3909313.606711304280907 ], [ 3075895.205507713835686, 3948319.411569450516254 ], [ 3068987.518143765628338, 3955026.597792745102197 ], [ 3085564.566001246217638, 4010216.829108545556664 ], [ 3092071.412471188697964, 4098984.016428015660495 ], [ 3100792.475890465080738, 4128680.476208688225597 ], [ 3103068.736935749650002, 4129894.877196956891567 ], [ 3132661.920637130271643, 4129676.835817680694163 ], [ 3138022.726055673789233, 4150204.184112318791449 ], [ 3161493.892223420552909, 4151743.900540417525917 ], [ 3169356.552957684732974, 4103766.788511892780662 ], [ 3159756.12717869784683, 4085906.499354201368988 ], [ 3161555.474109634757042, 4085105.177468415815383 ] ] ] } },
{ "type": "Feature", "properties": { "pop_est": 6229794, "continent": "Asia", "name": "Lebanon", "iso_a3": "LBN", "gdp_md_est": 85160.0, "lon_c": 3149677.7109457385, "lat_c": 4220425.4461094625 }, "geometry": { "type": "Polygon", "coordinates": [ [ [ 3161493.892223420552909, 4151743.900540417525917 ], [ 3138022.726055673789233, 4150204.184112318791449 ], [ 3132661.920637130271643, 4129676.835817680694163 ], [ 3103068.736935749650002, 4129894.877196956891567 ], [ 3121544.153537729755044, 4225122.382255553267896 ], [ 3153667.696072938852012, 4307101.174163826741278 ], [ 3154734.823224183637649, 4311146.818164749071002 ], [ 3195013.59697457542643, 4305229.489340814761817 ], [ 3215964.525514642242342, 4259645.689778420142829 ], [ 3174262.512790304608643, 4215728.509963370859623 ], [ 3161493.892223420552909, 4151743.900540417525917 ] ] ] } },
{ "type": "Feature", "properties": { "pop_est": 25054161, "continent": "Africa", "name": "Madagascar", "iso_a3": "MDG", "gdp_md_est": 36860.0, "lon_c": 4359245.8915154655, "lat_c": -2374503.6306567485 }, "geometry": { "type": "Polygon", "coordinates": [ [ [ 4693141.162571309134364, -1595868.340721710119396 ], [ 4714589.187709632329643, -1649859.199791605118662 ], [ 4732003.636532990261912, -1733582.759136691689491 ], [ 4735457.721807218156755, -1885774.804310041246936 ], [ 4755027.895408196374774, -1944832.216364778811112 ], [ 4740529.932499390095472, -2005314.695210302248597 ], [ 4720674.791931767016649, -2042383.237108852248639 ], [ 4695035.564459602348506, -1968518.789028095081449 ], [ 4674191.124135186895728, -2005835.784888116875663 ], [ 4683984.972133657895029, -2099126.858612979296595 ], [ 4670820.046294399537146, -2152439.688875558320433 ], [ 4642260.038561777211726, -2181458.431542485486716 ], [ 4626288.310478014871478, -2287707.986014082096517 ], [ 4574918.13233201764524, -2433505.925550079904497 ], [ 4510774.867988443933427, -2605186.730033053085208 ], [ 4426781.135808479972184, -2839907.558964265976101 ], [ 4370602.014409714378417, -3011129.201152816414833 ], [ 4310951.619266509078443, -3153208.675098100677133 ], [ 4232772.429587801918387, -3182140.392706698272377 ], [ 4146307.686432790011168, -3233737.775087452027947 ], [ 4097682.015041808597744, -3202601.517429692205042 ], [ 4030515.874721381347626, -3158917.784118369221687 ], [ 4013026.677860544063151, -3094366.153828456997871 ], [ 4019642.736573846079409, -2985594.170755427796394 ], [ 3998166.154281637165695, -2887457.760495177935809 ], [ 3999245.818258807994425, -2798633.230077943298966 ], [ 4025081.513371134642512, -2709395.561333931982517 ], [ 4069952.919565928634256, -2687926.83161144843325 ], [ 4074393.678961617406458, -2646625.251962104812264 ], [ 4128162.294570286292583, -2552382.709259731695056 ], [ 4144195.389419379644096, -2473023.30499212583527 ], [ 4128078.50451941601932, -2413926.28891911637038 ], [ 4117491.27651921659708, -2335080.97239438071847 ], [ 4119944.750394370406866, -2219609.236380829941481 ], [ 4158511.375647802837193, -2149354.974001360591501 ], [ 4177487.226641385350376, -2069576.120651593199 ], [ 4224701.379402291029692, -2064937.674204339040443 ], [ 4279191.324065622873604, -2039122.206772102741525 ], [ 4315821.608348662965, -2016328.08243763120845 ], [ 4357281.965417589992285, -2014634.873899090336636 ], [ 4416589.93793841637671, -1942771.438352843746543 ], [ 4500132.672734891064465, -1864990.42921100417152 ], [ 4533201.701153604313731, -1801374.256311337696388 ], [ 4524247.015893778763711, -1747275.621192594990134 ], [ 4563298.696804258972406, -1762496.361219251994044 ], [ 4621657.904039219021797, -1674449.002908086404204 ], [ 4628574.040420786477625, -1598157.95406160899438 ], [ 4663656.266870588064194, -1541346.80332294316031 ], [ 4693141.162571309134364, -1595868.340721710119396 ] ] ] } },
{ "type": "Feature", "properties": { "pop_est": 4543126, "continent": "Asia", "name": "Palestine", "iso_a3": "PSE", "gdp_md_est": 21220.77, "lon_c": 3133397.5639650915, "lat_c": 4016955.6619723868 }, "geometry": { "type": "Polygon", "coordinates": [ [ [ 3151667.462685544975102, 3941252.352696288842708 ], [ 3111811.306884184014052, 3925195.787248597014695 ], [ 3111747.484414477832615, 3956355.55287478864193 ], [ 3132405.782022424973547, 3972613.768346377182752 ], [ 3108383.482814210932702, 3985869.717261720448732 ], [ 3116839.997384480666369, 4064338.264662900473922 ], [ 3151033.258583154529333, 4048041.606683053076267 ], [ 3160376.441167544573545, 3975940.772730414289981 ], [ 3151667.462685544975102, 3941252.352696288842708 ] ] ] } },
{ "type": "Feature", "properties": { "pop_est": 2051363, "continent": "Africa", "name": "Gambia", "iso_a3": "GMB", "gdp_md_est": 3387.0, "lon_c": -1516947.5129254521, "lat_c": 1714052.8391146818 }, "geometry": { "type": "Polygon", "coordinates": [ [ [ -1579880.445109850959852, 1738547.848045086953789 ], [ -1476845.48061862308532, 1742173.97372815059498 ], [ -1454811.239208958344534, 1772156.217660938156769 ], [ -1424812.738840163918212, 1774197.225041104247794 ], [ -1388207.636771496618167, 1743031.382531409850344 ], [ -1358889.300121006788686, 1742439.051822782261297 ], [ -1327278.009389514103532, 1763762.47574338875711 ], [ -1308939.778413414256647, 1727157.493781952187419 ], [ -1350442.401312328409404, 1698714.710883066756651 ], [ -1391491.331771874334663, 1700948.184447411447763 ], [ -1431473.406716397730634, 1727723.789842117577791 ], [ -1467175.262389496667311, 1698459.264397236751392 ], [ -1484147.194868833525106, 1697417.817627008538693 ], [ -1507280.976936771767214, 1679661.366746777668595 ], [ -1593334.642998710740358, 1682337.774118732195348 ], [ -1579880.445109850959852, 1738547.848045086953789 ] ] ] } },
{ "type": "Feature", "properties": { "pop_est": 11403800, "continent": "Africa", "name": "Tunisia", "iso_a3": "TUN", "gdp_md_est": 130800.0, "lon_c": 784063.36023463763, "lat_c": 4229323.5486187078 }, "geometry": { "type": "Polygon", "coordinates": [ [ [ 848919.549341687932611, 3800986.818625320680439 ], [ 803899.985041493084282, 4013726.533267170656472 ], [ 747691.800904527655803, 4061253.847111031413078 ], [ 746032.640085479593836, 4089703.223873821552843 ], [ 671648.568160001770593, 4159549.45474809082225 ], [ 661307.55585554393474, 4247489.170083613134921 ], [ 713399.62789650761988, 4312334.244829501025379 ], [ 730786.552728469134308, 4407780.679211844690144 ], [ 713193.736237437115051, 4517442.138415824621916 ], [ 728709.426418256829493, 4576179.978375767357647 ], [ 821049.82344654458575, 4622213.125237808562815 ], [ 882093.723836766323075, 4608540.2096380405128 ], [ 882095.598592197755352, 4550755.505356905981898 ], [ 953592.313813078100793, 4592812.165545637719333 ], [ 960795.974588989745826, 4570875.121924286708236 ], [ 920053.453521295567043, 4514784.64954935759306 ], [ 921836.175546533544548, 4461657.055800333619118 ], [ 953265.928015250014141, 4433049.270769962109625 ], [ 946202.473728288430721, 4333020.436154114082456 ], [ 890936.096628214698285, 4274651.833381591364741 ], [ 910192.210437401663512, 4211157.927153803408146 ], [ 955802.562626145081595, 4209173.773365815170109 ], [ 980333.576309305033647, 4153607.122798208612949 ], [ 1014694.946022618212737, 4135296.663406699430197 ], [ 1013565.175305257202126, 4045088.469032200518996 ], [ 971708.856613414245658, 4011264.929999528452754 ], [ 945837.184027926647104, 3973450.148940751329064 ], [ 886407.034099433803931, 3927875.802951192017645 ], [ 897630.149541697581299, 3878773.477616266347468 ], [ 891650.209330568090081, 3828573.802655228413641 ], [ 848919.549341687932611, 3800986.818625320680439 ] ] ] } },
{ "type": "Feature", "properties": { "pop_est": 40969443, "continent": "Africa", "name": "Algeria", "iso_a3": "DZA", "gdp_md_est": 609400.0, "lon_c": 47619.144110415189, "lat_c": 3514362.3724950626 }, "geometry": { "type": "Polygon", "coordinates": [ [ [ -787363.399355194647796, 3451540.484240409918129 ], [ -784990.493223361088894, 3474948.705358414445072 ], [ -784815.544940273975953, 3483032.570459401234984 ], [ -781658.565785375772975, 3625667.413986101280898 ], [ -634078.381994159775786, 3714070.684763224329799 ], [ -544011.864062785403803, 3732294.012385229580104 ], [ -469973.769572908349801, 3764378.279572784435004 ], [ -434689.824017089325935, 3824036.80769555317238 ], [ -329501.315073435427621, 3871072.504893756937236 ], [ -324530.001152264070697, 3958781.056194038130343 ], [ -272943.255949030164629, 3969087.772826858796179 ], [ -232295.297326856438303, 4012742.537479265127331 ], [ -116016.467269815591862, 4032605.008522066287696 ], [ -99562.040428736218018, 4078329.048359629232436 ], [ -122761.038163513789186, 4103284.622233863919973 ], [ -152489.280245345784351, 4226785.474642515182495 ], [ -157226.177131582138827, 4297563.723939947783947 ], [ -189630.789518126199255, 4371794.723792618140578 ], [ -105308.096618651703466, 4434877.392763269133866 ], [ -11094.775206500506101, 4454893.307975532487035 ], [ 43761.777993832409265, 4502312.062924622558057 ], [ 127185.067874020242016, 4537204.086386203765869 ], [ 273850.537388235272374, 4557603.750983309000731 ], [ 416925.115879409655463, 4566879.810844547115266 ], [ 460977.808459752122872, 4549895.203378600999713 ], [ 541360.217860746313818, 4594929.017090160399675 ], [ 633714.109296364360489, 4595810.463097950443625 ], [ 669760.357499219244346, 4569242.274353232234716 ], [ 728709.426418256829493, 4576179.978375767357647 ], [ 713193.736237437115051, 4517442.138415824621916 ], [ 730786.552728469134308, 4407780.679211844690144 ], [ 713399.62789650761988, 4312334.244829501025379 ], [ 661307.55585554393474, 4247489.170083613134921 ], [ 671648.568160001770593, 4159549.45474809082225 ], [ 746032.640085479593836, 4089703.223873821552843 ], [ 747691.800904527655803, 4061253.847111031413078 ], [ 803899.985041493084282, 4013726.533267170656472 ], [ 848919.549341687932611, 3800986.818625320680439 ], [ 881371.900944429100491, 3695579.205449755769223 ], [ 888065.704453664482571, 3639910.158107254654169 ], [ 875254.95353004639037, 3541849.274596506264061 ], [ 883465.849252957734279, 3486875.470393618568778 ], [ 873916.549258276703767, 3420722.29932518536225 ], [ 884056.032395686372183, 3344514.953696261160076 ], [ 849335.847226274665445, 3293744.032550032250583 ], [ 905747.635288966586813, 3204962.754378132522106 ], [ 910638.560492968070321, 3152637.146635920275003 ], [ 945115.227887154556811, 3084399.969696459826082 ], [ 987340.869071536581032, 3106837.528915008064359 ], [ 1061469.865792633034289, 3049905.412056150846183 ], [ 1104196.650499085197225, 2972999.938300841487944 ], [ 793897.695792580372654, 2737789.089281461667269 ], [ 528912.286240691202693, 2493691.751301132142544 ], [ 398050.180871036020108, 2438060.747327140066773 ], [ 294660.651248130889144, 2425837.258029008284211 ], [ 293059.392401027143933, 2505205.244849821552634 ], [ 249813.764785192848649, 2525470.359460895415395 ], [ 191695.253428084834013, 2561078.210128211881965 ], [ 169342.595683306630235, 2619344.075898989569396 ], [ -142968.150301852670964, 2889400.965113500598818 ], [ -450606.939050787419546, 3157234.92740665981546 ], [ -787363.399355194647796, 3451540.484240409918129 ] ] ] } },
{ "type": "Feature", "properties": { "pop_est": 10248069, "continent": "Asia", "name": "Jordan", "iso_a3": "JOR", "gdp_md_est": 86190.0, "lon_c": 3236087.940004291, "lat_c": 3918212.197273897 }, "geometry": { "type": "Polygon", "coordinates": [ [ [ 3151033.258583154529333, 4048041.606683053076267 ], [ 3161555.474109634757042, 4085105.177468415815383 ], [ 3266544.825603472534567, 4038499.348096249625087 ], [ 3421972.428766465745866, 4163594.614129524212331 ], [ 3478541.81127151241526, 4020600.970723655074835 ], [ 3464165.862400824204087, 4002820.681226081680506 ], [ 3294232.272574126254767, 3943539.018701964523643 ], [ 3398839.530840172432363, 3824906.779279331211001 ], [ 3371882.142990674357861, 3804691.712932741735131 ], [ 3362266.270506068132818, 3764775.920792592223734 ], [ 3295912.956033596768975, 3748247.801784812007099 ], [ 3279712.378657691180706, 3705223.965183601714671 ], [ 3245273.599295908585191, 3668382.060204327572137 ], [ 3142941.467812020797282, 3687430.547709121834487 ], [ 3137925.393200699705631, 3704754.186567967291921 ], [ 3159554.501605985686183, 3895172.041851505637169 ], [ 3151667.462685544975102, 3941252.352696288842708 ], [ 3160376.441167544573545, 3975940.772730414289981 ], [ 3151033.258583154529333, 4048041.606683053076267 ] ] ] } },
{ "type": "Feature", "properties": { "pop_est": 6072475, "continent": "Asia", "name": "United Arab Emirates", "iso_a3": "ARE", "gdp_md_est": 667200.0, "lon_c": 5045490.6788586974, "lat_c": 3072455.9634520933 }, "geometry": { "type": "Polygon", "coordinates": [ [ [ 4733389.388416247442365, 3068001.712874329648912 ], [ 4748886.627456137910485, 3073955.393613100517541 ], [ 4756947.438089858740568, 3040326.962446289137006 ], [ 4826113.595692756585777, 3059658.237215749453753 ], [ 4902477.0061507942155, 3056455.171899980865419 ], [ 4958448.046653293073177, 3052830.323280964046717 ], [ 5009032.437284671701491, 3135635.43373609893024 ], [ 5065215.016939351335168, 3213951.640883191954345 ], [ 5110853.852539417333901, 3289017.758986479602754 ], [ 5134933.721988677978516, 3247527.292292551137507 ], [ 5162657.739744508638978, 3151143.341848967131227 ], [ 5115989.136214573867619, 3150666.444988992996514 ], [ 5120631.634508822113276, 3070956.533291086088866 ], [ 5139446.242283803410828, 3053907.683938136789948 ], [ 5101474.04951823502779, 3029746.583789654076099 ], [ 5108552.16467728279531, 2979540.720201006624848 ], [ 5089010.344310861080885, 2928620.759224333334714 ], [ 5093544.292845668271184, 2879002.287244187202305 ], [ 5078534.525128055363894, 2852924.14611984603107 ], [ 4792864.342430623248219, 2915093.426177010405809 ], [ 4740815.105074371211231, 3039639.048582140821964 ], [ 4733389.388416247442365, 3068001.712874329648912 ] ] ] } },
{ "type": "Feature", "properties": { "pop_est": 2314307, "continent": "Asia", "name": "Qatar", "iso_a3": "QAT", "gdp_md_est": 334500.0, "lon_c": 4677595.7840132248, "lat_c": 3202956.2957045222 }, "geometry": { "type": "Polygon", "coordinates": [ [ [ 4654156.426223947666585, 3130357.887875835411251 ], [ 4635483.721633304841816, 3219229.539961920585483 ], [ 4650739.64613885153085, 3283121.336850181687623 ], [ 4673685.89609404001385, 3296207.402493660803884 ], [ 4706963.272117549553514, 3258063.092185835819691 ], [ 4719042.529640565626323, 3186683.05144712375477 ], [ 4709436.117953608743846, 3114775.663907682988793 ], [ 4685248.72190656978637, 3106078.391908872872591 ], [ 4654156.426223947666585, 3130357.887875835411251 ] ] ] } },
{ "type": "Feature", "properties": { "pop_est": 2875422, "continent": "Asia", "name": "Kuwait", "iso_a3": "KWT", "gdp_md_est": 301100.0, "lon_c": 4264025.692900151, "lat_c": 3668997.8400359601 }, "geometry": { "type": "Polygon", "coordinates": [ [ [ 4301548.236113894730806, 3761440.446576397400349 ], [ 4328801.402320271357894, 3708719.185224627144635 ], [ 4325145.031112886965275, 3681413.840598162263632 ], [ 4368399.562394767999649, 3590920.59627199312672 ], [ 4305065.475267801433802, 3587802.203640006948262 ], [ 4273798.326812298037112, 3645011.138850298244506 ], [ 4191788.500505323987454, 3656581.839473757892847 ], [ 4239708.485312956385314, 3771371.412667766679078 ], [ 4301548.236113894730806, 3761440.446576397400349 ] ] ] } },
{ "type": "Feature", "properties": { "pop_est": 39192111, "continent": "Asia", "name": "Iraq", "iso_a3": "IRQ", "gdp_md_est": 596700.0, "lon_c": 3744921.828459369, "lat_c": 4142429.9095685882 }, "geometry": { "type": "Polygon", "coordinates": [ [ [ 3478541.81127151241526, 4020600.970723655074835 ], [ 3421972.428766465745866, 4163594.614129524212331 ], [ 3597867.614656343590468, 4284952.297768676653504 ], [ 3607577.978398258797824, 4424903.678177418187261 ], [ 3584867.466718669515103, 4508914.119260839186609 ], [ 3627361.302031722851098, 4537227.75661466922611 ], [ 3658797.958087114151567, 4608525.482119096443057 ], [ 3692605.626217325218022, 4626229.688130657188594 ], [ 3795822.322377419564873, 4611529.608383493497968 ], [ 3831738.52246118336916, 4582471.471805757842958 ], [ 3869459.100085064768791, 4601748.47142566088587 ], [ 3951881.640124263241887, 4465119.624981360509992 ], [ 4015551.089618338737637, 4430559.847328181378543 ], [ 4034877.135137384291738, 4363102.635373204015195 ], [ 3998233.305679401848465, 4323122.381094043143094 ], [ 3994241.509556690696627, 4232391.27518576476723 ], [ 4074850.908759041223675, 4121265.205007652752101 ], [ 4194547.073574581183493, 4056886.214171810541302 ], [ 4255836.360201865434647, 3967277.220156629569829 ], [ 4255836.825663786381483, 3881505.409902383573353 ], [ 4284338.150728964246809, 3881539.135262807365507 ], [ 4295810.202996321022511, 3818238.156996515579522 ], [ 4355721.930625289678574, 3755588.28924679197371 ], [ 4301548.236113894730806, 3761440.446576397400349 ], [ 4239708.485312956385314, 3771371.412667766679078 ], [ 4191788.500505323987454, 3656581.839473757892847 ], [ 4023028.843124814797193, 3666153.141679350752383 ], [ 3735015.728266220074147, 3905834.99678726028651 ], [ 3590158.080790834035724, 3988633.335863864049315 ], [ 3478541.81127151241526, 4020600.970723655074835 ] ] ] } },
{ "type": "Feature", "properties": { "pop_est": 3424386, "continent": "Asia", "name": "Oman", "iso_a3": "OMN", "gdp_md_est": 173100.0, "lon_c": 5288839.6898544207, "lat_c": 2642541.0001195697 }, "geometry": { "type": "MultiPolygon", "coordinates": [ [ [ [ 5093544.292845668271184, 2879002.287244187202305 ], [ 5089010.344310861080885, 2928620.759224333334714 ], [ 5108552.16467728279531, 2979540.720201006624848 ], [ 5101474.04951823502779, 3029746.583789654076099 ], [ 5139446.242283803410828, 3053907.683938136789948 ], [ 5120631.634508822113276, 3070956.533291086088866 ], [ 5115989.136214573867619, 3150666.444988992996514 ], [ 5162657.739744508638978, 3151143.341848967131227 ], [ 5216680.78674968611449, 3067532.968601727858186 ], [ 5274743.699871245771646, 3022994.400896080769598 ], [ 5344607.192390309646726, 3006950.012799704447389 ], [ 5402503.806463254615664, 2984555.76683321595192 ], [ 5454780.131350001320243, 2914014.43024495895952 ], [ 5485774.318038105033338, 2873075.085838150698692 ], [ 5521139.944871473126113, 2857448.901530778035522 ], [ 5525044.181893019936979, 2829908.152619788888842 ], [ 5502063.56596053391695, 2756221.243345513008535 ], [ 5492174.957864817231894, 2721466.466518652625382 ], [ 5458617.741896066814661, 2681815.784121750388294 ], [ 5435386.320414076559246, 2596745.741184850689024 ], [ 5392375.008186088874936, 2603266.216117389500141 ], [ 5376891.865723306313157, 2573616.165413987357169 ], [ 5369951.407729248516262, 2510492.25922529771924 ], [ 5391656.731240140274167, 2427111.71924378303811 ], [ 5384702.262979591265321, 2411767.123526361770928 ], [ 5341709.216402019374073, 2412177.033521911595017 ], [ 5288849.405622566118836, 2365466.135736209340394 ], [ 5286657.761413191445172, 2304499.396591528318822 ], [ 5268193.367673190310597, 2278060.137381698004901 ], [ 5209860.849931337870657, 2279070.356161378324032 ], [ 5176599.941199017688632, 2247502.965000744443387 ], [ 5182401.143092839978635, 2196817.396417605224997 ], [ 5140598.322651846334338, 2161945.896920915693045 ], [ 5087639.780322030186653, 2173790.116580677684397 ], [ 5029095.148671090602875, 2131401.222911388613284 ], [ 4986417.594822468236089, 2124283.399498303886503 ], [ 4947172.817553958855569, 2212054.360595065634698 ], [ 4852490.399964796379209, 2418673.716644425410777 ], [ 5117762.411536084488034, 2543373.335950532462448 ], [ 5147853.381456759758294, 2791535.280165002215654 ], [ 5093544.292845668271184, 2879002.287244187202305 ] ] ], [ [ [ 5134933.721988677978516, 3247527.292292551137507 ], [ 5110853.852539417333901, 3289017.758986479602754 ], [ 5130565.243463346734643, 3330398.01974280225113 ], [ 5143575.848827609792352, 3319852.512101312167943 ], [ 5143248.52424977440387, 3269613.860606010537595 ], [ 5134933.721988677978516, 3247527.292292551137507 ] ] ] ] } },
{ "type": "Feature", "properties": { "pop_est": 282814, "continent": "Oceania", "name": "Vanuatu", "iso_a3": "VUT", "gdp_md_est": 723.0, "lon_c": 15724373.456092075, "lat_c": -1936848.0608776128 }, "geometry": { "type": "MultiPolygon", "coordinates": [ [ [ [ 15728507.198239862918854, -2028725.835951226530597 ], [ 15766170.019713902845979, -2101051.190295036882162 ], [ 15730202.716943265870214, -2117593.344944179523736 ], [ 15715183.564586617052555, -2062497.921842767158523 ], [ 15728507.198239862918854, -2028725.835951226530597 ] ] ], [ [ [ 15696719.736469903960824, -2000618.132246603956446 ], [ 15693048.468644639477134, -1965800.565833885688335 ], [ 15717425.762300305068493, -1869059.12187176453881 ], [ 15752133.723295757547021, -1907895.555921339895576 ], [ 15739028.767944477498531, -2009593.984928020276129 ], [ 15718243.59578375145793, -1993784.214246931718662 ], [ 15696719.736469903960824, -2000618.132246603956446 ] ] ] ] } },
{ "type": "Feature", "properties": { "pop_est": 16204486, "continent": "Asia", "name": "Cambodia", "iso_a3": "KHM", "gdp_md_est": 58940.0, "lon_c": 9938782.4426573999, "lat_c": 1646073.9685049669 }, "geometry": { "type": "Polygon", "coordinates": [ [ [ 9722560.243727326393127, 1559899.855802955105901 ], [ 9678360.189965521916747, 1713119.496581356972456 ], [ 9722649.243040349334478, 1818388.192178686382249 ], [ 9840793.338028581812978, 1842545.251725651789457 ], [ 9932227.648205844685435, 1824394.93663541902788 ], [ 10018168.175623767077923, 1774779.422314713243395 ], [ 10046549.738699331879616, 1861992.674519191496074 ], [ 10137983.303724102675915, 1815443.411790905985981 ], [ 10173556.381672756746411, 1731019.984514263691381 ], [ 10184841.942497167736292, 1579028.44042857689783 ], [ 10038978.105546982958913, 1481228.467719668056816 ], [ 10090629.398462550714612, 1404146.886858369223773 ], [ 9992081.139762671664357, 1394916.399856495438144 ], [ 9916054.609385615214705, 1343618.440523211145774 ], [ 9834301.292218746617436, 1362219.056293469388038 ], [ 9787605.621460257098079, 1428566.302516224095598 ], [ 9722560.243727326393127, 1559899.855802955105901 ] ] ] } },
{ "type": "Feature", "properties": { "pop_est": 68414135, "continent": "Asia", "name": "Thailand", "iso_a3": "THA", "gdp_md_est": 1161000.0, "lon_c": 9620039.6044127792, "lat_c": 1667828.6404744177 }, "geometry": { "type": "Polygon", "coordinates": [ [ [ 9932227.648205844685435, 1824394.93663541902788 ], [ 9840793.338028581812978, 1842545.251725651789457 ], [ 9722649.243040349334478, 1818388.192178686382249 ], [ 9678360.189965521916747, 1713119.496581356972456 ], [ 9722560.243727326393127, 1559899.855802955105901 ], [ 9629494.124595349654555, 1618196.895911069121212 ], [ 9548822.107904907315969, 1615829.289299863157794 ], [ 9548499.501817710697651, 1715460.481991338077933 ], [ 9465331.873766604810953, 1714717.269909304799512 ], [ 9477316.621283562853932, 1575192.66516405553557 ], [ 9449330.157206952571869, 1389448.627669588197023 ], [ 9431001.727932972833514, 1276895.528060244163498 ], [ 9447034.217832650989294, 1184551.22762834536843 ], [ 9509456.340305428951979, 1180543.789852527203038 ], [ 9559141.60906832292676, 1063958.861474154517055 ], [ 9585695.865718772634864, 953268.017024408909492 ], [ 9644647.030806174501777, 879969.364764521713369 ], [ 9703589.602450367063284, 865085.859908526064828 ], [ 9757803.443705216050148, 798616.354193381150253 ], [ 9730047.013101249933243, 745975.885087545611896 ], [ 9667926.088400797918439, 730670.060050569823943 ], [ 9656142.544819572940469, 796468.090300472686067 ], [ 9574301.498910129070282, 852563.008876238716766 ], [ 9559315.088921122252941, 829724.216797947650775 ], [ 9518067.696743927896023, 878861.186583755072206 ], [ 9496910.790182078257203, 942248.906124175526202 ], [ 9440322.46143988892436, 1014463.017813499085605 ], [ 9388870.619481338188052, 1075097.377414616523311 ], [ 9379676.272538809105754, 999950.6883023630362 ], [ 9355516.227835014462471, 1070969.700520080747083 ], [ 9358596.192372152581811, 1150675.364939839811996 ], [ 9374318.441828932613134, 1273057.129533679457381 ], [ 9405760.810017734766006, 1403985.708494554273784 ], [ 9443306.320751324295998, 1522565.512644425500184 ], [ 9390859.749658048152924, 1638373.739202118478715 ], [ 9384075.26341550797224, 1697283.541746717179194 ], [ 9362960.328565634787083, 1767995.480505286017433 ], [ 9284653.652455182746053, 1868494.303927729139104 ], [ 9252066.56903887540102, 1931856.522135196486488 ], [ 9280796.167187828570604, 1955177.346079245442525 ], [ 9296678.87668426707387, 2064742.57697444781661 ], [ 9243452.376795712858438, 2147763.909143021795899 ], [ 9167036.060625743120909, 2239430.964681544806808 ], [ 9100683.457608954980969, 2349351.847856033127755 ], [ 9135602.221450202167034, 2372070.356188219971955 ], [ 9150320.886521792039275, 2507027.768371838144958 ], [ 9214869.648257168009877, 2512607.50716100120917 ], [ 9257425.952308788895607, 2566598.638709001243114 ], [ 9304257.431477565318346, 2595361.197541957721114 ], [ 9353086.322492195293307, 2556971.929216271266341 ], [ 9374809.355397988110781, 2482113.648720514029264 ], [ 9439011.013497417792678, 2476407.101363826543093 ], [ 9443678.962249029427767, 2344784.03717803908512 ], [ 9468186.148638613522053, 2232475.749968618154526 ], [ 9552065.69572220556438, 2307253.09444073587656 ], [ 9584533.465291205793619, 2285166.787826453335583 ], [ 9638614.968864506110549, 2288789.275378957390785 ], [ 9648546.667905360460281, 2332358.25281124887988 ], [ 9721042.044969938695431, 2323761.861554693896323 ], [ 9812942.938859885558486, 2221982.54039940237999 ], [ 9842813.087736796587706, 2097972.951100364793092 ], [ 9939098.498272066935897, 1988200.515196302672848 ], [ 9953479.565448109060526, 1881371.190840194700286 ], [ 9932227.648205844685435, 1824394.93663541902788 ] ] ] } },
{ "type": "Feature", "properties": { "pop_est": 7126706, "continent": "Asia", "name": "Laos", "iso_a3": "LAO", "gdp_md_est": 40960.0, "lon_c": 9547386.4893665649, "lat_c": 2315507.4779977147 }, "geometry": { "type": "Polygon", "coordinates": [ [ [ 10137983.303724102675915, 1815443.411790905985981 ], [ 10046549.738699331879616, 1861992.674519191496074 ], [ 10018168.175623767077923, 1774779.422314713243395 ], [ 9932227.648205844685435, 1824394.93663541902788 ], [ 9953479.565448109060526, 1881371.190840194700286 ], [ 9939098.498272066935897, 1988200.515196302672848 ], [ 9842813.087736796587706, 2097972.951100364793092 ], [ 9812942.938859885558486, 2221982.54039940237999 ], [ 9721042.044969938695431, 2323761.861554693896323 ], [ 9648546.667905360460281, 2332358.25281124887988 ], [ 9638614.968864506110549, 2288789.275378957390785 ], [ 9584533.465291205793619, 2285166.787826453335583 ], [ 9552065.69572220556438, 2307253.09444073587656 ], [ 9468186.148638613522053, 2232475.749968618154526 ], [ 9443678.962249029427767, 2344784.03717803908512 ], [ 9439011.013497417792678, 2476407.101363826543093 ], [ 9374809.355397988110781, 2482113.648720514029264 ], [ 9353086.322492195293307, 2556971.929216271266341 ], [ 9304257.431477565318346, 2595361.197541957721114 ], [ 9313658.105769226327538, 2641120.015458924230188 ], [ 9373667.417805744335055, 2721799.396097656339407 ], [ 9388934.563613995909691, 2692681.773321578744799 ], [ 9439162.681687703356147, 2689298.323142556473613 ], [ 9390634.629411950707436, 2830855.903174609877169 ], [ 9433952.508776448667049, 2848950.523019623011351 ], [ 9512355.524253539741039, 2751343.851031962316483 ], [ 9581098.31806899420917, 2638691.124516642652452 ], [ 9695625.143843855708838, 2637718.881066982634366 ], [ 9757008.701598970219493, 2529258.224399934988469 ], [ 9704889.399074081331491, 2496616.339608422946185 ], [ 9688107.424208244308829, 2451779.91815831605345 ], [ 9816150.205034481361508, 2377058.366977018304169 ], [ 9924788.616029186174273, 2229065.80778149748221 ], [ 10005788.321555078029633, 2118402.509002262726426 ], [ 10093502.951979290693998, 2030828.799678353592753 ], [ 10133419.770540373399854, 1941760.662725308444351 ], [ 10137983.303724102675915, 1815443.411790905985981 ] ] ] } },
{ "type": "Feature", "properties": { "pop_est": 55123814, "continent": "Asia", "name": "Myanmar", "iso_a3": "MMR", "gdp_md_est": 311100.0, "lon_c": 8946496.3913735952, "lat_c": 2418245.6722221388 }, "geometry": { "type": "Polygon", "coordinates": [ [ [ 9304257.431477565318346, 2595361.197541957721114 ], [ 9257425.952308788895607, 2566598.638709001243114 ], [ 9214869.648257168009877, 2512607.50716100120917 ], [ 9150320.886521792039275, 2507027.768371838144958 ], [ 9135602.221450202167034, 2372070.356188219971955 ], [ 9100683.457608954980969, 2349351.847856033127755 ], [ 9167036.060625743120909, 2239430.964681544806808 ], [ 9243452.376795712858438, 2147763.909143021795899 ], [ 9296678.87668426707387, 2064742.57697444781661 ], [ 9280796.167187828570604, 1955177.346079245442525 ], [ 9252066.56903887540102, 1931856.522135196486488 ], [ 9284653.652455182746053, 1868494.303927729139104 ], [ 9362960.328565634787083, 1767995.480505286017433 ], [ 9384075.26341550797224, 1697283.541746717179194 ], [ 9390859.749658048152924, 1638373.739202118478715 ], [ 9443306.320751324295998, 1522565.512644425500184 ], [ 9405760.810017734766006, 1403985.708494554273784 ], [ 9374318.441828932613134, 1273057.129533679457381 ], [ 9354773.679300777614117, 1367659.163688878994435 ], [ 9372453.917359733954072, 1465162.073232958558947 ], [ 9331136.62146919965744, 1540384.955990765010938 ], [ 9320261.718745721504092, 1678658.91249479772523 ], [ 9272496.547442525625229, 1744310.927508749999106 ], [ 9218789.762287441641092, 1895690.855650724144652 ], [ 9175562.401254558935761, 2055015.335290536051616 ], [ 9116661.860741831362247, 2159186.462676118128002 ], [ 9065926.285633265972137, 2096133.017544253263623 ], [ 8974167.675076810643077, 2006363.461282823933288 ], [ 8919555.81098966114223, 2017588.26183808571659 ], [ 8856436.40116374194622, 2047128.02379090548493 ], [ 8862069.458649195730686, 2202954.312315365299582 ], [ 8821025.256553523242474, 2320326.700239775702357 ], [ 8719971.82653284445405, 2464420.988256057724357 ], [ 8722338.772787811234593, 2509365.367701177019626 ], [ 8664632.684167729690671, 2525335.186615876387805 ], [ 8577687.478598725050688, 2626807.444133182521909 ], [ 8550240.106996251270175, 2726620.117940427735448 ], [ 8586671.469369940459728, 2707855.2697110529989 ], [ 8568892.999503767117858, 2796633.743410110939294 ], [ 8607832.617445554584265, 2825947.731947847642004 ], [ 8585931.46824406273663, 2878358.632507116999477 ], [ 8596878.871978387236595, 2920328.746442638803273 ], [ 8569462.353918174281716, 3047531.684399897232652 ], [ 8648222.670637084171176, 3019574.924820785410702 ], [ 8663458.462109390646219, 3120631.430598057340831 ], [ 8652474.244229681789875, 3180190.721720656845719 ], [ 8675210.956067882478237, 3282429.775252722203732 ], [ 8653018.283112689852715, 3351962.539328756276518 ], [ 8746460.074211325496435, 3435681.306054697837681 ], [ 8817755.976308077573776, 3413801.008795252069831 ], [ 8788146.098930755630136, 3488179.177403678651899 ], [ 8813164.606871053576469, 3510316.193044726271182 ], [ 8792318.485930494964123, 3555986.433957583270967 ], [ 8842366.417498845607042, 3564936.133910303935409 ], [ 8894509.082454897463322, 3493992.009663487784564 ], [ 8942828.076898518949747, 3465204.679028916172683 ], [ 8973271.821404054760933, 3372579.058708250056952 ], [ 8998697.184028800576925, 3272378.153103239834309 ], [ 8940587.829382432624698, 3170559.921847196761519 ], [ 8968199.239999022334814, 3025303.441193702165037 ], [ 9059842.252969877794385, 3045658.558172179851681 ], [ 9111012.534691182896495, 2932527.376977977808565 ], [ 9175405.543358890339732, 2908673.025794022250921 ], [ 9173908.45457985252142, 2806160.955157562624663 ], [ 9253788.255559705197811, 2759735.736787752248347 ], [ 9299332.894115751609206, 2736944.340879493393004 ], [ 9358533.839718528091908, 2772981.414047441910952 ], [ 9373667.417805744335055, 2721799.396097656339407 ], [ 9313658.105769226327538, 2641120.015458924230188 ], [ 9304257.431477565318346, 2595361.197541957721114 ] ] ] } },
{ "type": "Feature", "properties": { "pop_est": 96160163, "continent": "Asia", "name": "Vietnam", "iso_a3": "VNM", "gdp_md_est": 594900.0, "lon_c": 10168422.519317606, "lat_c": 1990996.4569188897 }, "geometry": { "type": "Polygon", "coordinates": [ [ [ 9916054.609385615214705, 1343618.440523211145774 ], [ 9992081.139762671664357, 1394916.399856495438144 ], [ 10090629.398462550714612, 1404146.886858369223773 ], [ 10038978.105546982958913, 1481228.467719668056816 ], [ 10184841.942497167736292, 1579028.44042857689783 ], [ 10173556.381672756746411, 1731019.984514263691381 ], [ 10137983.303724102675915, 1815443.411790905985981 ], [ 10133419.770540373399854, 1941760.662725308444351 ], [ 10093502.951979290693998, 2030828.799678353592753 ], [ 10005788.321555078029633, 2118402.509002262726426 ], [ 9924788.616029186174273, 2229065.80778149748221 ], [ 9816150.205034481361508, 2377058.366977018304169 ], [ 9688107.424208244308829, 2451779.91815831605345 ], [ 9704889.399074081331491, 2496616.339608422946185 ], [ 9757008.701598970219493, 2529258.224399934988469 ], [ 9695625.143843855708838, 2637718.881066982634366 ], [ 9581098.31806899420917, 2638691.124516642652452 ], [ 9512355.524253539741039, 2751343.851031962316483 ], [ 9433952.508776448667049, 2848950.523019623011351 ], [ 9475774.620776442810893, 2879059.64200050290674 ], [ 9549515.72172630019486, 2878438.293435458559543 ], [ 9635484.234931860119104, 2892665.794902700930834 ], [ 9696431.072950698435307, 2958290.099519551265985 ], [ 9753339.166262060403824, 2912104.614045313093811 ], [ 9843684.348618257790804, 2889598.456835660617799 ], [ 9847944.424319688230753, 2818504.318336463533342 ], [ 9905012.631540637463331, 2768269.44153630360961 ], [ 10006471.517923854291439, 2736144.370845387689769 ], [ 9909174.778555247932673, 2630033.07534869806841 ], [ 9859455.640813214704394, 2512491.6061543347314 ], [ 9858471.432375488802791, 2425937.280488728079945 ], [ 9958304.664931325241923, 2294104.298795785754919 ], [ 10079182.549355711787939, 2130118.07985019730404 ], [ 10179425.455975959077477, 2052392.879341980209574 ], [ 10255376.760888630524278, 1951164.114159425953403 ], [ 10338448.189724387601018, 1717146.589901322498918 ], [ 10358840.40242176502943, 1493848.32735622767359 ], [ 10290868.898701801896095, 1410067.483478976180777 ], [ 10192279.872562369331717, 1328065.709481835598126 ], [ 10126891.167123721912503, 1221763.913833064492792 ], [ 10020463.088257115334272, 1102883.685300246579573 ], [ 9977599.325977861881256, 1184778.805132779292762 ], [ 9994954.688994716852903, 1271211.999166884459555 ], [ 9916054.609385615214705, 1343618.440523211145774 ] ] ] } },
{ "type": "Feature", "properties": { "pop_est": 25248140, "continent": "Asia", "name": "North Korea", "iso_a3": "PRK", "gdp_md_est": 40000.0, "lon_c": 10752295.626088656, "lat_c": 4958632.4323911676 }, "geometry": { "type": "MultiPolygon", "coordinates": [ [ [ [ 10931022.207083407789469, 5185572.416809582151473 ], [ 10931024.000648748129606, 5185569.763365163467824 ], [ 10955480.069791810587049, 5166427.047547549940646 ], [ 10919299.8622738532722, 5172993.359950236044824 ], [ 10907354.868284868076444, 5135883.621367556042969 ], [ 10906584.465397473424673, 5098483.103843243792653 ], [ 10960469.173549411818385, 5019168.386892423965037 ], [ 10932155.101672204211354, 4994664.424698553048074 ], [ 10929318.943290280178189, 4975077.802819618023932 ], [ 10917661.79189944639802, 4942187.061962717212737 ], [ 10872306.708801589906216, 4923855.34379006922245 ], [ 10853523.325483962893486, 4893861.994051286019385 ], [ 10879775.908264644443989, 4845375.783376744948328 ], [ 10877144.539087399840355, 4832977.744284886866808 ], [ 10921902.05511193163693, 4814710.417604981921613 ], [ 10999324.383952731266618, 4765305.41267419885844 ], [ 11002836.352224249392748, 4737994.839737612754107 ], [ 10970587.4774852655828, 4730548.59634526912123 ], [ 10913040.814429691061378, 4725071.802656063809991 ], [ 10908490.650129299610853, 4673924.583096218295395 ], [ 10867792.641839545220137, 4677965.753405526280403 ], [ 10868157.548608647659421, 4667670.087497394531965 ], [ 10814285.248731860890985, 4689268.265021959319711 ], [ 10815780.236607251688838, 4667942.968571046367288 ], [ 10795750.870963826775551, 4658512.536360873840749 ], [ 10780877.060104668140411, 4679877.455863291397691 ], [ 10752807.316354298964143, 4690267.380152862519026 ], [ 10719616.876849247142673, 4708345.463791275396943 ], [ 10715142.748252278193831, 4758109.225139250047505 ], [ 10727836.667504908517003, 4771352.948592850007117 ], [ 10708443.590640719980001, 4791942.318665607832372 ], [ 10695069.420415276661515, 4852557.310653093270957 ], [ 10678772.474536756053567, 4870871.234017468057573 ], [ 10621909.213887929916382, 4883068.138168507255614 ], [ 10564169.837515104562044, 4913038.876917885616422 ], [ 10590689.255426174029708, 4984452.921592046506703 ], [ 10647418.61575217358768, 5044012.053845982067287 ], [ 10656187.471637897193432, 5122179.234446010552347 ], [ 10717977.933782426640391, 5087695.79358809441328 ], [ 10793303.679434612393379, 5083686.976498651318252 ], [ 10742999.452634463086724, 5141689.936402881518006 ], [ 10841557.340259904041886, 5188846.531179294921458 ], [ 10833917.539649654179811, 5249929.816687091253698 ], [ 10931022.207083407789469, 5185572.416809582151473 ] ] ], [ [ [ 10955481.150220323354006, 5166426.851462511345744 ], [ 10955481.065012961626053, 5166427.130401864647865 ], [ 10955481.502527046948671, 5166426.787522994913161 ], [ 10955481.150220323354006, 5166426.851462511345744 ] ] ] ] } },
{ "type": "Feature", "properties": { "pop_est": 51181299, "continent": "Asia", "name": "South Korea", "iso_a3": "KOR", "gdp_md_est": 1929000.0, "lon_c": 11113996.159328427, "lat_c": 4491152.8946940117 }, "geometry": { "type": "Polygon", "coordinates": [ [ [ 10868157.548608647659421, 4667670.087497394531965 ], [ 10867792.641839545220137, 4677965.753405526280403 ], [ 10908490.650129299610853, 4673924.583096218295395 ], [ 10913040.814429691061378, 4725071.802656063809991 ], [ 10970587.4774852655828, 4730548.59634526912123 ], [ 11002836.352224249392748, 4737994.839737612754107 ], [ 10999324.383952731266618, 4765305.41267419885844 ], [ 11150359.427100330591202, 4631595.251267846673727 ], [ 11213198.47255333699286, 4557636.256156374700367 ], [ 11285947.290522458031774, 4425344.564117955975235 ], [ 11286625.955852143466473, 4361855.853691003285348 ], [ 11218979.670442575588822, 4339611.052574964240193 ], [ 11173545.217006808146834, 4291494.779428941197693 ], [ 11099529.185954015702009, 4281543.495458447374403 ], [ 11057789.252115348353982, 4344729.720000797882676 ], [ 11029199.838419208303094, 4431384.732939733192325 ], [ 10927267.828085891902447, 4550921.056448291055858 ], [ 10981138.481870230287313, 4570181.256039074622095 ], [ 10868157.548608647659421, 4667670.087497394531965 ] ] ] } },
{ "type": "Feature", "properties": { "pop_est": 3068243, "continent": "Asia", "name": "Mongolia", "iso_a3": "MNG", "gdp_md_est": 37000.0, "lon_c": 8459768.0332499146, "lat_c": 5644737.503908704 }, "geometry": { "type": "Polygon", "coordinates": [ [ [ 6980828.78356830123812, 5914678.939575541764498 ], [ 7054919.960687194950879, 5932284.8153479648754 ], [ 7156440.293760665692389, 6019219.254884774796665 ], [ 7248346.338031531311572, 6066299.183527373708785 ], [ 7335199.57793737296015, 6035614.415829447098076 ], [ 7418298.485884471796453, 6034136.20042082387954 ], [ 7499497.393833049573004, 5987192.031581372953951 ], [ 7580652.001978837884963, 5983565.270474900491536 ], [ 7710692.603632297366858, 5958173.378385617397726 ], [ 7743801.129301348701119, 6028308.568674240261316 ], [ 7674426.539734460413456, 6087110.119407187215984 ], [ 7688378.211527005769312, 6189548.760386792011559 ], [ 7802770.361854487098753, 6148860.588144039735198 ], [ 7881382.193019883707166, 6137287.94080013781786 ], [ 7990420.816189592704177, 6111842.496228210628033 ], [ 8055203.143620733171701, 6037144.100358040072024 ], [ 8195232.57793316245079, 5994902.507213642820716 ], [ 8257452.708979279734194, 6013545.818715384230018 ], [ 8348366.739965104497969, 6026665.694602251052856 ], [ 8436468.141930807381868, 6013442.938382462598383 ], [ 8547055.384350521489978, 5965014.173405393958092 ], [ 8630474.550272388383746, 5913189.092152329161763 ], [ 8703527.93706358410418, 5914248.040785353630781 ], [ 8815151.159235574305058, 5897673.287203506566584 ], [ 8870838.36974641494453, 5922888.070334305986762 ], [ 8963607.049324441701174, 5939693.482773934490979 ], [ 9028260.615812737494707, 6010831.062699657864869 ], [ 9083596.581646354869008, 5999964.187606784515083 ], [ 9149790.480229329317808, 5966173.589432098902762 ], [ 9238092.188169496133924, 5974592.698500524275005 ], [ 9255316.442669523879886, 5898128.724028866738081 ], [ 9271465.267748899757862, 5795720.384789540432394 ], [ 9321489.196210455149412, 5753476.005429740995169 ], [ 9357953.227316694334149, 5766605.800250246189535 ], [ 9448625.009179903194308, 5750489.090032549574971 ], [ 9483544.544385693967342, 5788640.46739055775106 ], [ 9571555.841499591246247, 5755600.512756290845573 ], [ 9695970.564602794125676, 5682939.323996495455503 ], [ 9712986.478560831397772, 5645782.42257185280323 ], [ 9640809.332759868353605, 5657584.776828890666366 ], [ 9532460.719892868772149, 5643692.585245555266738 ], [ 9495412.665368115529418, 5613833.751759874634445 ], [ 9481774.051572369411588, 5544122.331522540189326 ], [ 9383458.480335427448153, 5503038.131909843534231 ], [ 9337234.121481915935874, 5446471.659191866405308 ], [ 9239272.50418253056705, 5468109.387391190975904 ], [ 9187075.02480467967689, 5477746.254017738625407 ], [ 9185983.215607400983572, 5408861.065782787278295 ], [ 9237195.350976480171084, 5367589.754395784810185 ], [ 9271821.327557548880577, 5332017.688160359859467 ], [ 9235151.415513398125768, 5295658.977005623281002 ], [ 9209019.841964988037944, 5237512.740390179678798 ], [ 9133131.888377949595451, 5199164.924386387690902 ], [ 9010110.001852259039879, 5195022.823638058267534 ], [ 8895534.604649728164077, 5157043.075568916276097 ], [ 8829030.956541763618588, 5098076.364002077840269 ], [ 8773908.719451058655977, 5132258.963684757240117 ], [ 8672387.551093811169267, 5132162.518562782555819 ], [ 8513844.997174896299839, 5198665.577748410403728 ], [ 8422899.132889961823821, 5214916.112944915890694 ], [ 8319564.967890258878469, 5199737.595847842283547 ], [ 8134759.22064156178385, 5224190.209344338625669 ], [ 8043998.677027360536158, 5221656.250976898707449 ], [ 7962859.156250322237611, 5286192.085636681877077 ], [ 7874551.814965629018843, 5385669.162182028405368 ], [ 7817400.63822930585593, 5397587.349097358062863 ], [ 7683633.050545266829431, 5464252.180774435400963 ], [ 7565361.967972410842776, 5479130.486320614814758 ], [ 7458606.207945044152439, 5497325.937030180357397 ], [ 7405786.559824824333191, 5543326.541108544915915 ], [ 7373231.097168719395995, 5666237.325253768824041 ], [ 7272715.675035527907312, 5750058.101777247153223 ], [ 7137123.412208590656519, 5788883.040767847560346 ], [ 7040462.954018847085536, 5843432.737180987372994 ], [ 6980828.78356830123812, 5914678.939575541764498 ] ] ] } },
{ "type": "Feature", "properties": { "pop_est": 1281935911, "continent": "Asia", "name": "India", "iso_a3": "IND", "gdp_md_est": 8721000.0, "lon_c": 7266211.1705450565, "lat_c": 2720461.7916050456 }, "geometry": { "type": "Polygon", "coordinates": [ [ [ 8792318.485930494964123, 3555986.433957583270967 ], [ 8813164.606871053576469, 3510316.193044726271182 ], [ 8788146.098930755630136, 3488179.177403678651899 ], [ 8817755.976308077573776, 3413801.008795252069831 ], [ 8746460.074211325496435, 3435681.306054697837681 ], [ 8653018.283112689852715, 3351962.539328756276518 ], [ 8675210.956067882478237, 3282429.775252722203732 ], [ 8652474.244229681789875, 3180190.721720656845719 ], [ 8663458.462109390646219, 3120631.430598057340831 ], [ 8648222.670637084171176, 3019574.924820785410702 ], [ 8569462.353918174281716, 3047531.684399897232652 ], [ 8596878.871978387236595, 2920328.746442638803273 ], [ 8585931.46824406273663, 2878358.632507116999477 ], [ 8607832.617445554584265, 2825947.731947847642004 ], [ 8568892.999503767117858, 2796633.743410110939294 ], [ 8474688.185078702867031, 2992154.609426928218454 ], [ 8449387.750457273796201, 2991767.250004067551345 ], [ 8452966.298179272562265, 2913135.928897757083178 ], [ 8387534.784526791423559, 2976916.948027156759053 ], [ 8399081.128978377208114, 3046805.901364944409579 ], [ 8438418.255977964028716, 3053891.84067782247439 ], [ 8454636.98750488832593, 3157493.84655599668622 ], [ 8396523.182976234704256, 3178351.275070218369365 ], [ 8312159.750805803574622, 3176540.108926979824901 ], [ 8220898.92010213714093, 3193284.276026116684079 ], [ 8191095.742108975537121, 3278022.230445499066263 ], [ 8146011.321549108251929, 3284023.484048584476113 ], [ 8060179.199885179288685, 3336541.372977868653834 ], [ 8049240.553096575662494, 3254038.689133238513023 ], [ 8131416.102150762453675, 3189493.411424438934773 ], [ 8085460.231966025196016, 3143973.268367818091065 ], [ 8075915.990032395347953, 3099384.488487951923162 ], [ 8140229.886640313081443, 3066557.450268819928169 ], [ 8141995.799476726911962, 2992602.289287454914302 ], [ 8195046.88784899841994, 2900060.612072164658457 ], [ 8231866.0744234835729, 2798422.496085152961314 ], [ 8228316.081876791082323, 2753256.510547096375376 ], [ 8165015.734349559992552, 2754814.06642052019015 ], [ 8056227.620072954334319, 2729107.043445717077702 ], [ 8080439.858002531342208, 2635803.196863539516926 ], [ 8045185.230065187439322, 2562248.595474020577967 ], [ 7926857.235537174157798, 2478401.748053029179573 ], [ 7848098.504742893390357, 2331404.262146041262895 ], [ 7790744.950934495776892, 2252382.393406761344522 ], [ 7710224.888437549583614, 2170229.704494601115584 ], [ 7718786.307466907426715, 2112413.648910291027278 ], [ 7676509.286924666725099, 2081407.765633767470717 ], [ 7598279.378342695534229, 2036300.44223077245988 ], [ 7555276.62381305359304, 2029650.413642062805593 ], [ 7540084.184165733866394, 1933461.139057064196095 ], [ 7580479.016187977045774, 1769042.234861713135615 ], [ 7597782.692327850498259, 1663934.721345318015665 ], [ 7570767.40699094440788, 1543336.352692869724706 ], [ 7591278.142088974826038, 1327147.0675711161457 ], [ 7542632.924148066900671, 1320976.416215346427634 ], [ 7507594.375128540210426, 1223715.617805039742962 ], [ 7539937.610881780274212, 1181652.037482442799956 ], [ 7455900.576090677641332, 1145455.472347572445869 ], [ 7430104.676567583344877, 1058565.827864275546744 ], [ 7394344.920152524486184, 1021820.851009953534231 ], [ 7295727.557668559253216, 1141142.7348400617484 ], [ 7237526.059043737128377, 1319800.843039406230673 ], [ 7189687.239931595511734, 1448237.35032749758102 ], [ 7150761.650086777284741, 1508390.703638483537361 ], [ 7088234.081509095616639, 1630404.092507940484211 ], [ 7047585.373609024100006, 1788891.006260294700041 ], [ 7022114.96006946824491, 1867886.951816504821181 ], [ 6915078.332927271723747, 2041172.658761291531846 ], [ 6843154.033352759666741, 2284639.090149430558085 ], [ 6791470.634963868185878, 2444672.594002496451139 ], [ 6767893.06693921238184, 2595566.794286495540291 ], [ 6730454.93583057820797, 2711816.539764374028891 ], [ 6607856.489713747054338, 2637558.442362831439823 ], [ 6540018.500851193442941, 2652444.142119651194662 ], [ 6394193.108862102031708, 2802574.593027012888342 ], [ 6430993.503757720813155, 2847225.06922202790156 ], [ 6395318.168979212641716, 2895627.746223826892674 ], [ 6268802.566473764367402, 3000075.364417165052146 ], [ 6315013.856091453693807, 3081927.667959550861269 ], [ 6516942.724666330963373, 3081607.931492386385798 ], [ 6478225.858365276828408, 3186613.656330012250692 ], [ 6414516.250499515794218, 3248455.787098894827068 ], [ 6384975.620379019528627, 3342046.598354166839272 ], [ 6314103.433335539884865, 3396506.885025299154222 ], [ 6386662.694507968612015, 3523175.954291436355561 ], [ 6493745.546123111620545, 3514011.567268452141434 ], [ 6559010.049652433954179, 3640102.317234479822218 ], [ 6585800.61165171302855, 3761511.353717658668756 ], [ 6642147.739037794061005, 3880907.542336808051914 ], [ 6618387.569693685509264, 3965322.986889981199056 ], [ 6675507.814752640202641, 4033572.810348851140589 ], [ 6587853.390339285135269, 4091648.340689368080348 ], [ 6534845.261794694699347, 4170938.983806961681694 ], [ 6474248.975262922234833, 4273131.346501918509603 ], [ 6502486.025283955968916, 4323209.282907459884882 ], [ 6643910.17232002876699, 4294892.682222344912589 ], [ 6736377.276942522265017, 4312148.339849509298801 ], [ 6790317.081122621893883, 4409411.759736216627061 ], [ 6927277.255502484738827, 4273624.166594620794058 ], [ 6947620.454376858659089, 4178507.028034065384418 ], [ 7000779.572800692170858, 4118580.702990788966417 ], [ 7015663.921489461325109, 4058606.636173764243722 ], [ 6947459.410268393345177, 4074408.627547312062234 ], [ 7009723.406823325902224, 3944425.492277772165835 ], [ 7118400.895362426526845, 3869382.272927095647901 ], [ 7265856.606189047917724, 3786204.101136594545096 ], [ 7223776.038396402262151, 3732074.839092402718961 ], [ 7218542.580937788821757, 3620047.316193890757859 ], [ 7317727.52566918823868, 3574578.701649499125779 ], [ 7418180.605904360301793, 3515494.547095793299377 ], [ 7553671.339079211466014, 3447764.046262982301414 ], [ 7682027.155973451212049, 3432090.064931693952531 ], [ 7750218.444192742928863, 3370476.774418682791293 ], [ 7823420.832851455546916, 3358928.449066730216146 ], [ 7940148.309359353035688, 3330636.501069897785783 ], [ 8015425.834500432945788, 3332666.64412625040859 ], [ 8013254.246576085686684, 3380685.84499425208196 ], [ 7980714.371821855194867, 3457592.858394210692495 ], [ 7973500.506811454892159, 3509593.25602450594306 ], [ 8021615.361696908250451, 3534945.724750823806971 ], [ 8055439.015951273031533, 3439881.386744757182896 ], [ 8063941.314764280803502, 3415640.195441227871925 ], [ 8158874.221711788326502, 3369652.733366529922932 ], [ 8210900.464421348646283, 3388602.260883742943406 ], [ 8289831.371249195188284, 3380472.870321590919048 ], [ 8362993.545191591605544, 3384068.151516806799918 ], [ 8348554.825419953092933, 3458414.096079920884222 ], [ 8300712.257593114860356, 3496950.919762776698917 ], [ 8369352.984046515077353, 3512045.547293209470809 ], [ 8425127.882304336875677, 3601571.003384661395103 ], [ 8505511.233571197837591, 3677957.777209728956223 ], [ 8590193.007290672510862, 3648512.383953620679677 ], [ 8638387.060484949499369, 3698949.151010728441179 ], [ 8704184.042628541588783, 3624429.990693649277091 ], [ 8689393.472844753414392, 3573969.549556341022253 ], [ 8792318.485930494964123, 3555986.433957583270967 ] ] ] } },
{ "type": "Feature", "properties": { "pop_est": 157826578, "continent": "Asia", "name": "Bangladesh", "iso_a3": "BGD", "gdp_md_est": 628400.0, "lon_c": 8267746.2932832222, "lat_c": 2984342.0990156122 }, "geometry": { "type": "Polygon", "coordinates": [ [ [ 8568892.999503767117858, 2796633.743410110939294 ], [ 8586671.469369940459728, 2707855.2697110529989 ], [ 8550240.106996251270175, 2726620.117940427735448 ], [ 8577687.478598725050688, 2626807.444133182521909 ], [ 8537429.726003577932715, 2691509.136692684143782 ], [ 8518353.743960909545422, 2754615.777788396459073 ], [ 8487497.42331575602293, 2814146.664540800265968 ], [ 8432571.4118976239115, 2885992.451020698528737 ], [ 8346483.792138416320086, 2890923.531501948367804 ], [ 8366381.175986071117222, 2840067.143841618206352 ], [ 8352540.276288202032447, 2771296.814426116645336 ], [ 8307715.204942989163101, 2796375.005289457272738 ], [ 8299160.56540728546679, 2773863.638088194653392 ], [ 8270043.696569368243217, 2787353.074104783125222 ], [ 8231866.0744234835729, 2798422.496085152961314 ], [ 8195046.88784899841994, 2900060.612072164658457 ], [ 8141995.799476726911962, 2992602.289287454914302 ], [ 8140229.886640313081443, 3066557.450268819928169 ], [ 8075915.990032395347953, 3099384.488487951923162 ], [ 8085460.231966025196016, 3143973.268367818091065 ], [ 8131416.102150762453675, 3189493.411424438934773 ], [ 8049240.553096575662494, 3254038.689133238513023 ], [ 8060179.199885179288685, 3336541.372977868653834 ], [ 8146011.321549108251929, 3284023.484048584476113 ], [ 8191095.742108975537121, 3278022.230445499066263 ], [ 8220898.92010213714093, 3193284.276026116684079 ], [ 8312159.750805803574622, 3176540.108926979824901 ], [ 8396523.182976234704256, 3178351.275070218369365 ], [ 8454636.98750488832593, 3157493.84655599668622 ], [ 8438418.255977964028716, 3053891.84067782247439 ], [ 8399081.128978377208114, 3046805.901364944409579 ], [ 8387534.784526791423559, 2976916.948027156759053 ], [ 8452966.298179272562265, 2913135.928897757083178 ], [ 8449387.750457273796201, 2991767.250004067551345 ], [ 8474688.185078702867031, 2992154.609426928218454 ], [ 8568892.999503767117858, 2796633.743410110939294 ] ] ] } },
{ "type": "Feature", "properties": { "pop_est": 758288, "continent": "Asia", "name": "Bhutan", "iso_a3": "BTN", "gdp_md_est": 6432.0, "lon_c": 8197421.8775977027, "lat_c": 3477682.5079213488 }, "geometry": { "type": "Polygon", "coordinates": [ [ [ 8300712.257593114860356, 3496950.919762776698917 ], [ 8348554.825419953092933, 3458414.096079920884222 ], [ 8362993.545191591605544, 3384068.151516806799918 ], [ 8289831.371249195188284, 3380472.870321590919048 ], [ 8210900.464421348646283, 3388602.260883742943406 ], [ 8158874.221711788326502, 3369652.733366529922932 ], [ 8063941.314764280803502, 3415640.195441227871925 ], [ 8055439.015951273031533, 3439881.386744757182896 ], [ 8090509.784269304946065, 3529631.343823169823736 ], [ 8130632.249358782544732, 3560181.822611614130437 ], [ 8203196.805140443146229, 3532305.801190284546465 ], [ 8251809.018215648829937, 3529372.911676734220237 ], [ 8300712.257593114860356, 3496950.919762776698917 ] ] ] } },
{ "type": "Feature", "properties": { "pop_est": 29384297, "continent": "Asia", "name": "Nepal", "iso_a3": "NPL", "gdp_md_est": 71520.0, "lon_c": 7536615.80891647, "lat_c": 3561790.7911918098 }, "geometry": { "type": "Polygon", "coordinates": [ [ [ 7973500.506811454892159, 3509593.25602450594306 ], [ 7980714.371821855194867, 3457592.858394210692495 ], [ 8013254.246576085686684, 3380685.84499425208196 ], [ 8015425.834500432945788, 3332666.64412625040859 ], [ 7940148.309359353035688, 3330636.501069897785783 ], [ 7823420.832851455546916, 3358928.449066730216146 ], [ 7750218.444192742928863, 3370476.774418682791293 ], [ 7682027.155973451212049, 3432090.064931693952531 ], [ 7553671.339079211466014, 3447764.046262982301414 ], [ 7418180.605904360301793, 3515494.547095793299377 ], [ 7317727.52566918823868, 3574578.701649499125779 ], [ 7218542.580937788821757, 3620047.316193890757859 ], [ 7223776.038396402262151, 3732074.839092402718961 ], [ 7265856.606189047917724, 3786204.101136594545096 ], [ 7295018.637990362942219, 3814698.560513463802636 ], [ 7377092.060145980678499, 3778072.767615557648242 ], [ 7489396.63680581189692, 3700256.803613159339875 ], [ 7544672.592059642076492, 3683081.35288465116173 ], [ 7590753.567605014890432, 3625499.94696029741317 ], [ 7667291.070299761369824, 3601828.665737736038864 ], [ 7754993.133386892266572, 3549002.880734120029956 ], [ 7864789.983665145933628, 3521375.741701921913773 ], [ 7973500.506811454892159, 3509593.25602450594306 ] ] ] } },
{ "type": "Feature", "properties": { "pop_est": 204924861, "continent": "Asia", "name": "Pakistan", "iso_a3": "PAK", "gdp_md_est": 988200.0, "lon_c": 6273697.8706353921, "lat_c": 3806906.0090211397 }, "geometry": { "type": "Polygon", "coordinates": [ [ [ 6790317.081122621893883, 4409411.759736216627061 ], [ 6736377.276942522265017, 4312148.339849509298801 ], [ 6643910.17232002876699, 4294892.682222344912589 ], [ 6502486.025283955968916, 4323209.282907459884882 ], [ 6474248.975262922234833, 4273131.346501918509603 ], [ 6534845.261794694699347, 4170938.983806961681694 ], [ 6587853.390339285135269, 4091648.340689368080348 ], [ 6675507.814752640202641, 4033572.810348851140589 ], [ 6618387.569693685509264, 3965322.986889981199056 ], [ 6642147.739037794061005, 3880907.542336808051914 ], [ 6585800.61165171302855, 3761511.353717658668756 ], [ 6559010.049652433954179, 3640102.317234479822218 ], [ 6493745.546123111620545, 3514011.567268452141434 ], [ 6386662.694507968612015, 3523175.954291436355561 ], [ 6314103.433335539884865, 3396506.885025299154222 ], [ 6384975.620379019528627, 3342046.598354166839272 ], [ 6414516.250499515794218, 3248455.787098894827068 ], [ 6478225.858365276828408, 3186613.656330012250692 ], [ 6516942.724666330963373, 3081607.931492386385798 ], [ 6315013.856091453693807, 3081927.667959550861269 ], [ 6268802.566473764367402, 3000075.364417165052146 ], [ 6195873.822046135552227, 3031126.014586949255317 ], [ 6152513.648665026761591, 3119208.700677923392504 ], [ 6064508.774078455753624, 3212243.5950135467574 ], [ 5900345.024386681616306, 3189291.554198272526264 ], [ 5752191.608205013908446, 3187017.407366522587836 ], [ 5626358.050364963710308, 3169900.28911834070459 ], [ 5635778.143777510151267, 3311450.805469076614827 ], [ 5755402.925152905285358, 3374154.878334076609462 ], [ 5737226.986465181224048, 3429930.076821267139167 ], [ 5690056.73275138810277, 3449507.0873534809798 ], [ 5666741.424872693605721, 3555753.162765289656818 ], [ 5569916.412420318461955, 3608623.116146774962544 ], [ 5519087.75266848411411, 3681051.86002831440419 ], [ 5461780.720410773530602, 3743944.171112468931824 ], [ 5624878.337452309206128, 3682883.361449665389955 ], [ 5711061.803593463264406, 3700807.046428086236119 ], [ 5768028.154835391789675, 3685546.822398123797029 ], [ 5780617.097259874455631, 3711775.132057749200612 ], [ 5845456.947586562484503, 3701267.632761468179524 ], [ 5951191.632862146943808, 3750952.958957923576236 ], [ 5931231.503395412117243, 3852300.664324620272964 ], [ 5965202.432306548580527, 3919449.111857682932168 ], [ 6031598.260804302990437, 3919241.002314758952707 ], [ 6033308.69199507497251, 3952353.152172333095223 ], [ 6097516.233276169747114, 3967765.749313634354621 ], [ 6133137.188838329166174, 3956758.805011327378452 ], [ 6159605.004561915062368, 3989981.454636177513748 ], [ 6136686.477103085257113, 4060743.276160459034145 ], [ 6155776.50984625518322, 4131605.810013379901648 ], [ 6204060.224589632824063, 4161236.554899461567402 ], [ 6148483.398504351265728, 4238489.136216589249671 ], [ 6233130.670780812390149, 4234845.720469301566482 ], [ 6245581.91918058693409, 4276761.070783484727144 ], [ 6229281.29367914609611, 4321381.257971168495715 ], [ 6258845.32661073282361, 4370037.528587907552719 ], [ 6232028.193678075447679, 4427468.4005993520841 ], [ 6196956.948902704752982, 4476254.388740802183747 ], [ 6232583.699940651655197, 4526241.037545155733824 ], [ 6318250.421760397963226, 4550294.31829078681767 ], [ 6413461.352111666463315, 4563580.633971686474979 ], [ 6450701.631360581144691, 4584678.212930488400161 ], [ 6496890.899257900193334, 4597481.831882208585739 ], [ 6578160.612867329269648, 4544205.996445271186531 ], [ 6632154.188000545836985, 4456014.34747152775526 ], [ 6790317.081122621893883, 4409411.759736216627061 ] ] ] } },
{ "type": "Feature", "properties": { "pop_est": 34124811, "continent": "Asia", "name": "Afghanistan", "iso_a3": "AFG", "gdp_md_est": 64080.0, "lon_c": 5748170.873612457, "lat_c": 4216622.3308912087 }, "geometry": { "type": "Polygon", "coordinates": [ [ [ 5742492.509715526364744, 4623669.801166730932891 ], [ 5790814.493462488055229, 4622913.523855661973357 ], [ 5863032.22808279003948, 4598846.50367452763021 ], [ 5893546.405965817160904, 4584937.809252730570734 ], [ 5945206.813960325904191, 4621568.612886551767588 ], [ 5980918.459736112505198, 4599547.951834953390062 ], [ 5992955.612857057712972, 4651684.830024440772831 ], [ 6045217.851629165001214, 4649323.057058717124164 ], [ 6053320.952530628070235, 4666020.960191544145346 ], [ 6048114.100264192558825, 4711748.404939314350486 ], [ 6072574.18068867828697, 4751087.493307600729167 ], [ 6127267.911990194581449, 4725387.489189706742764 ], [ 6128958.911241894587874, 4690771.307542208582163 ], [ 6156698.713244375772774, 4685385.444926370866597 ], [ 6178623.916047384031117, 4589792.653069386258721 ], [ 6224433.200505824759603, 4552372.511453457176685 ], [ 6247169.580404858104885, 4576392.489891098812222 ], [ 6282023.354208097793162, 4587728.199921688996255 ], [ 6319640.633965444751084, 4638749.38025614246726 ], [ 6381761.806697508320212, 4630362.865917178802192 ], [ 6470822.281176279298961, 4630183.441248420625925 ], [ 6496890.899257900193334, 4597481.831882208585739 ], [ 6450701.631360581144691, 4584678.212930488400161 ], [ 6413461.352111666463315, 4563580.633971686474979 ], [ 6318250.421760397963226, 4550294.31829078681767 ], [ 6232583.699940651655197, 4526241.037545155733824 ], [ 6196956.948902704752982, 4476254.388740802183747 ], [ 6232028.193678075447679, 4427468.4005993520841 ], [ 6258845.32661073282361, 4370037.528587907552719 ], [ 6229281.29367914609611, 4321381.257971168495715 ], [ 6245581.91918058693409, 4276761.070783484727144 ], [ 6233130.670780812390149, 4234845.720469301566482 ], [ 6148483.398504351265728, 4238489.136216589249671 ], [ 6204060.224589632824063, 4161236.554899461567402 ], [ 6155776.50984625518322, 4131605.810013379901648 ], [ 6136686.477103085257113, 4060743.276160459034145 ], [ 6159605.004561915062368, 3989981.454636177513748 ], [ 6133137.188838329166174, 3956758.805011327378452 ], [ 6097516.233276169747114, 3967765.749313634354621 ], [ 6033308.69199507497251, 3952353.152172333095223 ], [ 6031598.260804302990437, 3919241.002314758952707 ], [ 5965202.432306548580527, 3919449.111857682932168 ], [ 5931231.503395412117243, 3852300.664324620272964 ], [ 5951191.632862146943808, 3750952.958957923576236 ], [ 5845456.947586562484503, 3701267.632761468179524 ], [ 5780617.097259874455631, 3711775.132057749200612 ], [ 5768028.154835391789675, 3685546.822398123797029 ], [ 5711061.803593463264406, 3700807.046428086236119 ], [ 5624878.337452309206128, 3682883.361449665389955 ], [ 5461780.720410773530602, 3743944.171112468931824 ], [ 5520275.118032587692142, 3851938.384229016955942 ], [ 5496339.49239419028163, 3928282.670126649085432 ], [ 5424519.305528114549816, 3948230.782647314481437 ], [ 5400985.48168561514467, 4023183.224331451579928 ], [ 5350758.057454042136669, 4117041.338426555972546 ], [ 5373657.135444257408381, 4181152.856727527454495 ], [ 5331263.362420889548957, 4198398.941313114948571 ], [ 5335281.137925156392157, 4283177.398764227516949 ], [ 5335316.567934529855847, 4427411.808142352849245 ], [ 5435397.869775282219052, 4383618.262908667325974 ], [ 5497286.906631262972951, 4399026.234516168944538 ], [ 5501886.687331160530448, 4451267.998820819891989 ], [ 5565982.446590789593756, 4468617.127026088535786 ], [ 5605536.443849131464958, 4503551.449015533551574 ], [ 5597531.434251117520034, 4595061.679349931888282 ], [ 5664112.64840532373637, 4617112.211796530522406 ], [ 5665968.553769318386912, 4657614.096139447763562 ], [ 5715466.654007092118263, 4627200.569195535033941 ], [ 5742492.509715526364744, 4623669.801166730932891 ] ] ] } },
{ "type": "Feature", "properties": { "pop_est": 8468555, "continent": "Asia", "name": "Tajikistan", "iso_a3": "TJK", "gdp_md_est": 25810.0, "lon_c": 6082743.2979298774, "lat_c": 4781283.5999173392 }, "geometry": { "type": "Polygon", "coordinates": [ [ [ 5863032.22808279003948, 4598846.50367452763021 ], [ 5876940.535866338759661, 4713857.663860649801791 ], [ 5832408.157599943690002, 4797908.949136380106211 ], [ 5761302.704596157185733, 4824741.189127844758332 ], [ 5767892.772678504697978, 4874129.030740467831492 ], [ 5840719.535556797869503, 4868862.940843064337969 ], [ 5861111.399119341745973, 4930630.364639360457659 ], [ 5864338.532220932655036, 5001988.319865160621703 ], [ 5968581.621221529319882, 5027737.087136675603688 ], [ 5968556.735114233568311, 4976306.762072234414518 ], [ 5991165.098597228527069, 4945381.913654798641801 ], [ 6025217.653075817041099, 4948259.510595655068755 ], [ 6005715.403427939862013, 4913849.47162395901978 ], [ 5907021.356431935913861, 4932531.719897778704762 ], [ 5920090.713646937161684, 4868104.691574431955814 ], [ 6009630.606079147197306, 4876784.467930689454079 ], [ 6127062.304440137930214, 4840385.974218726158142 ], [ 6282605.442588837817311, 4857409.574771231971681 ], [ 6339589.312638087198138, 4753293.268447513692081 ], [ 6363944.818457244895399, 4764658.250698299147189 ], [ 6424704.057398610748351, 4738949.814234672114253 ], [ 6436480.353622134774923, 4694936.852509647607803 ], [ 6470822.281176279298961, 4630183.441248420625925 ], [ 6381761.806697508320212, 4630362.865917178802192 ], [ 6319640.633965444751084, 4638749.38025614246726 ], [ 6282023.354208097793162, 4587728.199921688996255 ], [ 6247169.580404858104885, 4576392.489891098812222 ], [ 6224433.200505824759603, 4552372.511453457176685 ], [ 6178623.916047384031117, 4589792.653069386258721 ], [ 6156698.713244375772774, 4685385.444926370866597 ], [ 6128958.911241894587874, 4690771.307542208582163 ], [ 6127267.911990194581449, 4725387.489189706742764 ], [ 6072574.18068867828697, 4751087.493307600729167 ], [ 6048114.100264192558825, 4711748.404939314350486 ], [ 6053320.952530628070235, 4666020.960191544145346 ], [ 6045217.851629165001214, 4649323.057058717124164 ], [ 5992955.612857057712972, 4651684.830024440772831 ], [ 5980918.459736112505198, 4599547.951834953390062 ], [ 5945206.813960325904191, 4621568.612886551767588 ], [ 5893546.405965817160904, 4584937.809252730570734 ], [ 5863032.22808279003948, 4598846.50367452763021 ] ] ] } },
{ "type": "Feature", "properties": { "pop_est": 5789122, "continent": "Asia", "name": "Kyrgyzstan", "iso_a3": "KGZ", "gdp_md_est": 21010.0, "lon_c": 6337364.5531022875, "lat_c": 5064086.5042772572 }, "geometry": { "type": "Polygon", "coordinates": [ [ [ 5942714.097125058062375, 5171477.876141206361353 ], [ 5944038.830284772440791, 5219330.165305848233402 ], [ 5993311.622633979655802, 5234700.360091032460332 ], [ 6144753.162833185866475, 5197139.197636079974473 ], [ 6133301.825053259730339, 5261435.788756819441915 ], [ 6171853.919196208007634, 5283903.97419058252126 ], [ 6308284.358417226932943, 5238238.225889282301068 ], [ 6333870.543691311962903, 5250216.339614906348288 ], [ 6473250.065924392081797, 5247244.026777348481119 ], [ 6601598.816747044213116, 5235864.766705375164747 ], [ 6659490.241323431953788, 5196679.27065974008292 ], [ 6717597.672707174904644, 5180649.884777574799955 ], [ 6715902.700600893236697, 5155904.995494385249913 ], [ 6607278.817095738835633, 5096406.601990634575486 ], [ 6594234.459329222328961, 5052629.995051207020879 ], [ 6491012.642248989082873, 5039495.186734733171761 ], [ 6485404.882112800143659, 4968687.110058945603669 ], [ 6390277.58109943754971, 4983592.041650923900306 ], [ 6339596.345479749143124, 4961844.960350046865642 ], [ 6277182.732506943866611, 4909184.289444338530302 ], [ 6298012.102162657305598, 4883030.554490310139954 ], [ 6282605.442588837817311, 4857409.574771231971681 ], [ 6127062.304440137930214, 4840385.974218726158142 ], [ 6009630.606079147197306, 4876784.467930689454079 ], [ 5920090.713646937161684, 4868104.691574431955814 ], [ 5907021.356431935913861, 4932531.719897778704762 ], [ 6005715.403427939862013, 4913849.47162395901978 ], [ 6025217.653075817041099, 4948259.510595655068755 ], [ 6093517.723194092512131, 4937283.94189172424376 ], [ 6174059.555914214812219, 5017307.991757637821138 ], [ 6053329.875481483526528, 5075543.013503308407962 ], [ 6002999.969920729286969, 5048019.057154659181833 ], [ 5926300.660629538819194, 5089551.719205445609987 ], [ 5971479.139934454113245, 5160700.070092553272843 ], [ 5942714.097125058062375, 5171477.876141206361353 ] ] ] } },
{ "type": "Feature", "properties": { "pop_est": 5351277, "continent": "Asia", "name": "Turkmenistan", "iso_a3": "TKM", "gdp_md_est": 94720.0, "lon_c": 5012690.6767441072, "lat_c": 4822614.8878448857 }, "geometry": { "type": "Polygon", "coordinates": [ [ [ 4410830.831468340940773, 5118525.01919581182301 ], [ 4438215.806985119357705, 5155038.624943749047816 ], [ 4527117.158072511665523, 5177818.46568307466805 ], [ 4592219.247079116292298, 5147139.37746739666909 ], [ 4674794.768412151373923, 5060862.755658887326717 ], [ 4716547.587819478474557, 5066247.571820144541562 ], [ 4811197.759389916434884, 5067755.940402386710048 ], [ 4781643.410630258731544, 5123218.23285121563822 ], [ 4842382.876575595699251, 5161011.373668710701168 ], [ 4893953.213616089895368, 5224480.17236509360373 ], [ 5024140.864262754097581, 5166763.403275781311095 ], [ 5059519.171630079858005, 5079098.628082022070885 ], [ 5098490.3180294893682, 5056497.339411697350442 ], [ 5188116.981898875907063, 5061581.622774499468505 ], [ 5222505.200714245438576, 5041526.686711320653558 ], [ 5298471.195615828968585, 4927031.465089173056185 ], [ 5418699.493820528499782, 4849787.147556824609637 ], [ 5490017.712165063247085, 4796879.29270731844008 ], [ 5595874.503739986568689, 4741645.020645449869335 ], [ 5724463.458100616000593, 4693199.884116426110268 ], [ 5742492.509715526364744, 4623669.801166730932891 ], [ 5715466.654007092118263, 4627200.569195535033941 ], [ 5665968.553769318386912, 4657614.096139447763562 ], [ 5664112.64840532373637, 4617112.211796530522406 ], [ 5597531.434251117520034, 4595061.679349931888282 ], [ 5605536.443849131464958, 4503551.449015533551574 ], [ 5565982.446590789593756, 4468617.127026088535786 ], [ 5501886.687331160530448, 4451267.998820819891989 ], [ 5497286.906631262972951, 4399026.234516168944538 ], [ 5435397.869775282219052, 4383618.262908667325974 ], [ 5335316.567934529855847, 4427411.808142352849245 ], [ 5302902.354681815952063, 4524138.739421918056905 ], [ 5237178.225587754510343, 4528239.447988835163414 ], [ 5112204.517914346419275, 4629386.299949383363128 ], [ 5040095.564097920432687, 4641827.0168277323246 ], [ 4930124.982152401469648, 4699382.343746366910636 ], [ 4866335.667464046739042, 4709823.190286573953927 ], [ 4833895.505494121462107, 4688714.474762083031237 ], [ 4775538.603958779014647, 4692001.757132878527045 ], [ 4730053.659655784256756, 4627044.643911924213171 ], [ 4659390.049271730706096, 4604996.368485303595662 ], [ 4624319.021104858256876, 4685426.47616798337549 ], [ 4608066.881143495440483, 4803596.908702005632222 ], [ 4532042.038632806390524, 4841632.86698776576668 ], [ 4534776.764723964966834, 4918262.186852897517383 ], [ 4476730.920545265078545, 4924771.941273325122893 ], [ 4471674.146586451679468, 5018470.054260151460767 ], [ 4558473.085499883629382, 4991249.038443764671683 ], [ 4623407.219757497310638, 5026718.865805711597204 ], [ 4544225.624739631079137, 5092989.585281035862863 ], [ 4503172.175037389621139, 5155822.89110598154366 ], [ 4443162.945310361683369, 5127841.57532293535769 ], [ 4455774.101011469960213, 5047110.950301677919924 ], [ 4410830.831468340940773, 5118525.01919581182301 ] ] ] } },
{ "type": "Feature", "properties": { "pop_est": 82021564, "continent": "Asia", "name": "Iran", "iso_a3": "IRN", "gdp_md_est": 1459000.0, "lon_c": 4799020.2100388631, "lat_c": 4040034.7192516308 }, "geometry": { "type": "Polygon", "coordinates": [ [ [ 4355721.930625289678574, 3755588.28924679197371 ], [ 4295810.202996321022511, 3818238.156996515579522 ], [ 4284338.150728964246809, 3881539.135262807365507 ], [ 4255836.825663786381483, 3881505.409902383573353 ], [ 4255836.360201865434647, 3967277.220156629569829 ], [ 4194547.073574581183493, 4056886.214171810541302 ], [ 4074850.908759041223675, 4121265.205007652752101 ], [ 3994241.509556690696627, 4232391.27518576476723 ], [ 3998233.305679401848465, 4323122.381094043143094 ], [ 4034877.135137384291738, 4363102.635373204015195 ], [ 4015551.089618338737637, 4430559.847328181378543 ], [ 3951881.640124263241887, 4465119.624981360509992 ], [ 3869459.100085064768791, 4601748.47142566088587 ], [ 3869458.196544163394719, 4601749.96252507250756 ], [ 3804477.462895456701517, 4692848.365294152870774 ], [ 3814336.394849766045809, 4727918.584864378906786 ], [ 3761448.220786313060671, 4857062.005668285302818 ], [ 3813152.411798939108849, 4888958.841853646561503 ], [ 3835542.595595203340054, 4846703.39572277199477 ], [ 3889517.279610797762871, 4794822.668120809830725 ], [ 3951364.644971495028585, 4779847.313603238202631 ], [ 3981668.246153340209275, 4783160.98198346234858 ], [ 4064381.039807456545532, 4866052.581457442604005 ], [ 4094484.912847149651498, 4874325.747172283008695 ], [ 4127070.979540077038109, 4841429.891945748589933 ], [ 4109945.033705099951476, 4785798.562795205041766 ], [ 4176361.785486589185894, 4726685.241111047565937 ], [ 4196492.910663454793394, 4732325.05113604106009 ], [ 4241958.307763854041696, 4648714.92980114929378 ], [ 4328918.829742807894945, 4625011.587710596621037 ], [ 4401491.615669676102698, 4567768.728945611976087 ], [ 4528985.354322344064713, 4548053.233137732371688 ], [ 4657329.786770001985133, 4578304.96518477704376 ], [ 4659390.049271730706096, 4604996.368485303595662 ], [ 4730053.659655784256756, 4627044.643911924213171 ], [ 4775538.603958779014647, 4692001.757132878527045 ], [ 4833895.505494121462107, 4688714.474762083031237 ], [ 4866335.667464046739042, 4709823.190286573953927 ], [ 4930124.982152401469648, 4699382.343746366910636 ], [ 5040095.564097920432687, 4641827.0168277323246 ], [ 5112204.517914346419275, 4629386.299949383363128 ], [ 5237178.225587754510343, 4528239.447988835163414 ], [ 5302902.354681815952063, 4524138.739421918056905 ], [ 5335316.567934529855847, 4427411.808142352849245 ], [ 5335281.137925156392157, 4283177.398764227516949 ], [ 5331263.362420889548957, 4198398.941313114948571 ], [ 5373657.135444257408381, 4181152.856727527454495 ], [ 5350758.057454042136669, 4117041.338426555972546 ], [ 5400985.48168561514467, 4023183.224331451579928 ], [ 5424519.305528114549816, 3948230.782647314481437 ], [ 5496339.49239419028163, 3928282.670126649085432 ], [ 5520275.118032587692142, 3851938.384229016955942 ], [ 5461780.720410773530602, 3743944.171112468931824 ], [ 5519087.75266848411411, 3681051.86002831440419 ], [ 5569916.412420318461955, 3608623.116146774962544 ], [ 5666741.424872693605721, 3555753.162765289656818 ], [ 5690056.73275138810277, 3449507.0873534809798 ], [ 5737226.986465181224048, 3429930.076821267139167 ], [ 5755402.925152905285358, 3374154.878334076609462 ], [ 5635778.143777510151267, 3311450.805469076614827 ], [ 5626358.050364963710308, 3169900.28911834070459 ], [ 5448073.060261876322329, 3206756.348099855706096 ], [ 5343769.246880812570453, 3234777.019665147643536 ], [ 5238127.968037576414645, 3250608.516338081564754 ], [ 5174222.256757043302059, 3399552.263641980011016 ], [ 5127080.390433872118592, 3421006.867488396819681 ], [ 5060991.663217428140342, 3399373.870011083316058 ], [ 4978984.322804908268154, 3340685.298080045729876 ], [ 4861370.792262946255505, 3380923.873460161034018 ], [ 4754760.550827173516154, 3473906.443140106741339 ], [ 4662021.862442435696721, 3508284.437082105316222 ], [ 4583088.837967175059021, 3622454.320851202588528 ], [ 4489975.399267801083624, 3781947.844352954998612 ], [ 4445019.827658664435148, 3762621.175229298882186 ], [ 4381441.939308899454772, 3802122.355294345878065 ], [ 4355721.930625289678574, 3755588.28924679197371 ] ] ] } },
{ "type": "Feature", "properties": { "pop_est": 18028549, "continent": "Asia", "name": "Syria", "iso_a3": "SYR", "gdp_md_est": 50280.0, "lon_c": 3373482.7555736098, "lat_c": 4355431.1183378669 }, "geometry": { "type": "Polygon", "coordinates": [ [ [ 3161555.474109634757042, 4085105.177468415815383 ], [ 3159756.12717869784683, 4085906.499354201368988 ], [ 3169356.552957684732974, 4103766.788511892780662 ], [ 3161493.892223420552909, 4151743.900540417525917 ], [ 3174262.512790304608643, 4215728.509963370859623 ], [ 3215964.525514642242342, 4259645.689778420142829 ], [ 3195013.59697457542643, 4305229.489340814761817 ], [ 3154734.823224183637649, 4311146.818164749071002 ], [ 3133680.787785384338349, 4399715.418510984629393 ], [ 3147961.984132607467473, 4447165.900515884160995 ], [ 3167453.491657762788236, 4472372.331570087000728 ], [ 3186871.393749045208097, 4497540.43910823110491 ], [ 3181585.423779657576233, 4561447.767282964661717 ], [ 3213455.069097319152206, 4539195.222684498876333 ], [ 3303699.20166316209361, 4571013.891462214291096 ], [ 3353336.541940986178815, 4549484.252447564154863 ], [ 3424561.857210397254676, 4549841.987305518239737 ], [ 3516761.053520935121924, 4592717.814552119001746 ], [ 3563694.842621655203402, 4590786.443303235806525 ], [ 3658797.958087114151567, 4608525.482119096443057 ], [ 3627361.302031722851098, 4537227.75661466922611 ], [ 3584867.466718669515103, 4508914.119260839186609 ], [ 3607577.978398258797824, 4424903.678177418187261 ], [ 3597867.614656343590468, 4284952.297768676653504 ], [ 3421972.428766465745866, 4163594.614129524212331 ], [ 3266544.825603472534567, 4038499.348096249625087 ], [ 3161555.474109634757042, 4085105.177468415815383 ] ] ] } },
{ "type": "Feature", "properties": { "pop_est": 3045191, "continent": "Asia", "name": "Armenia", "iso_a3": "ARM", "gdp_md_est": 26300.0, "lon_c": 3830413.0094184722, "lat_c": 4915717.3035991732 }, "geometry": { "type": "Polygon", "coordinates": [ [ [ 3981668.246153340209275, 4783160.98198346234858 ], [ 3951364.644971495028585, 4779847.313603238202631 ], [ 3902707.506731675937772, 4844903.262346521019936 ], [ 3899415.217945723328739, 4862202.252861776389182 ], [ 3861801.382919369731098, 4861950.352319692261517 ], [ 3830219.20939107844606, 4891978.372459940612316 ], [ 3813152.411798939108849, 4888958.841853646561503 ], [ 3772772.4328757612966, 4921577.994981130585074 ], [ 3703827.628260417375714, 4949283.786789796315134 ], [ 3700592.277850514743477, 5003360.917568478733301 ], [ 3677932.695982697885484, 5042332.340869755484164 ], [ 3791400.031420156825334, 5059567.551965162158012 ], [ 3815296.003612376283854, 5030519.627864284440875 ], [ 3851717.369417105801404, 5011352.947061551734805 ], [ 3840825.541471889708191, 4983528.908255281858146 ], [ 3894342.826408337336034, 4945376.157845440320671 ], [ 3878122.10069462377578, 4909856.612217215821147 ], [ 3920811.169967837166041, 4879450.965256363153458 ], [ 3963041.013645010534674, 4861099.068661913275719 ], [ 3981668.246153340209275, 4783160.98198346234858 ] ] ] } },
{ "type": "Feature", "properties": { "pop_est": 9960487, "continent": "Europe", "name": "Sweden", "iso_a3": "SWE", "gdp_md_est": 498100.0, "lon_c": 1049689.465308184, "lat_c": 7056973.8354260419 }, "geometry": { "type": "Polygon", "coordinates": [ [ [ 805777.442460482125171, 6824497.383019025437534 ], [ 833269.295063285855576, 6874919.317829580046237 ], [ 887673.957802385441028, 6934170.549961888231337 ], [ 900830.384373754030094, 7033873.372679737396538 ], [ 850851.545491828699596, 7076089.81803447380662 ], [ 834989.659124901983887, 7184455.186113464646041 ], [ 871865.017166944337077, 7258961.261532451957464 ], [ 940783.860828387667425, 7257617.892537371255457 ], [ 960899.972961958148517, 7288593.213555646128953 ], [ 932397.583296698750928, 7315040.472659924998879 ], [ 1023819.918078435002826, 7421430.14239093195647 ], [ 1078776.128026623046026, 7502303.008078467100859 ], [ 1114480.33819098258391, 7552778.550328113138676 ], [ 1178345.901927846483886, 7552541.116538976319134 ], [ 1188841.529604572802782, 7591249.50302850548178 ], [ 1315611.899305193219334, 7580186.447147463448346 ], [ 1316040.591674427501857, 7625242.872445878572762 ], [ 1356212.570088346488774, 7628024.405115244910121 ], [ 1451338.406016303692013, 7594652.788214277476072 ], [ 1565766.130102724768221, 7547305.545982098206878 ], [ 1593505.698233247734606, 7436378.009489154443145 ], [ 1623033.848344622412696, 7407531.797715235501528 ], [ 1510770.304342184215784, 7386336.964491258375347 ], [ 1455447.893809538101777, 7333401.470322269015014 ], [ 1475653.17359270225279, 7286116.754499688744545 ], [ 1377356.661552667152137, 7222898.431448140181601 ], [ 1254032.175553706241772, 7153872.664055019617081 ], [ 1220345.983131123241037, 7037857.852817610837519 ], [ 1280162.603642428060994, 6978456.981657077558339 ], [ 1356330.31358292279765, 6931077.595834938809276 ], [ 1304471.460992824286222, 6833078.104910098947585 ], [ 1231356.419186969287694, 6812487.835073699243367 ], [ 1222992.380555849056691, 6662117.542702302336693 ], [ 1191169.463016469962895, 6576264.814724104478955 ], [ 1099185.831658785697073, 6585178.450016154907644 ], [ 1064530.496884468942881, 6511565.405180019326508 ], [ 977533.504115700023249, 6507262.807170405052602 ], [ 945245.947383303078823, 6594962.715610702522099 ], [ 873183.422555065364577, 6698420.901782342232764 ], [ 805777.442460482125171, 6824497.383019025437534 ] ] ] } },
{ "type": "Feature", "properties": { "pop_est": 9549747, "continent": "Europe", "name": "Belarus", "iso_a3": "BLR", "gdp_md_est": 165400.0, "lon_c": 2130077.4344489891, "lat_c": 6350479.9766091853 }, "geometry": { "type": "Polygon", "coordinates": [ [ [ 2112310.375939725898206, 6582249.345873806625605 ], [ 2196335.208826619200408, 6559062.899474932812154 ], [ 2212068.89306811010465, 6536016.833495631814003 ], [ 2249112.98187316255644, 6547110.110657922923565 ], [ 2327761.336760660633445, 6524926.246155114844441 ], [ 2345179.152470576111227, 6481012.450379120185971 ], [ 2334654.851038607303053, 6455628.340087584219873 ], [ 2396286.63782404223457, 6393584.001294030807912 ], [ 2431301.837171457242221, 6376187.301443286240101 ], [ 2430589.636783765163273, 6358916.455171830952168 ], [ 2486102.574421105440706, 6342043.498046539723873 ], [ 2514084.265998061746359, 6316397.221106902696192 ], [ 2488914.515423198696226, 6295287.201430779881775 ], [ 2426013.638207273092121, 6298641.507735187187791 ], [ 2413156.294468440581113, 6289606.81960038933903 ], [ 2438269.573375591542572, 6257411.89336208999157 ], [ 2470826.139580330811441, 6194878.097520899958909 ], [ 2470827.935662542935461, 6194877.85916955024004 ], [ 2405313.109145783353597, 6189056.718844661489129 ], [ 2385793.668056469876319, 6167472.88298059348017 ], [ 2390889.017146507743746, 6117751.769586465321481 ], [ 2357855.591907856054604, 6127324.180005019530654 ], [ 2288218.142967662308365, 6122580.456029236316681 ], [ 2263267.221178410574794, 6145705.047790069133043 ], [ 2237252.787717566359788, 6128470.00034268759191 ], [ 2205178.3653598963283, 6142760.021269737742841 ], [ 2143322.16373500181362, 6144743.06678266171366 ], [ 2052025.118686837842688, 6168406.453109916299582 ], [ 1972011.005957700312138, 6176117.180685277096927 ], [ 1912054.547862662002444, 6173934.194469587877393 ], [ 1873664.86209375387989, 6147225.589765325188637 ], [ 1836958.247812922578305, 6143375.154053866863251 ], [ 1828567.304607202066109, 6187220.143163055181503 ], [ 1797434.953841628972441, 6232569.871388075873256 ], [ 1840658.827626183861867, 6252456.621305445209146 ], [ 1834748.05344405095093, 6291129.220171590335667 ], [ 1807343.456218819832429, 6327827.192073890008032 ], [ 1796978.342567063635215, 6370250.26585447601974 ], [ 1871050.847986494889483, 6369600.685574629344046 ], [ 1947586.443785784533247, 6405512.333676951006055 ], [ 1955334.070484356023371, 6458945.676986480131745 ], [ 2011689.508068782975897, 6489047.057556826621294 ], [ 1996383.631434050388634, 6530900.002351147122681 ], [ 2039047.055073883384466, 6546539.162692935205996 ], [ 2112310.375939725898206, 6582249.345873806625605 ] ] ] } },
{ "type": "Feature", "properties": { "pop_est": 44033874, "continent": "Europe", "name": "Ukraine", "iso_a3": "UKR", "gdp_md_est": 352600.0, "lon_c": 2476141.1463733367, "lat_c": 5846083.8191289529 }, "geometry": { "type": "Polygon", "coordinates": [ [ [ 2470827.935662542935461, 6194877.85916955024004 ], [ 2500718.114657251629978, 6190911.444097506813705 ], [ 2515473.814390900079161, 6213197.876593916676939 ], [ 2540134.843533959239721, 6208282.074047519825399 ], [ 2618479.992280230391771, 6217733.88003003783524 ], [ 2680943.284812576137483, 6162161.726103331893682 ], [ 2666024.465898546855897, 6142185.681011330336332 ], [ 2679459.846101455390453, 6111453.939963897690177 ], [ 2742994.814841174520552, 6106648.881623619236052 ], [ 2780853.188391474541277, 6063481.462122267112136 ], [ 2783651.517193636391312, 6043816.068996261805296 ], [ 2891961.928131138440222, 6008548.216895505785942 ], [ 2948727.775375601369888, 6024452.198619343340397 ], [ 3008846.600164995528758, 5977331.079774967394769 ], [ 3054835.970128270797431, 5978420.959832991473377 ], [ 3179845.543330501765013, 5945519.307876679114997 ], [ 3188265.029438939876854, 5915719.311568960547447 ], [ 3169086.630526974797249, 5862314.97633308544755 ], [ 3200515.229080886114389, 5805717.045677731744945 ], [ 3196130.305184396449476, 5771312.947731873951852 ], [ 3120058.837438733782619, 5763731.309316863305867 ], [ 3085173.758164574857801, 5734799.909742208197713 ], [ 3093046.39715625019744, 5688586.388932942412794 ], [ 3030267.825223769061267, 5680242.644468940794468 ], [ 2983638.205966096837074, 5646413.075148240663111 ], [ 2908799.131459371186793, 5640887.381145875900984 ], [ 2846734.076835811603814, 5601739.139532137662172 ], [ 2862063.646042315289378, 5545232.492235518060625 ], [ 2849098.074258252512664, 5548455.049971920438111 ], [ 2834393.334706991445273, 5569325.173425278626382 ], [ 2807333.111850404646248, 5573494.028244317509234 ], [ 2744994.291804975364357, 5596094.741722420789301 ], [ 2728502.465230355970562, 5569985.146175847388804 ], [ 2715119.373222399968654, 5581451.466586106456816 ], [ 2583548.563832891173661, 5608066.813514534384012 ], [ 2570802.480166172608733, 5647203.362919746898115 ], [ 2497897.410899412818253, 5634296.300113868899643 ], [ 2477826.285860215779394, 5576369.013170166872442 ], [ 2427692.029672911390662, 5498095.068663334473968 ], [ 2387534.232710542157292, 5516323.315962513908744 ], [ 2351775.497316325549036, 5499234.927321010269225 ], [ 2312103.181877047754824, 5518801.769489446654916 ], [ 2330878.901689882390201, 5530319.854963229969144 ], [ 2339310.61070233117789, 5566613.856440229341388 ], [ 2356116.448083792813122, 5600227.292603421024978 ], [ 2347239.504625095054507, 5619054.495847594924271 ], [ 2362845.171970306895673, 5627432.290198656730354 ], [ 2373293.524822009727359, 5612894.103919771499932 ], [ 2421765.258302442263812, 5609816.537675353698432 ], [ 2441964.920782935339957, 5617588.732061697170138 ], [ 2424972.427401652093977, 5628234.966842183843255 ], [ 2428013.596285904757679, 5643863.14583881944418 ], [ 2395098.803389979526401, 5670463.483583882451057 ], [ 2375866.331217584200203, 5714046.543536334298551 ], [ 2343522.933474105782807, 5731045.133041055873036 ], [ 2343223.743345034308732, 5766159.53680226393044 ], [ 2302082.78928959928453, 5793943.602087764069438 ], [ 2268396.520506751257926, 5797800.398310582153499 ], [ 2203884.017468084115535, 5829852.661924821324646 ], [ 2152317.896271927747875, 5819689.704974924214184 ], [ 2135656.173513332381845, 5804513.866621269844472 ], [ 2101805.90631962614134, 5804529.832383997738361 ], [ 2085399.692774492781609, 5780426.441052417270839 ], [ 2027569.638707342324778, 5770498.320702688768506 ], [ 2002470.122232806636021, 5754613.239988746121526 ], [ 1961390.088525807950646, 5779882.131271704100072 ], [ 1909805.007236387580633, 5780266.353340767323971 ], [ 1858482.341198918642476, 5791694.815358499065042 ], [ 1826832.632629431551322, 5769582.11194281745702 ], [ 1817455.805317158345133, 5797251.811636658385396 ], [ 1769138.393405480543151, 5825245.204488183371723 ], [ 1779140.75662256218493, 5866567.212574993260205 ], [ 1797577.083521659253165, 5893149.185281903482974 ], [ 1815811.058715292951092, 5887199.415696917101741 ], [ 1788828.239250335842371, 5932919.278465603478253 ], [ 1848479.501877880422398, 6016879.132462750189006 ], [ 1885839.218376059783623, 6028557.302179497666657 ], [ 1889927.535867706639692, 6056636.848213131539524 ], [ 1836958.247812922578305, 6143375.154053866863251 ], [ 1873664.86209375387989, 6147225.589765325188637 ], [ 1912054.547862662002444, 6173934.194469587877393 ], [ 1972011.005957700312138, 6176117.180685277096927 ], [ 2052025.118686837842688, 6168406.453109916299582 ], [ 2143322.16373500181362, 6144743.06678266171366 ], [ 2205178.3653598963283, 6142760.021269737742841 ], [ 2237252.787717566359788, 6128470.00034268759191 ], [ 2263267.221178410574794, 6145705.047790069133043 ], [ 2288218.142967662308365, 6122580.456029236316681 ], [ 2357855.591907856054604, 6127324.180005019530654 ], [ 2390889.017146507743746, 6117751.769586465321481 ], [ 2385793.668056469876319, 6167472.88298059348017 ], [ 2405313.109145783353597, 6189056.718844661489129 ], [ 2470827.935662542935461, 6194877.85916955024004 ] ] ] } },
{ "type": "Feature", "properties": { "pop_est": 38476269, "continent": "Europe", "name": "Poland", "iso_a3": "POL", "gdp_md_est": 1052000.0, "lon_c": 1485594.6734337984, "lat_c": 6173523.4984640367 }, "geometry": { "type": "Polygon", "coordinates": [ [ [ 1796978.342567063635215, 6370250.26585447601974 ], [ 1807343.456218819832429, 6327827.192073890008032 ], [ 1834748.05344405095093, 6291129.220171590335667 ], [ 1840658.827626183861867, 6252456.621305445209146 ], [ 1797434.953841628972441, 6232569.871388075873256 ], [ 1828567.304607202066109, 6187220.143163055181503 ], [ 1836958.247812922578305, 6143375.154053866863251 ], [ 1889927.535867706639692, 6056636.848213131539524 ], [ 1885839.218376059783623, 6028557.302179497666657 ], [ 1848479.501877880422398, 6016879.132462750189006 ], [ 1788828.239250335842371, 5932919.278465603478253 ], [ 1815811.058715292951092, 5887199.415696917101741 ], [ 1797577.083521659253165, 5893149.185281903482974 ], [ 1716580.014193625189364, 5932242.865671244449914 ], [ 1661269.571128015872091, 5917888.966347606852651 ], [ 1622388.983890157425776, 5928319.638721403665841 ], [ 1578135.991606702795252, 5906532.802512538619339 ], [ 1533638.692876624176279, 5942532.550786042585969 ], [ 1502637.57007115194574, 5928765.552830319851637 ], [ 1497428.939967227401212, 5934893.146027490496635 ], [ 1455086.121852066833526, 5984691.445586350746453 ], [ 1395584.916723769390956, 5990780.063231835141778 ], [ 1384543.745689389528707, 6022264.013829038478434 ], [ 1329235.675886142300442, 6033478.541128718294203 ], [ 1320257.430527193937451, 6007558.521329460665584 ], [ 1275203.400293624727055, 6028329.296765368431807 ], [ 1277228.000298408558592, 6055870.054655815474689 ], [ 1217547.27761924918741, 6064558.530729999765754 ], [ 1177145.618398229824379, 6096626.388693313114345 ], [ 1138897.251344339922071, 6159826.853765017352998 ], [ 1141628.660796567797661, 6193727.220039793290198 ], [ 1117259.892069688765332, 6246008.459642794914544 ], [ 1085807.778612772934139, 6280627.957193198613822 ], [ 1104742.810636756243184, 6306439.102477116510272 ], [ 1081910.401116004912183, 6355372.576159195043147 ], [ 1131311.185105629032478, 6383447.445578116923571 ], [ 1245418.868125433335081, 6427407.091379527002573 ], [ 1337182.511231483891606, 6459376.651717935688794 ], [ 1415067.926400122465566, 6443437.103865316137671 ], [ 1423916.937606923747808, 6420351.78655934240669 ], [ 1497534.746074746828526, 6419153.47580651845783 ], [ 1592964.332617792068049, 6408373.054119410924613 ], [ 1732938.098138653440401, 6409799.244222620502114 ], [ 1773733.95932925096713, 6399629.653380204923451 ], [ 1796978.342567063635215, 6370250.26585447601974 ] ] ] } },
{ "type": "Feature", "properties": { "pop_est": 8754413, "continent": "Europe", "name": "Austria", "iso_a3": "AUT", "gdp_md_est": 416600.0, "lon_c": 1202481.458959464, "lat_c": 5773380.7116645277 }, "geometry": { "type": "Polygon", "coordinates": [ [ [ 1363298.349643629975617, 5794495.055048973299563 ], [ 1361486.239822773030028, 5752266.36828008107841 ], [ 1316146.444379885680974, 5752062.962301756255329 ], [ 1333956.406324044335634, 5729585.723946335725486 ], [ 1313557.307799353031442, 5662498.391045426949859 ], [ 1299743.996371950721368, 5644832.306247755885124 ], [ 1228979.443192870588973, 5642222.391107846982777 ], [ 1190018.248081728350371, 5618416.644028277136385 ], [ 1122195.788277039304376, 5626553.609184855595231 ], [ 1004028.248989858431742, 5653623.411965948529541 ], [ 983329.061862479662523, 5689963.278030158020556 ], [ 904551.655382509226911, 5671821.399252716451883 ], [ 896410.232538662850857, 5651927.504896269179881 ], [ 846352.009799760882743, 5666801.820986261591315 ], [ 804832.969013166846707, 5669642.701580241322517 ], [ 767114.969448410207406, 5688651.061388953588903 ], [ 778048.165974192554131, 5714145.977675666101277 ], [ 773875.110743372933939, 5732584.775425272062421 ], [ 797885.659645292791538, 5738306.569035795517266 ], [ 840460.242591961403377, 5709452.610709943808615 ], [ 850256.464553500176407, 5736875.111783710308373 ], [ 921669.400621734326705, 5732450.670396908186376 ], [ 977994.882239422993734, 5751045.864799103699625 ], [ 1016850.318224134389311, 5747865.370311775244772 ], [ 1043609.210585964261554, 5726623.276919350028038 ], [ 1049768.22074143984355, 5744257.872882626019418 ], [ 1033135.422755840350874, 5811557.314186071045697 ], [ 1060892.525686985580251, 5824613.349414008669555 ], [ 1085202.270820702658966, 5871860.617158707231283 ], [ 1147403.991373535012826, 5838903.962385781109333 ], [ 1188585.149398423731327, 5880770.69596185348928 ], [ 1215939.92256303015165, 5888390.755764417350292 ], [ 1280901.260528382146731, 5857206.016176871024072 ], [ 1317890.321862395387143, 5862518.368911375291646 ], [ 1356725.411954233190045, 5843178.403500430285931 ], [ 1351644.38175464514643, 5830149.834583738818765 ], [ 1363298.349643629975617, 5794495.055048973299563 ] ] ] } },
{ "type": "Feature", "properties": { "pop_est": 9850845, "continent": "Europe", "name": "Hungary", "iso_a3": "HUN", "gdp_md_est": 267600.0, "lon_c": 1544120.8422325656, "lat_c": 5703453.5015467145 }, "geometry": { "type": "Polygon", "coordinates": [ [ [ 1769138.393405480543151, 5825245.204488183371723 ], [ 1817455.805317158345133, 5797251.811636658385396 ], [ 1826832.632629431551322, 5769582.11194281745702 ], [ 1780570.061911616241559, 5747870.725604311563075 ], [ 1751441.872321546077728, 5677321.279147094115615 ], [ 1711124.507534074597061, 5606251.554755792953074 ], [ 1648157.827913037268445, 5586392.462084153667092 ], [ 1596762.184456159360707, 5591056.109588139690459 ], [ 1537295.976841093041003, 5563328.194495854899287 ], [ 1537294.951276527019218, 5563327.633169814012945 ], [ 1508427.075532828457654, 5547534.5015839189291 ], [ 1438892.413119538221508, 5567857.98065721988678 ], [ 1373529.609249100554734, 5613038.044227220118046 ], [ 1346449.823500231606886, 5625970.490276467055082 ], [ 1327304.363673800369725, 5661341.836405247449875 ], [ 1313557.307799353031442, 5662498.391045426949859 ], [ 1333956.406324044335634, 5729585.723946335725486 ], [ 1316146.444379885680974, 5752062.962301756255329 ], [ 1361486.239822773030028, 5752266.36828008107841 ], [ 1363298.349643629975617, 5794495.055048973299563 ], [ 1406930.40618071355857, 5768059.345140788704157 ], [ 1437793.788049965165555, 5756777.609524049796164 ], [ 1503959.793357464717701, 5769453.888776575215161 ], [ 1508095.690241437172517, 5790191.757976241409779 ], [ 1539655.340931916376576, 5793245.579247506335378 ], [ 1576858.880511330673471, 5809238.485467807389796 ], [ 1586317.003958688816056, 5802656.321436993777752 ], [ 1622420.321406800998375, 5815510.161385812796652 ], [ 1638205.307688417611644, 5839677.915398989804089 ], [ 1663633.073676809901372, 5845933.291066738776863 ], [ 1753444.584574929205701, 5814728.769521872512996 ], [ 1769138.393405480543151, 5825245.204488183371723 ] ] ] } },
{ "type": "Feature", "properties": { "pop_est": 3474121, "continent": "Europe", "name": "Moldova", "iso_a3": "MDA", "gdp_md_est": 18540.0, "lon_c": 2317666.8863127595, "lat_c": 5692255.0135601088 }, "geometry": { "type": "Polygon", "coordinates": [ [ [ 2135656.173513332381845, 5804513.866621269844472 ], [ 2152317.896271927747875, 5819689.704974924214184 ], [ 2203884.017468084115535, 5829852.661924821324646 ], [ 2268396.520506751257926, 5797800.398310582153499 ], [ 2302082.78928959928453, 5793943.602087764069438 ], [ 2343223.743345034308732, 5766159.53680226393044 ], [ 2343522.933474105782807, 5731045.133041055873036 ], [ 2375866.331217584200203, 5714046.543536334298551 ], [ 2395098.803389979526401, 5670463.483583882451057 ], [ 2428013.596285904757679, 5643863.14583881944418 ], [ 2424972.427401652093977, 5628234.966842183843255 ], [ 2441964.920782935339957, 5617588.732061697170138 ], [ 2421765.258302442263812, 5609816.537675353698432 ], [ 2373293.524822009727359, 5612894.103919771499932 ], [ 2362845.171970306895673, 5627432.290198656730354 ], [ 2347239.504625095054507, 5619054.495847594924271 ], [ 2356116.448083792813122, 5600227.292603421024978 ], [ 2339310.61070233117789, 5566613.856440229341388 ], [ 2330878.901689882390201, 5530319.854963229969144 ], [ 2312103.181877047754824, 5518801.769489446654916 ], [ 2289807.118542338721454, 5567099.519685587845743 ], [ 2291200.04769485257566, 5612084.740033376030624 ], [ 2281120.662351803854108, 5658114.638052044436336 ], [ 2224323.745744543615729, 5720126.206043379381299 ], [ 2191624.564063018653542, 5763850.375693088397384 ], [ 2161747.424626901745796, 5794471.079537586309016 ], [ 2135656.173513332381845, 5804513.866621269844472 ] ] ] } },
{ "type": "Feature", "properties": { "pop_est": 21529967, "continent": "Europe", "name": "Romania", "iso_a3": "ROU", "gdp_md_est": 441000.0, "lon_c": 1989511.5919058772, "lat_c": 5555999.2195162969 }, "geometry": { "type": "Polygon", "coordinates": [ [ [ 2312103.181877047754824, 5518801.769489446654916 ], [ 2351775.497316325549036, 5499234.927321010269225 ], [ 2387534.232710542157292, 5516323.315962513908744 ], [ 2427692.029672911390662, 5498095.068663334473968 ], [ 2434105.071142283733934, 5470640.604333630762994 ], [ 2397944.342484700027853, 5447680.581492190249264 ], [ 2371365.932087270077318, 5457680.680450397543609 ], [ 2368342.016340635251254, 5328168.024354171939194 ], [ 2317895.946441486012191, 5339501.249347939155996 ], [ 2251882.575506506487727, 5378647.039316804148257 ], [ 2158068.100621942430735, 5353626.697389672510326 ], [ 2120756.497199970763177, 5326114.334769499488175 ], [ 1998222.386025071609765, 5331794.55502790864557 ], [ 1932425.09699648222886, 5348617.55521703325212 ], [ 1901299.926388420630246, 5340722.014790478162467 ], [ 1872088.581704767420888, 5384980.753117900341749 ], [ 1854683.632740824250504, 5403691.233230846002698 ], [ 1871575.588654257822782, 5421777.676827264949679 ], [ 1849607.990531883202493, 5435101.670504099689424 ], [ 1826648.152909425785765, 5411109.980879558250308 ], [ 1774898.073094476247206, 5442203.457983953878284 ], [ 1763233.136521064210683, 5486167.164811418391764 ], [ 1710329.997356380335987, 5511169.850915323011577 ], [ 1697215.629012634279206, 5544898.91934700589627 ], [ 1648157.827913037268445, 5586392.462084153667092 ], [ 1711124.507534074597061, 5606251.554755792953074 ], [ 1751441.872321546077728, 5677321.279147094115615 ], [ 1780570.061911616241559, 5747870.725604311563075 ], [ 1826832.632629431551322, 5769582.11194281745702 ], [ 1858482.341198918642476, 5791694.815358499065042 ], [ 1909805.007236387580633, 5780266.353340767323971 ], [ 1961390.088525807950646, 5779882.131271704100072 ], [ 2002470.122232806636021, 5754613.239988746121526 ], [ 2027569.638707342324778, 5770498.320702688768506 ], [ 2085399.692774492781609, 5780426.441052417270839 ], [ 2101805.90631962614134, 5804529.832383997738361 ], [ 2135656.173513332381845, 5804513.866621269844472 ], [ 2161747.424626901745796, 5794471.079537586309016 ], [ 2191624.564063018653542, 5763850.375693088397384 ], [ 2224323.745744543615729, 5720126.206043379381299 ], [ 2281120.662351803854108, 5658114.638052044436336 ], [ 2291200.04769485257566, 5612084.740033376030624 ], [ 2289807.118542338721454, 5567099.519685587845743 ], [ 2312103.181877047754824, 5518801.769489446654916 ] ] ] } },
{ "type": "Feature", "properties": { "pop_est": 2823859, "continent": "Europe", "name": "Lithuania", "iso_a3": "LTU", "gdp_md_est": 85620.0, "lon_c": 1826793.1657577627, "lat_c": 6481917.9101731014 }, "geometry": { "type": "Polygon", "coordinates": [ [ [ 1996383.631434050388634, 6530900.002351147122681 ], [ 2011689.508068782975897, 6489047.057556826621294 ], [ 1955334.070484356023371, 6458945.676986480131745 ], [ 1947586.443785784533247, 6405512.333676951006055 ], [ 1871050.847986494889483, 6369600.685574629344046 ], [ 1796978.342567063635215, 6370250.26585447601974 ], [ 1773733.95932925096713, 6399629.653380204923451 ], [ 1732938.098138653440401, 6409799.244222620502114 ], [ 1722886.054404537193477, 6433994.751613114029169 ], [ 1726731.377877531340346, 6459851.418973351828754 ], [ 1690757.867507033515722, 6474788.762789377011359 ], [ 1608845.506418092176318, 6491232.03193287551403 ], [ 1580503.980214975075796, 6569497.392427046783268 ], [ 1661732.931696501560509, 6597790.029427121393383 ], [ 1788330.872515130555257, 6591886.459865935146809 ], [ 1860193.162196686025709, 6600984.173770126886666 ], [ 1874313.604876374825835, 6581824.986804687418044 ], [ 1915348.007491070777178, 6575894.894812964834273 ], [ 1996383.631434050388634, 6530900.002351147122681 ] ] ] } },
{ "type": "Feature", "properties": { "pop_est": 1944643, "continent": "Europe", "name": "Latvia", "iso_a3": "LVA", "gdp_md_est": 50650.0, "lon_c": 1824239.0659416281, "lat_c": 6637557.1681289691 }, "geometry": { "type": "Polygon", "coordinates": [ [ [ 2020723.135830612853169, 6701373.317607957869768 ], [ 2060910.272741357330233, 6680553.724101530387998 ], [ 2076726.782628855435178, 6636436.180008578114212 ], [ 2112310.375939725898206, 6582249.345873806625605 ], [ 2039047.055073883384466, 6546539.162692935205996 ], [ 1996383.631434050388634, 6530900.002351147122681 ], [ 1915348.007491070777178, 6575894.894812964834273 ], [ 1874313.604876374825835, 6581824.986804687418044 ], [ 1860193.162196686025709, 6600984.173770126886666 ], [ 1788330.872515130555257, 6591886.459865935146809 ], [ 1661732.931696501560509, 6597790.029427121393383 ], [ 1580503.980214975075796, 6569497.392427046783268 ], [ 1572015.690745746949688, 6638678.156249359250069 ], [ 1599117.168853939510882, 6695716.527933916077018 ], [ 1663517.832001394359395, 6726471.867903074249625 ], [ 1734447.573123172391206, 6658945.305177338421345 ], [ 1793791.926217803731561, 6660714.944025848060846 ], [ 1794918.877514994936064, 6730066.421660874038935 ], [ 1854649.586021018680185, 6745898.00687696877867 ], [ 1889170.040274732513353, 6734918.453605367802083 ], [ 1959621.883654140401632, 6701541.176378240808845 ], [ 2020723.135830612853169, 6701373.317607957869768 ] ] ] } },
{ "type": "Feature", "properties": { "pop_est": 1251581, "continent": "Europe", "name": "Estonia", "iso_a3": "EST", "gdp_md_est": 38700.0, "lon_c": 1874326.6887577404, "lat_c": 6792876.4666275475 }, "geometry": { "type": "Polygon", "coordinates": [ [ [ 2032209.520878814626485, 6878657.685140859335661 ], [ 2032209.089729846222326, 6878657.395245661959052 ], [ 2046662.154869041172788, 6863456.178484625183046 ], [ 2006182.560033306246623, 6812906.197532951831818 ], [ 2046239.075181610882282, 6729929.643883544020355 ], [ 2020723.135830612853169, 6701373.317607957869768 ], [ 1959621.883654140401632, 6701541.176378240808845 ], [ 1889170.040274732513353, 6734918.453605367802083 ], [ 1854649.586021018680185, 6745898.00687696877867 ], [ 1794918.877514994936064, 6730066.421660874038935 ], [ 1793264.601940381107852, 6782719.509461658075452 ], [ 1768425.660795200383291, 6771518.822417332790792 ], [ 1715859.977205743547529, 6803033.423793436028063 ], [ 1699934.241070795804262, 6853536.370303008705378 ], [ 1787119.41502927034162, 6877829.953197604045272 ], [ 1875944.221283110789955, 6890441.631809909828007 ], [ 1957829.229858465958387, 6876086.047619256190956 ], [ 2032208.300641831709072, 6878658.967918062582612 ], [ 2032209.520878814626485, 6878657.685140859335661 ] ] ] } },
{ "type": "Feature", "properties": { "pop_est": 80594017, "continent": "Europe", "name": "Germany", "iso_a3": "DEU", "gdp_md_est": 3979000.0, "lon_c": 797572.85108292382, "lat_c": 6091437.5061048362 }, "geometry": { "type": "Polygon", "coordinates": [ [ [ 1081910.401116004912183, 6355372.576159195043147 ], [ 1104742.810636756243184, 6306439.102477116510272 ], [ 1085807.778612772934139, 6280627.957193198613822 ], [ 1117259.892069688765332, 6246008.459642794914544 ], [ 1141628.660796567797661, 6193727.220039793290198 ], [ 1138897.251344339922071, 6159826.853765017352998 ], [ 1177145.618398229824379, 6096626.388693313114345 ], [ 1143154.644262223038822, 6086248.623516359366477 ], [ 1121392.874800337012857, 6097679.308804137632251 ], [ 1103480.565978892846033, 6078737.931617110967636 ], [ 1048786.06879816390574, 6059416.808787828311324 ], [ 1021684.096890854067169, 6034490.899372481741011 ], [ 966144.386328893946484, 6012643.369487977586687 ], [ 982336.46001798287034, 5982724.296312777325511 ], [ 994086.096831149887294, 5940083.781259663403034 ], [ 1036592.626701580942608, 5915682.532934326678514 ], [ 1085202.270820702658966, 5871860.617158707231283 ], [ 1060892.525686985580251, 5824613.349414008669555 ], [ 1033135.422755840350874, 5811557.314186071045697 ], [ 1049768.22074143984355, 5744257.872882626019418 ], [ 1043609.210585964261554, 5726623.276919350028038 ], [ 1016850.318224134389311, 5747865.370311775244772 ], [ 977994.882239422993734, 5751045.864799103699625 ], [ 921669.400621734326705, 5732450.670396908186376 ], [ 850256.464553500176407, 5736875.111783710308373 ], [ 840460.242591961403377, 5709452.610709943808615 ], [ 797885.659645292791538, 5738306.569035795517266 ], [ 773875.110743372933939, 5732584.775425272062421 ], [ 685829.107741140644066, 5764270.023680573329329 ], [ 670423.978218388860114, 5741769.028049631975591 ], [ 601832.952453899779357, 5742495.122141974046826 ], [ 608704.904496470466256, 5816070.913840159773827 ], [ 645750.318677153787576, 5886218.807639190927148 ], [ 530080.62112627865281, 5904988.908693777397275 ], [ 491482.071733043470886, 5931603.106948097236454 ], [ 494217.617964612436481, 5975975.044216945767403 ], [ 477533.768616381508764, 5998736.775724126957357 ], [ 483820.22110365278786, 6066453.88926896546036 ], [ 466507.876798615441658, 6170308.83613882958889 ], [ 513302.748620567435864, 6170349.523395493626595 ], [ 531343.312212888966314, 6207300.529535020701587 ], [ 546356.130461853928864, 6296381.24447406642139 ], [ 530384.432551354169846, 6328985.509372069500387 ], [ 544368.067869852297008, 6349324.713379002176225 ], [ 608155.353397235274315, 6354535.819705688394606 ], [ 623578.830263187875971, 6333373.340461693704128 ], [ 672774.832686454872601, 6380592.706448542885482 ], [ 653109.327604480437003, 6416265.801965188235044 ], [ 646300.573206590022892, 6469846.972522642463446 ], [ 704433.567660232656635, 6457428.500068815425038 ], [ 751956.046379297506064, 6471761.972486051730812 ], [ 755930.521242021699436, 6435309.974985059350729 ], [ 834528.109898314578459, 6413224.702507525682449 ], [ 836360.782166450168006, 6379438.615747074596584 ], [ 912570.186117807403207, 6397338.003110597841442 ], [ 953140.525737340096384, 6423352.677830330096185 ], [ 1042777.052763333311304, 6385813.100934623740613 ], [ 1081910.401116004912183, 6355372.576159195043147 ] ] ] } },
{ "type": "Feature", "properties": { "pop_est": 7101510, "continent": "Europe", "name": "Bulgaria", "iso_a3": "BGR", "gdp_md_est": 143100.0, "lon_c": 2098544.4968516314, "lat_c": 5223145.7529340014 }, "geometry": { "type": "Polygon", "coordinates": [ [ [ 1872088.581704767420888, 5384980.753117900341749 ], [ 1901299.926388420630246, 5340722.014790478162467 ], [ 1932425.09699648222886, 5348617.55521703325212 ], [ 1998222.386025071609765, 5331794.55502790864557 ], [ 2120756.497199970763177, 5326114.334769499488175 ], [ 2158068.100621942430735, 5353626.697389672510326 ], [ 2251882.575506506487727, 5378647.039316804148257 ], [ 2317895.946441486012191, 5339501.249347939155996 ], [ 2368342.016340635251254, 5328168.024354171939194 ], [ 2331931.37300579296425, 5283343.779954227618873 ], [ 2312725.738348969258368, 5205544.578201457858086 ], [ 2348595.238432997837663, 5143124.084151869639754 ], [ 2274352.486559799406677, 5157827.213547931052744 ], [ 2193514.88004920585081, 5123314.747428010217845 ], [ 2199726.39173711463809, 5068482.97314845956862 ], [ 2124434.395054869819432, 5058061.071112142875791 ], [ 2060357.102042117388919, 5096588.665156059898436 ], [ 1996571.131466598715633, 5066296.047682728618383 ], [ 1933873.852151818340644, 5069486.495411607436836 ], [ 1919579.922526172362268, 5142239.807214861735702 ], [ 1873575.227213344769552, 5177397.369901507161558 ], [ 1885570.727528440766037, 5192821.400203494355083 ], [ 1875010.379943635780364, 5205809.618631557561457 ], [ 1885026.022799103520811, 5240481.887236444279552 ], [ 1912751.825562265468761, 5274449.866892268881202 ], [ 1866787.043445671908557, 5321185.078067855909467 ], [ 1854642.002520954702049, 5360581.200578544288874 ], [ 1872088.581704767420888, 5384980.753117900341749 ] ] ] } },
{ "type": "Feature", "properties": { "pop_est": 10768477, "continent": "Europe", "name": "Greece", "iso_a3": "GRC", "gdp_md_est": 290500.0, "lon_c": 1863493.2733050794, "lat_c": 4818028.1778145209 }, "geometry": { "type": "MultiPolygon", "coordinates": [ [ [ [ 2295878.134851470123976, 4387007.294353800825775 ], [ 2288589.912354511208832, 4352886.553171996027231 ], [ 2163618.246534803882241, 4343041.623342412523925 ], [ 2162584.584050714503974, 4362145.880452058278024 ], [ 2053760.060663283104077, 4384696.25644370354712 ], [ 2065140.140157351037487, 4433743.027745917439461 ], [ 2116656.452355002053082, 4394866.672475698404014 ], [ 2183929.404279482550919, 4401445.714556271210313 ], [ 2249740.151965328026563, 4393249.12333413772285 ], [ 2249741.193085096310824, 4373136.407262371852994 ], [ 2295878.134851470123976, 4387007.294353800825775 ] ] ], [ [ [ 1933873.852151818340644, 5069486.495411607436836 ], [ 1996571.131466598715633, 5066296.047682728618383 ], [ 2060357.102042117388919, 5096588.665156059898436 ], [ 2124434.395054869819432, 5058061.071112142875791 ], [ 2199726.39173711463809, 5068482.97314845956862 ], [ 2193514.88004920585081, 5123314.747428010217845 ], [ 2238301.480181839317083, 5094190.341101625002921 ], [ 2221211.942142939660698, 5025085.540966558270156 ], [ 2202713.522869456093758, 5012664.43484921939671 ], [ 2150819.367778978776187, 5015813.759469182230532 ], [ 2105442.202910881023854, 5026281.234952248632908 ], [ 2006471.713868272490799, 4997474.071323315612972 ], [ 2072451.845346893649548, 4934959.881547820754349 ], [ 2031379.905653393827379, 4916779.90423231665045 ], [ 1984052.75317540159449, 4916667.428750650025904 ], [ 1932837.999214152572677, 4974029.652118219994009 ], [ 1919587.151832839706913, 4949617.522877839393914 ], [ 1945762.32882838207297, 4882952.495756199583411 ], [ 1994089.020941895665601, 4830343.030850956216455 ], [ 1964508.521528160432354, 4805713.32477808650583 ], [ 2017709.079947212478146, 4753765.891427700407803 ], [ 2063707.263368298299611, 4720984.810629418119788 ], [ 2071845.910602178191766, 4656915.272810583002865 ], [ 1989047.033761970466003, 4687000.233263816684484 ], [ 2020412.173406610963866, 4629045.075629720464349 ], [ 1966797.218942342791706, 4617088.660710893571377 ], [ 2009587.257180446526036, 4516218.621721690520644 ], [ 1952077.285722984699532, 4514784.649549359455705 ], [ 1876299.818764677271247, 4564587.885834391228855 ], [ 1835379.838127464987338, 4655775.946174438111484 ], [ 1813203.70174982631579, 4731203.104471786879003 ], [ 1774844.444567157421261, 4783091.105760604143143 ], [ 1725008.685539258876815, 4847204.841200978495181 ], [ 1716230.671443781349808, 4879112.620301614515483 ], [ 1750557.210362081648782, 4933289.306918584741652 ], [ 1752072.681376, 4969471.39138712733984 ], [ 1777983.127866098890081, 4985583.458980992436409 ], [ 1776710.050844957120717, 5014725.896702743135393 ], [ 1830962.892256293445826, 5024533.425091467797756 ], [ 1860554.580825066426769, 5048712.944717419333756 ], [ 1906508.742236899212003, 5046571.196096188388765 ], [ 1918225.978805071441457, 5065823.595012755133212 ], [ 1933873.852151818340644, 5069486.495411607436836 ] ] ] ] } },
{ "type": "Feature", "properties": { "pop_est": 80845215, "continent": "Asia", "name": "Turkey", "iso_a3": "TUR", "gdp_md_est": 1670000.0, "lon_c": 3037966.5340757901, "lat_c": 4767651.6543966569 }, "geometry": { "type": "MultiPolygon", "coordinates": [ [ [ [ 3869459.100085064768791, 4601748.47142566088587 ], [ 3831738.52246118336916, 4582471.471805757842958 ], [ 3795822.322377419564873, 4611529.608383493497968 ], [ 3692605.626217325218022, 4626229.688130657188594 ], [ 3658797.958087114151567, 4608525.482119096443057 ], [ 3563694.842621655203402, 4590786.443303235806525 ], [ 3516761.053520935121924, 4592717.814552119001746 ], [ 3424561.857210397254676, 4549841.987305518239737 ], [ 3353336.541940986178815, 4549484.252447564154863 ], [ 3303699.20166316209361, 4571013.891462214291096 ], [ 3213455.069097319152206, 4539195.222684498876333 ], [ 3181585.423779657576233, 4561447.767282964661717 ], [ 3186871.393749045208097, 4497540.43910823110491 ], [ 3167453.491657762788236, 4472372.331570087000728 ], [ 3147961.984132607467473, 4447165.900515884160995 ], [ 3108136.221538640093058, 4499296.226329930126667 ], [ 3134428.827338883653283, 4542351.541505605913699 ], [ 3083041.681590021587908, 4532599.565783790312707 ], [ 3006603.013269579503685, 4558933.454028529115021 ], [ 2956581.066206544172019, 4492978.071791168302298 ], [ 2826469.134550993330777, 4480067.243470299057662 ], [ 2747826.68529611825943, 4541626.855811142362654 ], [ 2653881.871549849398434, 4545471.753387133590877 ], [ 2640035.926726202014834, 4497917.118784786202013 ], [ 2581701.281832145527005, 4484294.799791790544987 ], [ 2490206.682693492155522, 4545353.462574269622564 ], [ 2395833.796576723922044, 4543292.105218211188912 ], [ 2331172.722312497906387, 4656727.348485841415823 ], [ 2260847.031706554815173, 4719642.69926218688488 ], [ 2291955.914883377961814, 4807384.723928934894502 ], [ 2231248.576357066631317, 4861038.260705281049013 ], [ 2312024.344325488898903, 4967805.097618999890983 ], [ 2441921.816569866146892, 4972251.914800461381674 ], [ 2465523.016017936170101, 5056460.241272298619151 ], [ 2628470.872663666959852, 5041832.384098580107093 ], [ 2718452.5149553748779, 5113352.774009689688683 ], [ 2811154.746053587179631, 5144396.538127654232085 ], [ 2949516.613203074783087, 5146728.557149015367031 ], [ 3110202.856431991327554, 5069195.710149683989584 ], [ 3239127.615807482972741, 5026449.996306587941945 ], [ 3334227.430009377654642, 5043506.448952680453658 ], [ 3408816.977958125062287, 5033653.204314598813653 ], [ 3496688.814335502218455, 5091276.461023756302893 ], [ 3585235.66852619452402, 5096509.012844823300838 ], [ 3677932.695982697885484, 5042332.340869755484164 ], [ 3700592.277850514743477, 5003360.917568478733301 ], [ 3703827.628260417375714, 4949283.786789796315134 ], [ 3772772.4328757612966, 4921577.994981130585074 ], [ 3813152.411798939108849, 4888958.841853646561503 ], [ 3761448.220786313060671, 4857062.005668285302818 ], [ 3814336.394849766045809, 4727918.584864378906786 ], [ 3804477.462895456701517, 4692848.365294152870774 ], [ 3869458.196544163394719, 4601749.96252507250756 ], [ 3869459.100085064768791, 4601748.47142566088587 ] ] ], [ [ [ 2193514.88004920585081, 5123314.747428010217845 ], [ 2274352.486559799406677, 5157827.213547931052744 ], [ 2348595.238432997837663, 5143124.084151869639754 ], [ 2364517.743206118233502, 5100880.610790777020156 ], [ 2443049.627942198887467, 5065286.571173866279423 ], [ 2431546.044087352696806, 5038220.693305634893477 ], [ 2332140.980402684304863, 5032120.81987595371902 ], [ 2300652.649259441997856, 4997855.334362641908228 ], [ 2237646.741865300573409, 4937969.276333422400057 ], [ 2204456.350770150776953, 4989774.787017066031694 ], [ 2202713.522869456093758, 5012664.43484921939671 ], [ 2221211.942142939660698, 5025085.540966558270156 ], [ 2238301.480181839317083, 5094190.341101625002921 ], [ 2193514.88004920585081, 5123314.747428010217845 ] ] ] ] } },
{ "type": "Feature", "properties": { "pop_est": 3047987, "continent": "Europe", "name": "Albania", "iso_a3": "ALB", "gdp_md_est": 33900.0, "lon_c": 1683360.1788161341, "lat_c": 5059529.4414162897 }, "geometry": { "type": "Polygon", "coordinates": [ [ [ 1776710.050844957120717, 5014725.896702743135393 ], [ 1777983.127866098890081, 4985583.458980992436409 ], [ 1752072.681376, 4969471.39138712733984 ], [ 1750557.210362081648782, 4933289.306918584741652 ], [ 1716230.671443781349808, 4879112.620301614515483 ], [ 1701015.318703461438417, 4886944.491631908342242 ], [ 1696998.085254888981581, 4911532.947189399972558 ], [ 1646447.7475587928202, 4948973.059547257609665 ], [ 1634137.537341450108215, 5001922.408645618706942 ], [ 1634106.136451260419562, 5077380.775015949271619 ], [ 1642275.537026580655947, 5111562.866223509423435 ], [ 1626452.72830629744567, 5128877.263435950502753 ], [ 1626452.638219972839579, 5128877.611260439269245 ], [ 1617402.988395606167614, 5163770.309096746146679 ], [ 1648300.749573393957689, 5217581.077739185653627 ], [ 1655695.736353407613933, 5197051.728214830160141 ], [ 1677200.836463618092239, 5206716.271968136541545 ], [ 1698045.005240003578365, 5177397.369901503436267 ], [ 1719238.220435813535005, 5166192.803506629541516 ], [ 1729007.50396990031004, 5126445.910476260818541 ], [ 1729007.632182950852439, 5126445.387865182943642 ], [ 1722163.626786140259355, 5089010.910104705020785 ], [ 1738930.237312512937933, 5041678.107816630974412 ], [ 1776710.050844957120717, 5014725.896702743135393 ] ] ] } },
{ "type": "Feature", "properties": { "pop_est": 4292095, "continent": "Europe", "name": "Croatia", "iso_a3": "HRV", "gdp_md_est": 94240.0, "lon_c": 1284835.3984621638, "lat_c": 5418203.5653717481 }, "geometry": { "type": "Polygon", "coordinates": [ [ [ 1346449.823500231606886, 5625970.490276467055082 ], [ 1373529.609249100554734, 5613038.044227220118046 ], [ 1438892.413119538221508, 5567857.98065721988678 ], [ 1508427.075532828457654, 5547534.5015839189291 ], [ 1537294.951276527019218, 5563327.633169814012945 ], [ 1561531.735528836026788, 5522326.509333359077573 ], [ 1590815.281559121329337, 5492055.861947637982666 ], [ 1563438.007334747817367, 5451954.962330062873662 ], [ 1523820.29762609815225, 5475563.586022071540356 ], [ 1467177.052072786493227, 5474088.033740072511137 ], [ 1394901.668610174674541, 5491764.529016403481364 ], [ 1356787.18922057049349, 5489406.082867403514683 ], [ 1340993.313118418445811, 5467307.75505034159869 ], [ 1309349.304573865607381, 5491764.529016403481364 ], [ 1296019.216583712724969, 5447520.503740821033716 ], [ 1340737.436486531514674, 5397459.80203394126147 ], [ 1361586.166971389669925, 5364152.777109547518194 ], [ 1403253.977753529790789, 5323876.058973065577447 ], [ 1437065.110101431375369, 5299936.396723289974034 ], [ 1472623.371889797737822, 5254622.855170061811805 ], [ 1550321.366234892979264, 5213410.781402977183461 ], [ 1542890.389941777801141, 5194856.416462607681751 ], [ 1542890.351175647461787, 5194856.319769646972418 ], [ 1460644.149946093093604, 5235201.012735527008772 ], [ 1408819.716314445715398, 5274323.722654927521944 ], [ 1330001.40302555821836, 5306524.25021871458739 ], [ 1253744.445333247538656, 5385869.014820734038949 ], [ 1269751.26948393904604, 5393893.428823894821107 ], [ 1228445.134090230567381, 5438947.328709555789828 ], [ 1223953.114137936849147, 5474974.491013350896537 ], [ 1169825.901626678183675, 5491764.529016403481364 ], [ 1148221.918178758816794, 5445748.448578295297921 ], [ 1121235.137329816818237, 5481458.228069189935923 ], [ 1120267.726791754132137, 5518363.148447099141777 ], [ 1123056.180837765103206, 5520079.147129193879664 ], [ 1180414.514778725337237, 5516454.930207030847669 ], [ 1193951.421557261608541, 5534349.780676612630486 ], [ 1223224.498783918330446, 5517041.689994187094271 ], [ 1255541.474166944855824, 5514985.142723274417222 ], [ 1252690.692129731876776, 5544603.604185677133501 ], [ 1280146.831250909017399, 5555431.690827566199005 ], [ 1284268.468385061016306, 5598046.128996627405286 ], [ 1346449.823500231606886, 5625970.490276467055082 ] ] ] } },
{ "type": "Feature", "properties": { "pop_est": 8236303, "continent": "Europe", "name": "Switzerland", "iso_a3": "CHE", "gdp_md_est": 496300.0, "lon_c": 672012.77904310194, "lat_c": 5658025.4859198909 }, "geometry": { "type": "Polygon", "coordinates": [ [ [ 773875.110743372933939, 5732584.775425272062421 ], [ 778048.165974192554131, 5714145.977675666101277 ], [ 767114.969448410207406, 5688651.061388953588903 ], [ 804832.969013166846707, 5669642.701580241322517 ], [ 846352.009799760882743, 5666801.820986261591315 ], [ 842500.713943285867572, 5623851.984753808006644 ], [ 807696.540581804700196, 5606126.5396389933303 ], [ 746771.681785751017742, 5619298.768557691015303 ], [ 731335.046797254355624, 5576846.028516673482955 ], [ 692643.078430265770294, 5573492.811881809495389 ], [ 677711.860304592642933, 5590204.128994067199528 ], [ 633601.846519938670099, 5554410.047450332902372 ], [ 594421.214303995249793, 5549382.283153870142996 ], [ 558384.133952236617915, 5572014.860354822129011 ], [ 528643.464625965803862, 5618191.35030060634017 ], [ 490378.876719131309073, 5601717.387973719276488 ], [ 489929.487732360896189, 5649249.150853520259261 ], [ 546955.12943721585907, 5707914.524805312976241 ], [ 543305.748538807500154, 5734322.601104740984738 ], [ 580459.902133955620229, 5724765.899464630521834 ], [ 601832.952453899779357, 5742495.122141974046826 ], [ 670423.978218388860114, 5741769.028049631975591 ], [ 685829.107741140644066, 5764270.023680573329329 ], [ 773875.110743372933939, 5732584.775425272062421 ] ] ] } },
{ "type": "Feature", "properties": { "pop_est": 594130, "continent": "Europe", "name": "Luxembourg", "iso_a3": "LUX", "gdp_md_est": 58740.0, "lon_c": 472887.2123705066, "lat_c": 5957120.3844350707 }, "geometry": { "type": "Polygon", "coordinates": [ [ [ 477533.768616381508764, 5998736.775724126957357 ], [ 494217.617964612436481, 5975975.044216945767403 ], [ 491482.071733043470886, 5931603.106948097236454 ], [ 468636.170793111261446, 5929457.984023691155016 ], [ 450546.829287990403827, 5938265.724653194658458 ], [ 457076.536940928956028, 5994938.933555957861245 ], [ 477533.768616381508764, 5998736.775724126957357 ] ] ] } },
{ "type": "Feature", "properties": { "pop_est": 11491346, "continent": "Europe", "name": "Belgium", "iso_a3": "BEL", "gdp_md_est": 508600.0, "lon_c": 372982.63263722998, "lat_c": 6044038.5635801665 }, "geometry": { "type": "Polygon", "coordinates": [ [ [ 483820.22110365278786, 6066453.88926896546036 ], [ 477533.768616381508764, 5998736.775724126957357 ], [ 457076.536940928956028, 5994938.933555957861245 ], [ 450546.829287990403827, 5938265.724653194658458 ], [ 379682.373598940204829, 5984363.18632544670254 ], [ 339295.554452341340948, 5976507.054341093637049 ], [ 282964.160464229702484, 6023954.465597314760089 ], [ 245487.737870542070596, 6064122.661563018336892 ], [ 208923.642894336488098, 6065768.003596966154873 ], [ 196964.18608822877286, 6100783.289263910613954 ], [ 259334.129161751829088, 6120355.959821162745357 ], [ 259337.294462251156801, 6120355.531094518490136 ], [ 259334.185275939787971, 6120353.39960618596524 ], [ 316815.254041306732688, 6112571.433517457917333 ], [ 388699.691479699395131, 6133151.199767084792256 ], [ 439770.94739802920958, 6089727.442271429114044 ], [ 483820.22110365278786, 6066453.88926896546036 ] ] ] } },
{ "type": "Feature", "properties": { "pop_est": 17084719, "continent": "Europe", "name": "Netherlands", "iso_a3": "NLD", "gdp_md_est": 870800.0, "lon_c": 419793.07257357799, "lat_c": 6188825.0264652576 }, "geometry": { "type": "Polygon", "coordinates": [ [ [ 530384.432551354169846, 6328985.509372069500387 ], [ 546356.130461853928864, 6296381.24447406642139 ], [ 531343.312212888966314, 6207300.529535020701587 ], [ 513302.748620567435864, 6170349.523395493626595 ], [ 466507.876798615441658, 6170308.83613882958889 ], [ 483820.22110365278786, 6066453.88926896546036 ], [ 439770.94739802920958, 6089727.442271429114044 ], [ 388699.691479699395131, 6133151.199767084792256 ], [ 316815.254041306732688, 6112571.433517457917333 ], [ 259334.185275939787971, 6120353.39960618596524 ], [ 259337.294462251156801, 6120355.531094518490136 ], [ 298957.144704849284608, 6147531.701277229934931 ], [ 362704.79287000495242, 6291329.181660824455321 ], [ 466442.745204636710696, 6331701.538355047814548 ], [ 530384.432551354169846, 6328985.509372069500387 ] ] ] } },
{ "type": "Feature", "properties": { "pop_est": 10839514, "continent": "Europe", "name": "Portugal", "iso_a3": "PRT", "gdp_md_est": 297100.0, "lon_c": -713217.40351240488, "lat_c": 4866321.2289824039 }, "geometry": { "type": "Polygon", "coordinates": [ [ [ -758547.763188221491873, 5129209.232853291556239 ], [ -726862.399005019571632, 5157082.708294932730496 ], [ -691987.978163518826477, 5173044.249788819812238 ], [ -673168.530474680359475, 5119357.036486766301095 ], [ -623543.535652352380566, 5119487.65532146114856 ], [ -608656.23125192290172, 5133356.683230940252542 ], [ -559874.29387084254995, 5129518.49552105832845 ], [ -538165.750659034121782, 5074320.541376965120435 ], [ -578093.785346885328181, 5044426.235185133293271 ], [ -582063.109312863089144, 4957889.228796043433249 ], [ -596381.490204587113112, 4941594.060361575335264 ], [ -601557.838541680946946, 4888834.579095594584942 ], [ -638660.544379743048921, 4879624.472292001359165 ], [ -606760.171967447386123, 4812368.695734970271587 ], [ -632847.196656532585621, 4738295.648763539269567 ], [ -604316.874549415195361, 4704654.899762983433902 ], [ -617097.334588433383033, 4673824.859922245144844 ], [ -650423.564068211242557, 4631198.19272181019187 ], [ -644452.812196341576055, 4593460.813301519490778 ], [ -680204.386682170908898, 4563819.898982542566955 ], [ -725274.279966388246976, 4579886.714551739394665 ], [ -770403.637331667239778, 4567310.98662896733731 ], [ -753783.389065478811972, 4656498.312594358809292 ], [ -759132.429713574936613, 4726217.595832427963614 ], [ -797122.4020070618717, 4736648.425259056501091 ], [ -815796.51664427050855, 4779422.130860512144864 ], [ -805777.249652024707757, 4853017.98567280638963 ], [ -770049.507893033558503, 4893665.554725482128561 ], [ -762091.949409711523913, 4938784.145644938573241 ], [ -741557.300329869496636, 5005627.252579711377621 ], [ -741416.964314776356332, 5052521.521378586068749 ], [ -756517.593237948138267, 5092135.897925158031285 ], [ -758547.763188221491873, 5129209.232853291556239 ] ] ] } },
{ "type": "Feature", "properties": { "pop_est": 48958159, "continent": "Europe", "name": "Spain", "iso_a3": "ESP", "gdp_md_est": 1690000.0, "lon_c": -299270.68329626904, "lat_c": 4911838.1875310093 }, "geometry": { "type": "Polygon", "coordinates": [ [ [ -644452.812196341576055, 4593460.813301519490778 ], [ -650423.564068211242557, 4631198.19272181019187 ], [ -617097.334588433383033, 4673824.859922245144844 ], [ -604316.874549415195361, 4704654.899762983433902 ], [ -632847.196656532585621, 4738295.648763539269567 ], [ -606760.171967447386123, 4812368.695734970271587 ], [ -638660.544379743048921, 4879624.472292001359165 ], [ -601557.838541680946946, 4888834.579095594584942 ], [ -596381.490204587113112, 4941594.060361575335264 ], [ -582063.109312863089144, 4957889.228796043433249 ], [ -578093.785346885328181, 5044426.235185133293271 ], [ -538165.750659034121782, 5074320.541376965120435 ], [ -559874.29387084254995, 5129518.49552105832845 ], [ -608656.23125192290172, 5133356.683230940252542 ], [ -623543.535652352380566, 5119487.65532146114856 ], [ -673168.530474680359475, 5119357.036486766301095 ], [ -691987.978163518826477, 5173044.249788819812238 ], [ -726862.399005019571632, 5157082.708294932730496 ], [ -758547.763188221491873, 5129209.232853291556239 ], [ -750760.069523442187347, 5207168.563656087964773 ], [ -782598.206433223444037, 5254412.25635043811053 ], [ -661449.977734159328975, 5332581.079711356200278 ], [ -560694.233085339539684, 5313088.754625394940376 ], [ -449224.210704576515127, 5313773.213068625889719 ], [ -361324.869502180546988, 5295292.426808153279126 ], [ -292217.223845662607346, 5300971.242445974610746 ], [ -157989.697202854877105, 5297388.040901123546064 ], [ -125201.90188631406636, 5255215.319546665064991 ], [ 28250.488319709023926, 5205725.031896905973554 ], [ 58546.609039447444957, 5229293.087341122329235 ], [ 152905.606710824504262, 5179926.551120270974934 ], [ 249717.056702963629505, 5194094.323554464615881 ], [ 255170.486726471048314, 5130477.444530600681901 ], [ 176377.572648848989047, 5057133.698487936519086 ], [ 68433.888904359439039, 5033770.412833718582988 ], [ 61034.06320715106267, 4996496.496894452720881 ], [ 9059.100127962745319, 4934841.795966423116624 ], [ -23784.506714054539771, 4843810.315615187399089 ], [ 9530.186400695776683, 4779544.444981031119823 ], [ -40107.906776053307112, 4729172.281849296763539 ], [ -58901.047439285706787, 4655476.4183917818591 ], [ -124116.763443874049699, 4632809.893006594851613 ], [ -186030.338593792461324, 4545045.902380251325667 ], [ -296066.867810428899247, 4543300.978198572061956 ], [ -378639.237341174099129, 4545468.79612743947655 ], [ -433779.040745077654719, 4505001.233503370545805 ], [ -467926.231830794480629, 4461588.688803929835558 ], [ -510269.396609958144836, 4471130.593892270699143 ], [ -541457.31005631852895, 4509930.723018526099622 ], [ -564236.975626487983391, 4575778.559956023469567 ], [ -644452.812196341576055, 4593460.813301519490778 ] ] ] } },
{ "type": "Feature", "properties": { "pop_est": 5011102, "continent": "Europe", "name": "Ireland", "iso_a3": "IRL", "gdp_md_est": 322000.0, "lon_c": -599439.94031109242, "lat_c": 6331608.3803437706 }, "geometry": { "type": "Polygon", "coordinates": [ [ [ -474443.943021465151105, 6365953.916615845635533 ], [ -464730.904652988072485, 6297262.844071694649756 ], [ -527006.522697126027197, 6210401.545854793861508 ], [ -667966.479911603964865, 6152343.633982478640974 ], [ -777405.813765481230803, 6167241.379792384803295 ], [ -707867.871851465082727, 6269318.126332827843726 ], [ -741559.394907620269805, 6367273.51429941598326 ], [ -632977.75686649850104, 6441728.049891325645149 ], [ -573101.462567763985135, 6485712.336044096387923 ], [ -560209.554871639236808, 6435234.198348940350115 ], [ -578655.068006333895028, 6384329.740507056936622 ], [ -531329.879900216707028, 6385640.634900261647999 ], [ -474443.943021465151105, 6365953.916615845635533 ] ] ] } },
{ "type": "Feature", "properties": { "pop_est": 279070, "continent": "Oceania", "name": "New Caledonia", "iso_a3": "NCL", "gdp_md_est": 10770.0, "lon_c": 15350793.59746765, "lat_c": -2719075.6300656768 }, "geometry": { "type": "Polygon", "coordinates": [ [ [ 15375598.890019007027149, -2677594.670787532348186 ], [ 15421476.618217520415783, -2754423.807320111431181 ], [ 15446604.067814344540238, -2811311.414666253142059 ], [ 15399320.073360560461879, -2840953.916895052418113 ], [ 15362140.75953914783895, -2807569.131553133949637 ], [ 15318283.171831348910928, -2751897.112665680702776 ], [ 15284153.582132380455732, -2686254.147465673275292 ], [ 15255683.365946251899004, -2598705.138524875976145 ], [ 15258243.929634675383568, -2556524.860762512311339 ], [ 15297626.810195960104465, -2558312.792626526672393 ], [ 15334157.810865499079227, -2600600.269996825605631 ], [ 15359176.634217601269484, -2642846.052708011120558 ], [ 15375598.890019007027149, -2677594.670787532348186 ] ] ] } },
{ "type": "Feature", "properties": { "pop_est": 647581, "continent": "Oceania", "name": "Solomon Is.", "iso_a3": "SLB", "gdp_md_est": 1198.0, "lon_c": 15237090.929440338, "lat_c": -1218495.5776024899 }, "geometry": { "type": "MultiPolygon", "coordinates": [ [ [ [ 15408067.266216928139329, -1343131.150310182478279 ], [ 15426450.620866419747472, -1386902.049974729539827 ], [ 15360241.682080062106252, -1386092.679855078225955 ], [ 15338498.829662417992949, -1307708.151791407493874 ], [ 15389743.860443610697985, -1338542.002873324090615 ], [ 15408067.266216928139329, -1343131.150310182478279 ] ] ], [ [ [ 15386090.848550261929631, -1230585.71269293082878 ], [ 15367782.710468517616391, -1254099.685772764729336 ], [ 15315237.395174643024802, -1143475.584028820041567 ], [ 15306805.707234483212233, -1067135.680925271008164 ], [ 15339218.133356455713511, -1067135.680925271008164 ], [ 15358016.621640138328075, -1169328.53221031697467 ], [ 15386090.848550261929631, -1230585.71269293082878 ] ] ], [ [ [ 15301426.247401215136051, -1265402.786501860246062 ], [ 15263873.964592844247818, -1268243.150697453180328 ], [ 15207744.097828142344952, -1255338.817149307345971 ], [ 15191111.854662491008639, -1235688.538791097234935 ], [ 15205354.28601486608386, -1185022.793545519933105 ], [ 15264951.216294180601835, -1205106.63239548006095 ], [ 15291522.712297275662422, -1231884.522809499874711 ], [ 15301426.247401215136051, -1265402.786501860246062 ] ] ], [ [ [ 15222600.309681059792638, -1028788.263385175145231 ], [ 15239288.636443804949522, -1069348.222418892430142 ], [ 15239587.713829290121794, -1095029.890436457004398 ], [ 15172651.932759061455727, -1040825.820540519780479 ], [ 15126682.001848299056292, -994874.790828946162947 ], [ 15096431.011594954878092, -952282.774145795963705 ], [ 15112272.520465536043048, -939250.040560566470958 ], [ 15152260.008026523515582, -969954.880590484128334 ], [ 15222600.309681059792638, -1028788.263385175145231 ] ] ], [ [ [ 15000489.610318830236793, -901062.426809656084515 ], [ 15033428.719292284920812, -942807.577030288986862 ], [ 15013526.258659601211548, -950094.226469189510681 ], [ 14975387.101910660043359, -920931.605201861006208 ], [ 14942377.242971358820796, -868327.950661762617528 ], [ 14949697.082400914281607, -846994.242251085001044 ], [ 15000489.610318830236793, -901062.426809656084515 ] ] ] ] } },
{ "type": "Feature", "properties": { "pop_est": 4510327, "continent": "Oceania", "name": "New Zealand", "iso_a3": "NZL", "gdp_md_est": 174800.0, "lon_c": 15188649.33119932, "lat_c": -4695448.8667517416 }, "geometry": { "type": "MultiPolygon", "coordinates": [ [ [ [ 15024686.65996122546494, -4928380.014038031920791 ], [ 14941861.968236511573195, -4988337.594698099419475 ], [ 14834732.304322427138686, -5064148.606996108777821 ], [ 14731365.417518675327301, -5108078.84656542353332 ], [ 14742107.795227568596601, -5079181.169985822401941 ], [ 14720727.122727336362004, -5063287.275499381124973 ], [ 14847140.894215598702431, -4972165.680967912077904 ], [ 14870561.486661914736032, -4910854.866631656885147 ], [ 14815641.311090236529708, -4866107.508634280413389 ], [ 14850878.28315662778914, -4825466.870758344419301 ], [ 14944092.619738724082708, -4786211.844668050296605 ], [ 15027173.335935221984982, -4699221.227532767690718 ], [ 15079844.55765019915998, -4625758.865044040605426 ], [ 15102520.055376376956701, -4549274.266862993128598 ], [ 15119861.715187711641192, -4529091.956520802341402 ], [ 15113185.46283920481801, -4481723.885586066171527 ], [ 15117767.449646476656199, -4379741.633447383530438 ], [ 15138284.476991705596447, -4297701.694506038911641 ], [ 15177087.818583494052291, -4288588.567171383649111 ], [ 15180021.461179755628109, -4353024.091075520031154 ], [ 15226837.784929180517793, -4383020.935417194850743 ], [ 15177316.233342595398426, -4485677.94858868047595 ], [ 15150033.196679560467601, -4606157.045408894307911 ], [ 15210683.126309432089329, -4528103.196436572819948 ], [ 15226389.850363517180085, -4559323.407954170368612 ], [ 15173444.096354657784104, -4645588.646026335656643 ], [ 15213933.72497052885592, -4682603.782543405890465 ], [ 15264926.497232604771852, -4691676.505970714613795 ], [ 15348207.507144931703806, -4648368.186226753517985 ], [ 15381569.300274351611733, -4661501.014078835956752 ], [ 15280491.157704025506973, -4761984.689405268058181 ], [ 15200840.428850442171097, -4827684.538279066793621 ], [ 15137523.503264846280217, -4825373.976611531339586 ], [ 15086695.76893269084394, -4859483.154802398756146 ], [ 15054608.582005864009261, -4907617.262369607575238 ], [ 15024686.65996122546494, -4928380.014038031920791 ] ] ], [ [ [ 14085442.549452520906925, -5311728.029439417645335 ], [ 14207342.151300529018044, -5254962.545545037835836 ], [ 14307273.341659242287278, -5198434.166924529708922 ], [ 14415396.822561256587505, -5116778.38581345975399 ], [ 14471122.213160092011094, -5088936.8341772723943 ], [ 14535905.9100442212075, -5027282.26059428229928 ], [ 14638114.869740864261985, -4976025.305606839247048 ], [ 14617343.831596836447716, -5023180.144060553982854 ], [ 14597673.02493691816926, -5068825.023095820099115 ], [ 14695872.778077142313123, -5024026.990875644609332 ], [ 14680331.433165565133095, -5070717.914265164174139 ], [ 14640223.716784298419952, -5117062.396739292889833 ], [ 14564409.953423283994198, -5167869.292854012921453 ], [ 14438144.569056760519743, -5248261.035335056483746 ], [ 14356129.067780066281557, -5291917.310133176855743 ], [ 14339165.88464611209929, -5343909.80613876786083 ], [ 14274023.712764758616686, -5345241.528236071579158 ], [ 14165858.380258973687887, -5385796.779264379292727 ], [ 14078409.863905047997832, -5455890.94062771089375 ], [ 13929395.61693288013339, -5563333.587444140575826 ], [ 13819710.639634249731898, -5610424.999161954037845 ], [ 13749873.416635869070888, -5640391.717755567282438 ], [ 13677262.620594087988138, -5638159.859392453916371 ], [ 13658087.405090691521764, -5603527.976156192831695 ], [ 13576654.080184333026409, -5596131.030987118370831 ], [ 13599644.943700747564435, -5557392.673261829651892 ], [ 13717038.785234330222011, -5478690.127196760848165 ], [ 13917209.892457775771618, -5373054.404334692284465 ], [ 13988934.113692510873079, -5352799.816787201911211 ], [ 14085442.549452520906925, -5311728.029439417645335 ] ] ] ] } },
{ "type": "Feature", "properties": { "pop_est": 23232413, "continent": "Oceania", "name": "Australia", "iso_a3": "AUS", "gdp_md_est": 1189000.0, "lon_c": 12172311.891876301, "lat_c": -3089546.0957380356 }, "geometry": { "type": "MultiPolygon", "coordinates": [ [ [ [ 11192517.46055500395596, -4027077.216024971567094 ], [ 11070467.953721668571234, -4087402.745752618182451 ], [ 10981096.285440161824226, -4114486.496550615876913 ], [ 10935063.21912850625813, -4175893.983586444053799 ], [ 10879806.885506508871913, -4223341.549174133688211 ], [ 10803787.272130845114589, -4226173.811215234920382 ], [ 10743598.139308836311102, -4236540.980350671336055 ], [ 10675934.356171371415257, -4215276.253240796737373 ], [ 10606683.443456418812275, -4228005.509807107038796 ], [ 10543786.178885428234935, -4233354.950345422141254 ], [ 10462293.624482877552509, -4295408.842322912998497 ], [ 10439209.352145435288548, -4290155.779779192060232 ], [ 10379689.24949992634356, -4322969.480431825853884 ], [ 10320058.713202863931656, -4359801.53570903185755 ], [ 10258433.969739718362689, -4355255.615648556500673 ], [ 10199822.015137523412704, -4355213.739806337282062 ], [ 10141333.887169329449534, -4281122.909090942703187 ], [ 10104196.242572465911508, -4259032.120285797864199 ], [ 10136081.421846447512507, -4192206.24213511031121 ], [ 10186906.419021110981703, -4176292.749620541930199 ], [ 10213652.567469960078597, -4149653.533831838518381 ], [ 10228990.474596844986081, -4107550.847887076437473 ], [ 10275022.879012083634734, -4025792.471584296785295 ], [ 10294512.823999127373099, -3955842.237734470516443 ], [ 10296248.944985331967473, -3835979.653315325733274 ], [ 10308444.55564652197063, -3767990.622649713885039 ], [ 10338617.190022841095924, -3699941.415385740809143 ], [ 10332224.906890219077468, -3621939.36614456679672 ], [ 10342984.830270942300558, -3586640.392669412773103 ], [ 10320442.762922767549753, -3538705.804599565919489 ], [ 10342719.893331794068217, -3444168.180975957773626 ], [ 10323717.750276373699307, -3348268.722412444651127 ], [ 10328390.847225949168205, -3296446.110876150429249 ], [ 10350847.362739546224475, -3348983.680223867762834 ], [ 10357424.935290168970823, -3236156.144000840838999 ], [ 10391143.38468899205327, -3271469.256395064294338 ], [ 10402458.302416270598769, -3318555.931624604854733 ], [ 10421622.203898519277573, -3256256.98455826472491 ], [ 10407361.572762543335557, -3160212.280972750391811 ], [ 10410674.567223412916064, -3121699.937131244689226 ], [ 10400759.42385283857584, -3085067.791090558283031 ], [ 10432247.28201237693429, -3014124.467491058632731 ], [ 10460112.306961242109537, -2983885.581917726900429 ], [ 10490750.590783523395658, -2922339.823550382163376 ], [ 10501541.159765500575304, -2850273.977158789988607 ], [ 10564482.3762022331357, -2761337.689215257763863 ], [ 10545196.494207790121436, -2855459.156644305214286 ], [ 10608060.897970532998443, -2770449.611317036207765 ], [ 10694647.884764108806849, -2729058.957759805489331 ], [ 10754150.294072635471821, -2676190.753468459006399 ], [ 10837258.457270683720708, -2630633.158650085330009 ], [ 10882063.491042196750641, -2620933.100647198036313 ], [ 10903531.961679268628359, -2636249.158752920106053 ], [ 10989077.038522405549884, -2589934.883276815060526 ], [ 11049113.118594598025084, -2576142.462912462186068 ], [ 11070405.462334303185344, -2548876.964247674215585 ], [ 11098008.326000072062016, -2537514.847824363503605 ], [ 11148676.253426963463426, -2540448.991045246366411 ], [ 11256078.002228122204542, -2503975.076489450410008 ], [ 11321064.712583454325795, -2448606.853565180674195 ], [ 11361760.402110852301121, -2381851.899384858552366 ], [ 11432224.222016664221883, -2318340.44221206009388 ], [ 11448465.272642547264695, -2268351.701130840461701 ], [ 11466891.897272888571024, -2200158.34245373075828 ], [ 11556634.354751883074641, -2093359.902591614052653 ], [ 11571590.737670632079244, -2201864.440655150916427 ], [ 11617304.549121914431453, -2176811.46655979193747 ], [ 11597380.930547498166561, -2117424.377522195223719 ], [ 11640334.564046444371343, -2056368.727709663333371 ], [ 11675821.296994814649224, -2083638.384935192065313 ], [ 11707952.932891817763448, -1987789.936395103577524 ], [ 11772322.443205825984478, -1925721.269076716620475 ], [ 11805144.094521710649133, -1875870.075883939629421 ], [ 11856860.349444286897779, -1854343.787941687973216 ], [ 11865279.559347350150347, -1819012.347819013753906 ], [ 11903865.589624797925353, -1833769.716754969442263 ], [ 11911732.538490967825055, -1801975.793666988844052 ], [ 11956755.052337363362312, -1783854.976055229548365 ], [ 12005675.533653495833278, -1766788.33960167109035 ], [ 12064148.648071557283401, -1824862.167400799691677 ], [ 12101316.883324244990945, -1899718.008046947652474 ], [ 12160140.404680993407965, -1900579.548307001125067 ], [ 12217600.035460170358419, -1912424.322424895595759 ], [ 12211980.340929778292775, -1843041.732220533769578 ], [ 12277264.943288221955299, -1741555.374601854709908 ], [ 12326196.602537520229816, -1708446.997378623578697 ], [ 12317368.556171145290136, -1676775.092642700532451 ], [ 12371620.840833954513073, -1604317.859871101099998 ], [ 12436865.261009668931365, -1559525.616628638934344 ], [ 12482714.861447462812066, -1574615.06759361573495 ], [ 12566527.46052566729486, -1550683.016221703728661 ], [ 12575873.264855306595564, -1485729.874021494295448 ], [ 12513215.559567827731371, -1443851.77526515093632 ], [ 12566730.845199979841709, -1425366.67032039235346 ], [ 12624506.318495513871312, -1456908.854445141740143 ], [ 12666194.18278700299561, -1509060.676324454601854 ], [ 12740431.670631498098373, -1541576.613099311711267 ], [ 12769752.838368132710457, -1528719.200781072024256 ], [ 12821600.096388159319758, -1567776.341474685585126 ], [ 12883446.222236383706331, -1531398.576132474699989 ], [ 12917105.223206100985408, -1542463.014919284265488 ], [ 12943612.800891898572445, -1518046.626833911752328 ], [ 12975862.85840130224824, -1580901.870954768499359 ], [ 12937906.73649357073009, -1648836.599691330920905 ], [ 12892047.831696731969714, -1700063.895512440241873 ], [ 12858716.552717074751854, -1704281.788552675163373 ], [ 12859554.917895736172795, -1754925.747037638211623 ], [ 12818754.986603671684861, -1818169.139385545393452 ], [ 12771987.985241856426001, -1880297.066232948563993 ], [ 12770923.870166400447488, -1915954.405411414103583 ], [ 12830051.759040495380759, -1985672.224199154414237 ], [ 12893075.666872629895806, -2026069.4331854803022 ], [ 12931096.537608494982123, -2069433.005474996287376 ], [ 12980459.20570046082139, -2143964.351323264651 ], [ 13006952.702477214857936, -2143840.944250142667443 ], [ 13047799.909115195274353, -2176013.12778394902125 ], [ 13051901.718221427872777, -2214797.558115744963288 ], [ 13129937.713088508695364, -2257345.430521312635392 ], [ 13203338.682203447446227, -2214479.787675986532122 ], [ 13239444.338798085227609, -2147036.432992675341666 ], [ 13272764.462170047685504, -2091305.216741970740259 ], [ 13301577.636860428377986, -2022260.37392741185613 ], [ 13354083.911837125197053, -1921911.297016590600833 ], [ 13354928.57723918184638, -1860823.461643468821421 ], [ 13369899.462268451228738, -1824038.654157407581806 ], [ 13374555.657166993245482, -1751607.978872088016942 ], [ 13406496.616778258234262, -1656125.53894172096625 ], [ 13429738.814089650288224, -1630354.835193176055327 ], [ 13423184.977737912908196, -1587968.885622629197314 ], [ 13458654.762284254655242, -1520621.332166965818033 ], [ 13489134.311817605048418, -1450755.359079616842791 ], [ 13497775.871172074228525, -1414448.342478481587023 ], [ 13541040.790979648008943, -1366757.362878567073494 ], [ 13557338.704010935500264, -1429036.443767062621191 ], [ 13549773.877746040001512, -1508830.757276091491804 ], [ 13570584.522456282749772, -1524200.800208611413836 ], [ 13564602.969772374257445, -1577561.671144014690071 ], [ 13586404.33880728110671, -1642130.291081443894655 ], [ 13578838.302422057837248, -1713901.938921389635652 ], [ 13565754.922873742878437, -1759911.862302451161668 ], [ 13577822.377817172557116, -1859177.487727013649419 ], [ 13649114.810298379510641, -1811488.392089787637815 ], [ 13668259.519387537613511, -1865010.022355277789757 ], [ 13701983.701965874060988, -1914342.732957679545507 ], [ 13678850.288556868210435, -1970278.713320911861956 ], [ 13671771.686949191614985, -2078318.358829121105373 ], [ 13669536.407754817977548, -2141112.915361225605011 ], [ 13689063.472012927755713, -2156446.266136828344315 ], [ 13684834.197392459958792, -2263720.204647579696029 ], [ 13657085.633114881813526, -2328658.511595980729908 ], [ 13662043.168196260929108, -2413461.528745787683874 ], [ 13742903.699734095484018, -2478669.119301237165928 ], [ 13789747.685323560610414, -2537888.062744674272835 ], [ 13834300.983247889205813, -2592048.928535121493042 ], [ 13812027.705352878198028, -2622159.391155677847564 ], [ 13838354.65202953107655, -2699979.367209269665182 ], [ 13826207.391378905624151, -2833858.453873948194087 ], [ 13873071.38536724075675, -2806713.329220326151699 ], [ 13890686.481125205755234, -2860229.056697283871472 ], [ 13920344.64750324562192, -2841253.781683958601207 ], [ 13886258.932707592844963, -2971840.230930807068944 ], [ 13921427.006462305784225, -3047249.537123303860426 ], [ 13944899.525663625448942, -3094024.400385512970388 ], [ 13974733.796521943062544, -3193009.836551433429122 ], [ 13957505.941272919997573, -3290928.403296255972236 ], [ 13928621.130630252882838, -3360182.167709613684565 ], [ 13887712.331590073183179, -3435162.422791009303182 ], [ 13882006.451304649934173, -3537740.919228598009795 ], [ 13824347.007154230028391, -3644118.627571951132268 ], [ 13780719.758352302014828, -3699595.183628525584936 ], [ 13701350.843056933954358, -3806070.044058728031814 ], [ 13666914.949981158599257, -3874240.870859426446259 ], [ 13603066.086917297914624, -3959153.64150230679661 ], [ 13503927.329384541139007, -4066395.213549856096506 ], [ 13405464.615406934171915, -4124085.57531614555046 ], [ 13320616.737943008542061, -4214691.412168337032199 ], [ 13257195.701505064964294, -4272277.821933692321181 ], [ 13170690.78626668266952, -4372380.343719825148582 ], [ 13101492.255256291478872, -4429925.449689883738756 ], [ 13025403.054831426590681, -4515954.874773135408759 ], [ 12963581.555970542132854, -4594746.165017055347562 ], [ 12944467.963264811784029, -4630783.405287445522845 ], [ 12869012.363924194127321, -4670281.258679758757353 ], [ 12769905.026944994926453, -4674411.386666070669889 ], [ 12659889.005884742364287, -4720897.024087787605822 ], [ 12591374.091267609968781, -4764661.095575278624892 ], [ 12507237.608628695830703, -4813007.843367747962475 ], [ 12469561.665240975096822, -4763220.91178563516587 ], [ 12430113.368189845234156, -4743312.052408876828849 ], [ 12481770.064147010445595, -4684298.005723581649363 ], [ 12420931.712212273851037, -4705737.801053368486464 ], [ 12292545.107476620003581, -4787539.149014892056584 ], [ 12238417.909463407471776, -4756957.086236574687064 ], [ 12201288.903518199920654, -4739084.077746474184096 ], [ 12157382.398122044280171, -4730998.503295204602182 ], [ 12094904.24797298014164, -4698260.77446053083986 ], [ 12082601.94163803756237, -4628241.921197693794966 ], [ 12118947.502823041751981, -4541549.877109342254698 ], [ 12133031.616581469774246, -4483606.042935178615153 ], [ 12117387.690295992419124, -4436940.418649545870721 ], [ 12041498.303739646449685, -4423056.526607982814312 ], [ 12101904.901469197124243, -4367036.662657126784325 ], [ 12128494.94974697008729, -4280924.663404454477131 ], [ 12041330.787196166813374, -4361200.961031737737358 ], [ 11951713.631782392039895, -4382447.550666353665292 ], [ 12032951.957445433363318, -4318390.008575568906963 ], [ 12082799.547382146120071, -4251319.535033200867474 ], [ 12147416.15687008202076, -4194198.247431847266853 ], [ 12185949.578821681439877, -4107508.401795614510775 ], [ 12061771.482074905186892, -4207309.970187532715499 ], [ 11985556.979726504534483, -4247185.155485993251204 ], [ 11901940.936673138290644, -4339581.042214764282107 ], [ 11859427.95359411649406, -4291842.93172646407038 ], [ 11895044.914480406790972, -4230078.000859678722918 ], [ 11883975.593741584569216, -4145345.168518313672394 ], [ 11859689.934034587815404, -4101413.387434231117368 ], [ 11889947.196174737066031, -4074299.220664720516652 ], [ 11811337.261764138936996, -4002939.479506460018456 ], [ 11750555.602595873177052, -3999568.12488641217351 ], [ 11692435.194155991077423, -3942047.138050595764071 ], [ 11527813.184033771976829, -3953239.173205410595983 ], [ 11392949.619211690500379, -3995537.611345568671823 ], [ 11273520.688667971640825, -4034887.411186217330396 ], [ 11192517.46055500395596, -4027077.216024971567094 ] ] ], [ [ [ 12486117.754646515473723, -5010906.140349311754107 ], [ 12531453.164896473288536, -5018349.776643187738955 ], [ 12441121.642414979636669, -5149164.877848893404007 ], [ 12384039.832907846197486, -5186883.953736421652138 ], [ 12308446.38228814303875, -5274489.043857941403985 ], [ 12302225.317202772945166, -5244743.038178300485015 ], [ 12186190.406029991805553, -5320297.182083145715296 ], [ 12173521.847726918756962, -5314488.290995363146067 ], [ 12125075.381752191111445, -5311124.482446748763323 ], [ 12144392.873870145529509, -5218183.783927445299923 ], [ 12186436.668532840907574, -5146003.14498332887888 ], [ 12207175.929660812020302, -5050114.814386199228466 ], [ 12245223.114574622362852, -4999342.945521821267903 ], [ 12293636.700997319072485, -5009164.863698063418269 ], [ 12347998.55312579497695, -5047367.899272480048239 ], [ 12404856.257665012031794, -5032200.805313660763204 ], [ 12486117.754646515473723, -5010906.140349311754107 ] ] ] ] } },
{ "type": "Feature", "properties": { "pop_est": 22409381, "continent": "Asia", "name": "Sri Lanka", "iso_a3": "LKA", "gdp_md_est": 236700.0, "lon_c": 7694897.0269610435, "lat_c": 1008566.1762809879 }, "geometry": { "type": "Polygon", "coordinates": [ [ [ 7803314.114153946749866, 965228.129415190662257 ], [ 7797156.082186725921929, 831938.123475186293945 ], [ 7759131.365501795895398, 795478.354726197663695 ], [ 7677591.830871546640992, 766167.013494857703336 ], [ 7626539.05416948441416, 868010.433854457340203 ], [ 7597784.338500333949924, 1051904.223146785050631 ], [ 7624769.497052351012826, 1259171.519888953771442 ], [ 7696419.730295781046152, 1188274.850461474852636 ], [ 7747778.234282176941633, 1098341.219052557833493 ], [ 7803314.114153946749866, 965228.129415190662257 ] ] ] } },
{ "type": "Feature", "properties": { "pop_est": 1379302771, "continent": "Asia", "name": "China", "iso_a3": "CHN", "gdp_md_est": 21140000.0, "lon_c": 8568624.0014069118, "lat_c": 4439390.9745484162 }, "geometry": { "type": "MultiPolygon", "coordinates": [ [ [ [ 6717597.672707174904644, 5180649.884777574799955 ], [ 6685289.778076206333935, 5242826.310391051694751 ], [ 6730589.447494163177907, 5271107.983692971989512 ], [ 6575522.070235145278275, 5458069.460278839804232 ], [ 6719125.940536341629922, 5500616.323915672488511 ], [ 6750214.917049865238369, 5524250.08149875421077 ], [ 6719352.496347850188613, 5712318.370797486044466 ], [ 6896754.109555440023541, 5678022.70428862515837 ], [ 6918060.362265199422836, 5725098.751590313389897 ], [ 6868553.92368848156184, 5828685.100875304080546 ], [ 6929999.05711732711643, 5838275.737962497398257 ], [ 6954255.158939061686397, 5906314.517768171615899 ], [ 6980828.78356830123812, 5914678.939575541764498 ], [ 7040462.954018847085536, 5843432.737180987372994 ], [ 7137123.412208590656519, 5788883.040767847560346 ], [ 7272715.675035527907312, 5750058.101777247153223 ], [ 7373231.097168719395995, 5666237.325253768824041 ], [ 7405786.559824824333191, 5543326.541108544915915 ], [ 7458606.207945044152439, 5497325.937030180357397 ], [ 7565361.967972410842776, 5479130.486320614814758 ], [ 7683633.050545266829431, 5464252.180774435400963 ], [ 7817400.63822930585593, 5397587.349097358062863 ], [ 7874551.814965629018843, 5385669.162182028405368 ], [ 7962859.156250322237611, 5286192.085636681877077 ], [ 8043998.677027360536158, 5221656.250976898707449 ], [ 8134759.22064156178385, 5224190.209344338625669 ], [ 8319564.967890258878469, 5199737.595847842283547 ], [ 8422899.132889961823821, 5214916.112944915890694 ], [ 8513844.997174896299839, 5198665.577748410403728 ], [ 8672387.551093811169267, 5132162.518562782555819 ], [ 8773908.719451058655977, 5132258.963684757240117 ], [ 8829030.956541763618588, 5098076.364002077840269 ], [ 8895534.604649728164077, 5157043.075568916276097 ], [ 9010110.001852259039879, 5195022.823638058267534 ], [ 9133131.888377949595451, 5199164.924386387690902 ], [ 9209019.841964988037944, 5237512.740390179678798 ], [ 9235151.415513398125768, 5295658.977005623281002 ], [ 9271821.327557548880577, 5332017.688160359859467 ], [ 9237195.350976480171084, 5367589.754395784810185 ], [ 9185983.215607400983572, 5408861.065782787278295 ], [ 9187075.02480467967689, 5477746.254017738625407 ], [ 9239272.50418253056705, 5468109.387391190975904 ], [ 9337234.121481915935874, 5446471.659191866405308 ], [ 9383458.480335427448153, 5503038.131909843534231 ], [ 9481774.051572369411588, 5544122.331522540189326 ], [ 9495412.665368115529418, 5613833.751759874634445 ], [ 9532460.719892868772149, 5643692.585245555266738 ], [ 9640809.332759868353605, 5657584.776828890666366 ], [ 9712986.478560831397772, 5645782.42257185280323 ], [ 9695970.564602794125676, 5682939.323996495455503 ], [ 9571555.841499591246247, 5755600.512756290845573 ], [ 9483544.544385693967342, 5788640.46739055775106 ], [ 9448625.009179903194308, 5750489.090032549574971 ], [ 9357953.227316694334149, 5766605.800250246189535 ], [ 9321489.196210455149412, 5753476.005429740995169 ], [ 9271465.267748899757862, 5795720.384789540432394 ], [ 9255316.442669523879886, 5898128.724028866738081 ], [ 9238092.188169496133924, 5974592.698500524275005 ], [ 9361563.990475630387664, 5936389.618140258826315 ], [ 9425235.920270442962646, 6000229.40874844789505 ], [ 9390641.893856160342693, 6044388.773910894989967 ], [ 9378490.429957589134574, 6149802.564087965525687 ], [ 9396361.213815305382013, 6181371.935619411990047 ], [ 9351160.40460629016161, 6235422.946384910494089 ], [ 9289600.186434634029865, 6258562.254702021367848 ], [ 9313075.705563209950924, 6306750.829997815191746 ], [ 9393867.501681294292212, 6324132.146917634643614 ], [ 9493484.545835999771953, 6326737.86194156203419 ], [ 9633550.067801833152771, 6298024.473245583474636 ], [ 9732283.16708761267364, 6262343.532040152698755 ], [ 9864809.139397125691175, 6163676.321082909591496 ], [ 9929926.204064935445786, 6121159.824076795950532 ], [ 10008153.879309279844165, 6060072.290553027763963 ], [ 10117806.23885883204639, 5961634.168247295543551 ], [ 10282125.613724235445261, 5929248.16245227213949 ], [ 10434949.924153653904796, 5856774.856297033838928 ], [ 10544067.241784110665321, 5760059.061573549173772 ], [ 10666472.545845273882151, 5759937.973321159370244 ], [ 10703595.766483686864376, 5800673.2720189653337 ], [ 10811375.416954448446631, 5830993.538027401082218 ], [ 10844478.743192786350846, 5738125.351746375672519 ], [ 10843313.73767889291048, 5700081.682683384045959 ], [ 10904476.146090606227517, 5585281.359508651308715 ], [ 10926687.346541626378894, 5482220.026559717953205 ], [ 10813261.595453567802906, 5501055.695979436859488 ], [ 10770171.55486062541604, 5463450.9826714200899 ], [ 10857329.240891303867102, 5371714.947500380687416 ], [ 10933895.681674944236875, 5243905.600240940228105 ], [ 10893294.2356495577842, 5240971.049976279959083 ], [ 10931022.207083407789469, 5185572.416809582151473 ], [ 10833917.539649654179811, 5249929.816687091253698 ], [ 10841557.340259904041886, 5188846.531179294921458 ], [ 10742999.452634463086724, 5141689.936402881518006 ], [ 10793303.679434612393379, 5083686.976498651318252 ], [ 10717977.933782426640391, 5087695.79358809441328 ], [ 10656187.471637897193432, 5122179.234446010552347 ], [ 10647418.61575217358768, 5044012.053845982067287 ], [ 10590689.255426174029708, 4984452.921592046506703 ], [ 10564169.837515104562044, 4913038.876917885616422 ], [ 10464134.132713818922639, 4880544.023383611813188 ], [ 10431244.318962136283517, 4828146.095077531412244 ], [ 10356382.042565668001771, 4797449.39406721945852 ], [ 10372610.885545216500759, 4849517.636040033772588 ], [ 10329990.345530334860086, 4893125.332161666825414 ], [ 10353820.847554827108979, 4968075.16624903306365 ], [ 10274789.505354128777981, 5026206.864846855401993 ], [ 10224118.048044389113784, 4987069.653224604204297 ], [ 10172822.756473211571574, 4909640.202907460741699 ], [ 10160729.442840838804841, 4837340.773639264516532 ], [ 10079958.950813017785549, 4831944.809248629957438 ], [ 10064760.350971315056086, 4779445.428867725655437 ], [ 10150606.689442919567227, 4703036.149927870370448 ], [ 10230829.584230436012149, 4684427.040668748319149 ], [ 10260463.313512992113829, 4633424.530065016821027 ], [ 10346094.84593646414578, 4600146.221059898845851 ], [ 10399882.875508340075612, 4681375.56940053589642 ], [ 10500050.614608868956566, 4637141.23978372476995 ], [ 10557465.218085074797273, 4634109.718640365637839 ], [ 10603239.851581249386072, 4574373.51538750063628 ], [ 10497295.62716300226748, 4542434.360647023655474 ], [ 10488412.363274954259396, 4480512.612979864701629 ], [ 10432613.087226003408432, 4422767.601625305600464 ], [ 10427173.012495098635554, 4341868.240277203731239 ], [ 10551994.782658848911524, 4278088.982211214490235 ], [ 10640339.995267953723669, 4163364.867478097323328 ], [ 10743140.758062016218901, 4055846.593094484414905 ], [ 10843721.286825504153967, 3965268.021381893195212 ], [ 10880467.892519688233733, 3877292.384165741037577 ], [ 10838193.57642680965364, 3844857.345177313312888 ], [ 10886156.849158516153693, 3781368.782233660109341 ], [ 10954230.213332986459136, 3744336.005328603554517 ], [ 10979920.430242482572794, 3646870.272307177539915 ], [ 10994383.615596204996109, 3551644.112633391283453 ], [ 10948047.821904821321368, 3540825.381408121436834 ], [ 10930766.729478359222412, 3410100.343384214211255 ], [ 10913449.894432071596384, 3250715.518980341032147 ], [ 10877104.14794154651463, 3104983.934981380589306 ], [ 10786524.572933562099934, 2991786.300580646377057 ], [ 10689447.625379914417863, 2888193.691211383324116 ], [ 10589587.345185162499547, 2874037.532527666073292 ], [ 10548711.741645451635122, 2819190.637117742560804 ], [ 10505479.285021072253585, 2859266.281654126476496 ], [ 10470381.033029919490218, 2797885.88020725408569 ], [ 10357839.516361864283681, 2735910.7761290371418 ], [ 10264828.266197012737393, 2716913.97787760803476 ], [ 10266456.585397604852915, 2585809.336203458718956 ], [ 10216729.992090579122305, 2578524.120122214313596 ], [ 10169899.961080236360431, 2668689.519098858349025 ], [ 10179562.288271885365248, 2716654.641137822531164 ], [ 10045022.204225810244679, 2756304.392913923598826 ], [ 10006471.517923854291439, 2736144.370845387689769 ], [ 9905012.631540637463331, 2768269.44153630360961 ], [ 9847944.424319688230753, 2818504.318336463533342 ], [ 9843684.348618257790804, 2889598.456835660617799 ], [ 9753339.166262060403824, 2912104.614045313093811 ], [ 9696431.072950698435307, 2958290.099519551265985 ], [ 9635484.234931860119104, 2892665.794902700930834 ], [ 9549515.72172630019486, 2878438.293435458559543 ], [ 9475774.620776442810893, 2879059.64200050290674 ], [ 9433952.508776448667049, 2848950.523019623011351 ], [ 9390634.629411950707436, 2830855.903174609877169 ], [ 9439162.681687703356147, 2689298.323142556473613 ], [ 9388934.563613995909691, 2692681.773321578744799 ], [ 9373667.417805744335055, 2721799.396097656339407 ], [ 9358533.839718528091908, 2772981.414047441910952 ], [ 9299332.894115751609206, 2736944.340879493393004 ], [ 9253788.255559705197811, 2759735.736787752248347 ], [ 9173908.45457985252142, 2806160.955157562624663 ], [ 9175405.543358890339732, 2908673.025794022250921 ], [ 9111012.534691182896495, 2932527.376977977808565 ], [ 9059842.252969877794385, 3045658.558172179851681 ], [ 8968199.239999022334814, 3025303.441193702165037 ], [ 8940587.829382432624698, 3170559.921847196761519 ], [ 8998697.184028800576925, 3272378.153103239834309 ], [ 8973271.821404054760933, 3372579.058708250056952 ], [ 8942828.076898518949747, 3465204.679028916172683 ], [ 8894509.082454897463322, 3493992.009663487784564 ], [ 8842366.417498845607042, 3564936.133910303935409 ], [ 8792318.485930494964123, 3555986.433957583270967 ], [ 8689393.472844753414392, 3573969.549556341022253 ], [ 8704184.042628541588783, 3624429.990693649277091 ], [ 8638387.060484949499369, 3698949.151010728441179 ], [ 8590193.007290672510862, 3648512.383953620679677 ], [ 8505511.233571197837591, 3677957.777209728956223 ], [ 8425127.882304336875677, 3601571.003384661395103 ], [ 8369352.984046515077353, 3512045.547293209470809 ], [ 8300712.257593114860356, 3496950.919762776698917 ], [ 8251809.018215648829937, 3529372.911676734220237 ], [ 8203196.805140443146229, 3532305.801190284546465 ], [ 8130632.249358782544732, 3560181.822611614130437 ], [ 8090509.784269304946065, 3529631.343823169823736 ], [ 8055439.015951273031533, 3439881.386744757182896 ], [ 8021615.361696908250451, 3534945.724750823806971 ], [ 7973500.506811454892159, 3509593.25602450594306 ], [ 7864789.983665145933628, 3521375.741701921913773 ], [ 7754993.133386892266572, 3549002.880734120029956 ], [ 7667291.070299761369824, 3601828.665737736038864 ], [ 7590753.567605014890432, 3625499.94696029741317 ], [ 7544672.592059642076492, 3683081.35288465116173 ], [ 7489396.63680581189692, 3700256.803613159339875 ], [ 7377092.060145980678499, 3778072.767615557648242 ], [ 7295018.637990362942219, 3814698.560513463802636 ], [ 7265856.606189047917724, 3786204.101136594545096 ], [ 7118400.895362426526845, 3869382.272927095647901 ], [ 7009723.406823325902224, 3944425.492277772165835 ], [ 6947459.410268393345177, 4074408.627547312062234 ], [ 7015663.921489461325109, 4058606.636173764243722 ], [ 7000779.572800692170858, 4118580.702990788966417 ], [ 6947620.454376858659089, 4178507.028034065384418 ], [ 6927277.255502484738827, 4273624.166594620794058 ], [ 6790317.081122621893883, 4409411.759736216627061 ], [ 6632154.188000545836985, 4456014.34747152775526 ], [ 6578160.612867329269648, 4544205.996445271186531 ], [ 6496890.899257900193334, 4597481.831882208585739 ], [ 6470822.281176279298961, 4630183.441248420625925 ], [ 6436480.353622134774923, 4694936.852509647607803 ], [ 6424704.057398610748351, 4738949.814234672114253 ], [ 6363944.818457244895399, 4764658.250698299147189 ], [ 6339589.312638087198138, 4753293.268447513692081 ], [ 6282605.442588837817311, 4857409.574771231971681 ], [ 6298012.102162657305598, 4883030.554490310139954 ], [ 6277182.732506943866611, 4909184.289444338530302 ], [ 6339596.345479749143124, 4961844.960350046865642 ], [ 6390277.58109943754971, 4983592.041650923900306 ], [ 6485404.882112800143659, 4968687.110058945603669 ], [ 6491012.642248989082873, 5039495.186734733171761 ], [ 6594234.459329222328961, 5052629.995051207020879 ], [ 6607278.817095738835633, 5096406.601990634575486 ], [ 6715902.700600893236697, 5155904.995494385249913 ], [ 6717597.672707174904644, 5180649.884777574799955 ] ] ], [ [ [ 10238284.657940862700343, 2318346.990047824569046 ], [ 10153128.28301446698606, 2357138.286323114298284 ], [ 10126189.75179959833622, 2464595.052972876001149 ], [ 10158874.547865843400359, 2521086.65549386292696 ], [ 10252157.097507949918509, 2555978.251700686756521 ], [ 10306362.554647099226713, 2553026.007714136037976 ], [ 10338678.625631829723716, 2505498.271181819029152 ], [ 10310724.076809227466583, 2450619.098569434136152 ], [ 10305688.297427199780941, 2378486.171503109391779 ], [ 10238284.657940862700343, 2318346.990047824569046 ] ] ] ] } },
{ "type": "Feature", "properties": { "pop_est": 23508428, "continent": "Asia", "name": "Taiwan", "iso_a3": "TWN", "gdp_md_est": 1127000.0, "lon_c": 11113382.591796158, "lat_c": 3034816.2187575176 }, "geometry": { "type": "Polygon", "coordinates": [ [ [ 11169405.17502517811954, 3086232.695914193056524 ], [ 11176611.629258971661329, 2889177.989144471473992 ], [ 11167323.929989460855722, 2787896.246827415190637 ], [ 11087579.55320961587131, 2892137.074038510210812 ], [ 11048938.287915976718068, 2983399.74160084174946 ], [ 11064267.39282395504415, 3103889.437433984596282 ], [ 11106475.447609884664416, 3196421.921481743920594 ], [ 11160596.29043385013938, 3160048.180277506355196 ], [ 11169405.17502517811954, 3086232.695914193056524 ] ] ] } },
{ "type": "Feature", "properties": { "pop_est": 62137802, "continent": "Europe", "name": "Italy", "iso_a3": "ITA", "gdp_md_est": 2221000.0, "lon_c": 1055769.0553073972, "lat_c": 5203376.8406837229 }, "geometry": { "type": "MultiPolygon", "coordinates": [ [ [ [ 846352.009799760882743, 5666801.820986261591315 ], [ 896410.232538662850857, 5651927.504896269179881 ], [ 904551.655382509226911, 5671821.399252716451883 ], [ 983329.061862479662523, 5689963.278030158020556 ], [ 1004028.248989858431742, 5653623.411965948529541 ], [ 1122195.788277039304376, 5626553.609184855595231 ], [ 1117449.234349315986037, 5574719.728322827257216 ], [ 1140530.50889561441727, 5529695.512956717051566 ], [ 1074251.391339757479727, 5545123.13440481107682 ], [ 1010390.926669261069037, 5507495.859842121601105 ], [ 1018545.514053321094252, 5454638.884308657608926 ], [ 1010519.890486480086111, 5424184.345460118725896 ], [ 1041253.994783897302113, 5369546.910449563525617 ], [ 1122722.993398988852277, 5315231.391526253893971 ], [ 1171039.977226899471134, 5225510.469159400090575 ], [ 1270720.566795726306736, 5137395.000021583400667 ], [ 1336425.448226360371336, 5138072.650194752030075 ], [ 1358846.470736942021176, 5113795.949711519293487 ], [ 1337007.813914846396074, 5091874.088904554024339 ], [ 1415683.308108579134569, 5051999.122190969064832 ], [ 1480474.946582278003916, 5018538.744372504763305 ], [ 1558084.924986757338047, 4960643.415387195535004 ], [ 1568703.371116432594135, 4939849.448443220928311 ], [ 1556308.768336090259254, 4899889.587312730029225 ], [ 1504702.746201190399006, 4951967.826287962496281 ], [ 1429524.243306526914239, 4970275.734611028805375 ], [ 1399509.233714569592848, 4898171.399873067624867 ], [ 1464342.866630329750478, 4856676.773181470111012 ], [ 1458846.212750062346458, 4798057.283399676904082 ], [ 1423616.93191452883184, 4791380.728997744619846 ], [ 1384953.053692191606387, 4694471.142029325477779 ], [ 1349704.646772984648123, 4685734.206929061561823 ], [ 1347611.350664602359757, 4720373.711743447929621 ], [ 1360780.427625834243372, 4780945.159347814507782 ], [ 1377617.191533070523292, 4804998.19712086673826 ], [ 1339480.41865115147084, 4870052.325181386433542 ], [ 1309376.642409034539014, 4926414.744551605544984 ], [ 1273120.937569937668741, 4940304.335959319025278 ], [ 1244671.870118199149147, 4988308.977225309237838 ], [ 1188899.764434424694628, 5008477.523068833164871 ], [ 1149349.397642955416813, 5052958.26506283134222 ], [ 1086493.536397093906999, 5060115.319285679608583 ], [ 1017630.014287943951786, 5109863.637559171766043 ], [ 936705.916337146074511, 5181243.212208045646548 ], [ 876401.461148741422221, 5244065.798898848704994 ], [ 844650.58902663749177, 5351095.95451972540468 ], [ 802799.90010606800206, 5363618.782420561648905 ], [ 733788.112350337905809, 5399090.07436949852854 ], [ 696443.344251991133206, 5384583.788017966784537 ], [ 650800.966937833814882, 5334611.287429541349411 ], [ 616663.174730746424757, 5326697.553499805741012 ], [ 624266.689639956573956, 5373476.860272189602256 ], [ 578932.148712229332887, 5387112.460864868015051 ], [ 554600.939751937286928, 5469908.018400135450065 ], [ 581811.805405710008927, 5502324.278802240267396 ], [ 556167.712766638025641, 5542147.782153598032892 ], [ 558384.133952236617915, 5572014.860354822129011 ], [ 594421.214303995249793, 5549382.283153870142996 ], [ 633601.846519938670099, 5554410.047450332902372 ], [ 677711.860304592642933, 5590204.128994067199528 ], [ 692643.078430265770294, 5573492.811881809495389 ], [ 731335.046797254355624, 5576846.028516673482955 ], [ 746771.681785751017742, 5619298.768557691015303 ], [ 807696.540581804700196, 5606126.5396389933303 ], [ 842500.713943285867572, 5623851.984753808006644 ], [ 846352.009799760882743, 5666801.820986261591315 ] ] ], [ [ [ 1268535.424981341697276, 4712368.634041051380336 ], [ 1333084.928466231795028, 4722247.863713904283941 ], [ 1308156.978489826433361, 4632921.647016942501068 ], [ 1323425.625406503444538, 4597617.420135052874684 ], [ 1309096.494021888822317, 4538846.125955091789365 ], [ 1240146.666806994006038, 4581913.837342380546033 ], [ 1195420.086549506289884, 4594230.310704953037202 ], [ 1071605.957629979820922, 4652134.230709887109697 ], [ 1080418.893741483800113, 4710387.906604133546352 ], [ 1181629.537878459785134, 4700032.364682303741574 ], [ 1268535.424981341697276, 4712368.634041051380336 ] ] ], [ [ [ 735939.071051270118915, 5021068.578273450955749 ], [ 776640.149218182777986, 5055355.809087480418384 ], [ 830990.953791629290208, 4976697.248723381198943 ], [ 825839.002969433902763, 4828923.913062683306634 ], [ 786702.34569427173119, 4836009.379966512322426 ], [ 753403.762859316077083, 4798479.00971698295325 ], [ 719855.37388859631028, 4828302.823024079203606 ], [ 711104.444535663817078, 4963167.110097732394934 ], [ 689247.593901312793605, 5026607.314241325482726 ], [ 735939.071051270118915, 5021068.578273450955749 ] ] ] ] } },
{ "type": "Feature", "properties": { "pop_est": 5605948, "continent": "Europe", "name": "Denmark", "iso_a3": "DNK", "gdp_md_est": 264800.0, "lon_c": 708206.75997527689, "lat_c": 6596535.1226628609 }, "geometry": { "type": "MultiPolygon", "coordinates": [ [ [ [ 927901.162037726840936, 6576921.064160487614572 ], [ 956254.043707621283829, 6530423.675726558081806 ], [ 917789.963943952927366, 6454519.722274488769472 ], [ 834056.987037995597348, 6507555.058663973584771 ], [ 820378.732921753427945, 6546227.276299523189664 ], [ 927901.162037726840936, 6576921.064160487614572 ] ] ], [ [ [ 751956.046379297506064, 6471761.972486051730812 ], [ 704433.567660232656635, 6457428.500068815425038 ], [ 646300.573206590022892, 6469846.972522642463446 ], [ 612423.706472969730385, 6521826.231582220643759 ], [ 604383.380579574266449, 6616363.232170952484012 ], [ 615269.293855439987965, 6641060.703003725036979 ], [ 634845.516788651933894, 6668376.516341074369848 ], [ 699901.761396544636227, 6674009.309023474343121 ], [ 724075.316256348858587, 6698973.734625369310379 ], [ 781552.925317850080319, 6724374.242588536813855 ], [ 782875.287987973773852, 6677968.795750669203699 ], [ 763240.626090822275728, 6648362.134307358413935 ], [ 774210.502846225979738, 6622775.367719663307071 ], [ 815844.570831027813256, 6608895.001061279326677 ], [ 800380.126189319300465, 6574147.588401787914336 ], [ 777251.625149751547724, 6584175.244264443404973 ], [ 728108.298250556807034, 6517374.451261868700385 ], [ 751956.046379297506064, 6471761.972486051730812 ] ] ] ] } },
{ "type": "Feature", "properties": { "pop_est": 64769452, "continent": "Europe", "name": "United Kingdom", "iso_a3": "GBR", "gdp_md_est": 2788000.0, "lon_c": -133749.76150793897, "lat_c": 6399980.5708272746 }, "geometry": { "type": "MultiPolygon", "coordinates": [ [ [ [ -237799.414032243890688, 6321515.337890431284904 ], [ -237665.04724545130739, 6321505.074339287355542 ], [ -225203.679260122647975, 6377176.684808778576553 ], [ -274896.640318131132517, 6435716.267677535302937 ], [ -276025.576225379714742, 6437047.693266279995441 ], [ -367766.450502840743866, 6453666.802009235136211 ], [ -384917.335142215248197, 6479139.227294088341296 ], [ -355939.735754481283948, 6520963.618324628099799 ], [ -379781.280554709024727, 6546601.537931906990707 ], [ -422116.500796783831902, 6502531.627822069451213 ], [ -422769.398976381926332, 6592010.209239318035543 ], [ -458395.866721914440859, 6638781.972443363629282 ], [ -427113.412288304651156, 6732347.046059844084084 ], [ -366891.823736727819778, 6804558.726729382760823 ], [ -308653.268921042385045, 6797558.38421936519444 ], [ -220051.597339330503019, 6804999.328947896137834 ], [ -301446.233948389766738, 6708451.236608106642962 ], [ -225761.65737145638559, 6720780.259514934383333 ], [ -144796.154156879580114, 6720311.088146038353443 ], [ -165337.018923128896859, 6646538.891151188872755 ], [ -234244.8512742255989, 6564197.651923397555947 ], [ -156681.799464179202914, 6558289.651634366251528 ], [ -150866.484179377206601, 6548543.34872482996434 ], [ -84776.291700451707584, 6437990.890712460502982 ], [ -32778.425565279627335, 6422784.456845770590007 ], [ 14228.032015836079154, 6313851.788176290690899 ], [ 36273.474010393103526, 6275659.34943834785372 ], [ 129997.233241398906102, 6257165.721285672858357 ], [ 121264.631109384456067, 6194713.16459658369422 ], [ 81868.329554052470485, 6165892.918491296470165 ], [ 113478.193152282183291, 6114770.053554409183562 ], [ 43261.484701257526467, 6062662.708055162802339 ], [ -61901.663064598338678, 6063586.173522937111557 ], [ -196166.422107165795751, 6036088.141174923628569 ], [ -232523.507726469048066, 6055784.850705968216062 ], [ -285623.280630396504421, 6008826.140854059718549 ], [ -358331.023467681545299, 6020225.658780144527555 ], [ -415036.586826307990123, 5981804.392517120577395 ], [ -456356.473204560286831, 6001919.337640210054815 ], [ -337558.625095228664577, 6106889.976632967591286 ], [ -266968.229563541943207, 6128301.207502762787044 ], [ -267581.519147985498421, 6128384.307128523476422 ], [ -389122.692197308759205, 6144857.898684781044722 ], [ -409828.353493719885591, 6184053.234268611297011 ], [ -327657.422804794390686, 6214436.405207865871489 ], [ -368443.783245777944103, 6266927.99280327744782 ], [ -351750.474105019296985, 6330220.658350921235979 ], [ -237799.414032243890688, 6321515.337890431284904 ] ] ], [ [ [ -474443.943021465151105, 6365953.916615845635533 ], [ -531329.879900216707028, 6385640.634900261647999 ], [ -578655.068006333895028, 6384329.740507056936622 ], [ -560209.554871639236808, 6435234.198348940350115 ], [ -573101.462567763985135, 6485712.336044096387923 ], [ -509461.631358674902003, 6489580.05214808229357 ], [ -430768.572205104515888, 6431331.666839859448373 ], [ -474443.943021465151105, 6365953.916615845635533 ] ] ] ] } },
{ "type": "Feature", "properties": { "pop_est": 339747, "continent": "Europe", "name": "Iceland", "iso_a3": "ISL", "gdp_md_est": 16150.0, "lon_c": -1266914.3910948839, "lat_c": 7330483.4131406462 }, "geometry": { "type": "Polygon", "coordinates": [ [ [ -980441.055161138065159, 7440785.395604770630598 ], [ -1002927.642851478187367, 7392717.021091387607157 ], [ -932763.414398984634317, 7341100.821090808138251 ], [ -1030115.812019586097449, 7282261.343512403778732 ], [ -1238270.246722366660833, 7228389.041254580020905 ], [ -1300713.299988301238045, 7213898.158163501881063 ], [ -1390363.389836449641734, 7225603.89919946808368 ], [ -1579363.923770705470815, 7250623.859174999408424 ], [ -1504067.382355799665675, 7285223.766384664922953 ], [ -1645885.079320466611534, 7323053.101926156319678 ], [ -1521111.757626906037331, 7337913.724355136044323 ], [ -1519333.965930517064407, 7360277.570925609208643 ], [ -1658698.357123001245782, 7377866.385627216659486 ], [ -1601504.071854644687846, 7426515.531661755405366 ], [ -1496515.692101944237947, 7437440.596140338107944 ], [ -1401209.62762493127957, 7386965.947418177500367 ], [ -1290248.236710730474442, 7427557.395569890737534 ], [ -1208690.40418789931573, 7406557.003610197454691 ], [ -1091733.090217722114176, 7445997.302395340055227 ], [ -980441.055161138065159, 7440785.395604770630598 ] ] ] } },
{ "type": "Feature", "properties": { "pop_est": 9961396, "continent": "Asia", "name": "Azerbaijan", "iso_a3": "AZE", "gdp_md_est": 167900.0, "lon_c": 4046816.1727352133, "lat_c": 4925256.0899816481 }, "geometry": { "type": "MultiPolygon", "coordinates": [ [ [ [ 3896589.233428155537695, 5127024.313894649036229 ], [ 3921057.935748137068003, 5123340.295278978534043 ], [ 3994534.184322934132069, 5056431.704169007018209 ], [ 4033608.915872456971556, 5048884.269224919378757 ], [ 4041436.744241298176348, 5076967.657972218468785 ], [ 4080979.518138985149562, 5121333.128423465415835 ], [ 4139322.002970826346427, 5063338.683574359863997 ], [ 4201218.685178047046065, 4984797.257914640009403 ], [ 4241923.020556213334203, 4979602.568684658035636 ], [ 4275264.482128337956965, 4949617.522877833805978 ], [ 4207511.512188890017569, 4940655.567746080458164 ], [ 4212958.196346095763147, 4853849.480329182930291 ], [ 4207252.20924933347851, 4814521.583289492875338 ], [ 4181808.225972758140415, 4788217.378150208853185 ], [ 4196492.910663454793394, 4732325.05113604106009 ], [ 4176361.785486589185894, 4726685.241111047565937 ], [ 4109945.033705099951476, 4785798.562795205041766 ], [ 4127070.979540077038109, 4841429.891945748589933 ], [ 4094484.912847149651498, 4874325.747172283008695 ], [ 4064381.039807456545532, 4866052.581457442604005 ], [ 3981668.246153340209275, 4783160.98198346234858 ], [ 3963041.013645010534674, 4861099.068661913275719 ], [ 3920811.169967837166041, 4879450.965256363153458 ], [ 3878122.10069462377578, 4909856.612217215821147 ], [ 3894342.826408337336034, 4945376.157845440320671 ], [ 3840825.541471889708191, 4983528.908255281858146 ], [ 3851717.369417105801404, 5011352.947061551734805 ], [ 3815296.003612376283854, 5030519.627864284440875 ], [ 3791400.031420156825334, 5059567.551965162158012 ], [ 3808023.304139390122145, 5077588.752998723648489 ], [ 3877976.432137903757393, 5045840.064412903040648 ], [ 3924955.427189282607287, 5039269.44480839651078 ], [ 3933489.550173084251583, 5052227.496031775139272 ], [ 3878301.503781902603805, 5111872.567000068724155 ], [ 3896589.233428155537695, 5127024.313894649036229 ] ] ], [ [ [ 3951364.644971495028585, 4779847.313603238202631 ], [ 3889517.279610797762871, 4794822.668120809830725 ], [ 3835542.595595203340054, 4846703.39572277199477 ], [ 3813152.411798939108849, 4888958.841853646561503 ], [ 3830219.20939107844606, 4891978.372459940612316 ], [ 3861801.382919369731098, 4861950.352319692261517 ], [ 3899415.217945723328739, 4862202.252861776389182 ], [ 3902707.506731675937772, 4844903.262346521019936 ], [ 3951364.644971495028585, 4779847.313603238202631 ] ] ] ] } },
{ "type": "Feature", "properties": { "pop_est": 4926330, "continent": "Asia", "name": "Georgia", "iso_a3": "GEO", "gdp_md_est": 37270.0, "lon_c": 3650663.1458986253, "lat_c": 5174899.0220363941 }, "geometry": { "type": "Polygon", "coordinates": [ [ [ 3319718.871538026724011, 5298708.445167071186006 ], [ 3327150.873085712548345, 5311487.799558502621949 ], [ 3401310.416969680227339, 5292985.607884131371975 ], [ 3527575.383234907407314, 5275441.293608254753053 ], [ 3652717.6516725840047, 5223312.032951247878373 ], [ 3671923.959800342097878, 5203041.809975194744766 ], [ 3718689.205375439021736, 5220169.410842850804329 ], [ 3801891.9555778298527, 5197345.17150401044637 ], [ 3837944.23713400028646, 5152452.872568778693676 ], [ 3896589.233428155537695, 5127024.313894649036229 ], [ 3878301.503781902603805, 5111872.567000068724155 ], [ 3933489.550173084251583, 5052227.496031775139272 ], [ 3924955.427189282607287, 5039269.44480839651078 ], [ 3877976.432137903757393, 5045840.064412903040648 ], [ 3808023.304139390122145, 5077588.752998723648489 ], [ 3791400.031420156825334, 5059567.551965162158012 ], [ 3677932.695982697885484, 5042332.340869755484164 ], [ 3585235.66852619452402, 5096509.012844823300838 ], [ 3496688.814335502218455, 5091276.461023756302893 ], [ 3499429.383818165864795, 5138251.271462406031787 ], [ 3462731.917651737574488, 5212878.957419769838452 ], [ 3405970.933627321850508, 5252999.742474539205432 ], [ 3357179.028211079537868, 5265493.028678637929261 ], [ 3319718.871538026724011, 5298708.445167071186006 ] ] ] } },
{ "type": "Feature", "properties": { "pop_est": 104256076, "continent": "Asia", "name": "Philippines", "iso_a3": "PHL", "gdp_md_est": 801900.0, "lon_c": 11944673.316573713, "lat_c": 975564.13805147388 }, "geometry": { "type": "MultiPolygon", "coordinates": [ [ [ [ 12045108.884328696876764, 1079238.089885077672079 ], [ 12064169.972011046484113, 994303.165067622554488 ], [ 12077104.994621636345983, 922532.184210902662016 ], [ 12055320.743928801268339, 805362.142529206699692 ], [ 12008410.133906299248338, 935884.244573702453636 ], [ 11969966.33553671091795, 870958.096047742525116 ], [ 12008657.76483497582376, 776582.622796603594907 ], [ 11985986.953252343460917, 716521.848430914105847 ], [ 11867667.401553058996797, 790893.699048286653124 ], [ 11832738.71037252433598, 883588.240454266080633 ], [ 11856046.082766693085432, 944444.218347786692902 ], [ 11789471.610715510323644, 1004940.351848871679977 ], [ 11764889.049356326460838, 951899.365248348913155 ], [ 11719502.484335483983159, 956825.111035325215198 ], [ 11655641.237563174217939, 885417.48478075186722 ], [ 11636364.430553160607815, 922882.703820701106451 ], [ 11662990.6401696652174, 1030697.796927058487199 ], [ 11719167.8528021723032, 1066653.618171618552878 ], [ 11765688.978072931990027, 1114796.736050064209849 ], [ 11805912.932408638298512, 1056950.833718247245997 ], [ 11874452.359888810664415, 1091946.41236113011837 ], [ 11883291.366224009543657, 1148949.731435398338363 ], [ 11950196.195108691230416, 1152344.876368463970721 ], [ 11932017.610157197341323, 1251041.405625152401626 ], [ 12016998.546863928437233, 1190527.418391523184255 ], [ 12032911.707453645765781, 1126226.451534102670848 ], [ 12045108.884328696876764, 1079238.089885077672079 ] ] ], [ [ [ 11895096.68209571018815, 1556863.848028542473912 ], [ 11944164.461320327594876, 1414879.265912720002234 ], [ 11865789.298566732555628, 1448644.984112122096121 ], [ 11874212.363862736150622, 1405929.693729358026758 ], [ 11908811.938281552866101, 1327331.455331183038652 ], [ 11867547.034518882632256, 1298775.920768381794915 ], [ 11850908.026212129741907, 1388382.662059250520542 ], [ 11821342.438904704526067, 1394995.353950453922153 ], [ 11794868.215988710522652, 1472040.604402118362486 ], [ 11852281.273183254525065, 1461891.827061413088813 ], [ 11843489.906177632510662, 1510036.260742821032181 ], [ 11769616.551188370212913, 1607030.342301044147462 ], [ 11861050.753697128966451, 1604232.662083661882207 ], [ 11895096.68209571018815, 1556863.848028542473912 ] ] ], [ [ [ 11659461.318057958036661, 1279188.59787982259877 ], [ 11678534.465830435976386, 1314897.495582486269996 ], [ 11677908.058625750243664, 1393968.94427057611756 ], [ 11729194.679322877898812, 1401449.570552118588239 ], [ 11726028.394643012434244, 1315691.140366278821602 ], [ 11778658.047601463273168, 1438627.706023378996179 ], [ 11787118.156626855954528, 1317143.391161037841812 ], [ 11758627.474892014637589, 1275241.579013492213562 ], [ 11739177.695578381419182, 1194636.641302968142554 ], [ 11713885.4725496545434, 1156838.549072302877903 ], [ 11644311.217376226559281, 1245049.600135785760358 ], [ 11659461.318057958036661, 1279188.59787982259877 ] ] ], [ [ [ 11440304.639575289562345, 2321749.964514861349016 ], [ 11437599.340716598555446, 2269815.619026937056333 ], [ 11490571.61838761344552, 2179884.695169552229345 ], [ 11489122.449214061722159, 2075394.775897624436766 ], [ 11442629.575219865888357, 2033660.718386994441971 ], [ 11448686.155682491138577, 1931996.764993322314695 ], [ 11489389.758389221504331, 1831371.497190512251109 ], [ 11542065.937313836067915, 1817437.120075030019507 ], [ 11580976.912920992821455, 1832404.019729620311409 ], [ 11712147.164638569578528, 1762251.081234046956524 ], [ 11715680.869110554456711, 1693287.880164703354239 ], [ 11751919.04039129242301, 1662827.153116830158979 ], [ 11752135.201716309413314, 1604354.017662149621174 ], [ 11667669.978084396570921, 1666631.469215832883492 ], [ 11620907.60706815123558, 1733222.801474932115525 ], [ 11604865.531271852552891, 1686704.293853649869561 ], [ 11531082.154559610411525, 1762548.783246058272198 ], [ 11448635.391421722248197, 1743833.146691136527807 ], [ 11396550.12682537920773, 1771812.771864219335839 ], [ 11391698.487366931512952, 1824117.163350845919922 ], [ 11415100.07573533244431, 1856280.663551403908059 ], [ 11381322.779646841809154, 1885507.211461070692167 ], [ 11377844.744063597172499, 1839957.844650543062016 ], [ 11317330.043764544650912, 1912561.432752068154514 ], [ 11292342.412518467754126, 1967521.550584163051099 ], [ 11263812.193196224048734, 2088138.566584297223017 ], [ 11310451.243063608184457, 2046711.497010909253731 ], [ 11276735.849325060844421, 2243335.909287246409804 ], [ 11280194.200519138947129, 2356831.252011903561652 ], [ 11336804.897370947524905, 2356685.813920559827238 ], [ 11403151.754003383219242, 2320957.470951531082392 ], [ 11423990.502963898703456, 2353544.227880297694355 ], [ 11440304.639575289562345, 2321749.964514861349016 ] ] ], [ [ [ 11581557.714635763317347, 1461924.694600843824446 ], [ 11557556.453865258023143, 1522437.44010290899314 ], [ 11620604.951510729268193, 1483081.668858666438609 ], [ 11680953.782150715589523, 1483268.95775363384746 ], [ 11687170.918749518692493, 1430128.21240546205081 ], [ 11651059.660727230831981, 1376070.331737549742684 ], [ 11596068.58161935582757, 1337817.802114758174866 ], [ 11584384.579793754965067, 1397002.076020767213777 ], [ 11581557.714635763317347, 1461924.694600843824446 ] ] ], [ [ [ 11441399.165785733610392, 1625653.301363808335736 ], [ 11376560.85849261470139, 1722263.555807665921748 ], [ 11458383.930014641955495, 1717611.489010003628209 ], [ 11499196.788002641871572, 1671965.638819853775203 ], [ 11492324.598346762359142, 1562308.870768303750083 ], [ 11441399.165785733610392, 1625653.301363808335736 ] ] ], [ [ [ 11281735.208371447399259, 1194395.897533858893439 ], [ 11168645.227518055588007, 1073205.27165691065602 ], [ 11205476.964630076661706, 1162546.053596769692376 ], [ 11264825.552305554971099, 1241367.956396208144724 ], [ 11310578.830957779660821, 1329570.41535158129409 ], [ 11342620.763562522828579, 1456051.02604879415594 ], [ 11374268.457552364096045, 1352249.468790881801397 ], [ 11320810.930723382160068, 1282071.317922272253782 ], [ 11281735.208371447399259, 1194395.897533858893439 ] ] ] ] } },
{ "type": "Feature", "properties": { "pop_est": 31381992, "continent": "Asia", "name": "Malaysia", "iso_a3": "MYS", "gdp_md_est": 863000.0, "lon_c": 9768094.7894139476, "lat_c": 492298.01914283138 }, "geometry": { "type": "MultiPolygon", "coordinates": [ [ [ [ 11279134.678776757791638, 531392.535900250892155 ], [ 11195046.125696443021297, 553018.751120769884437 ], [ 11085049.413193304091692, 553078.424664288177155 ], [ 11058687.439410693943501, 407103.666242826497182 ], [ 11023483.844734631478786, 362451.865673942957073 ], [ 10979079.155869210138917, 183815.981179420661647 ], [ 10901409.133721925318241, 156433.892703604011331 ], [ 10810195.144362237304449, 192436.321412349847378 ], [ 10764458.990529496222734, 181173.756660457060207 ], [ 10709547.993239428848028, 116206.968987726853811 ], [ 10648287.966388510540128, 125462.191748087498127 ], [ 10586765.591838482767344, 99336.206333333058865 ], [ 10520352.265415266156197, 171925.880054281005869 ], [ 10502665.785289935767651, 257779.562454815400997 ], [ 10573813.760065, 213759.217445320769912 ], [ 10647320.894988548010588, 237762.994032001763117 ], [ 10663631.781162839382887, 346505.739445152634289 ], [ 10703689.197936804965138, 370723.212259638763499 ], [ 10817442.411029309034348, 398521.549489529861603 ], [ 10881767.741308458149433, 500074.727830472285859 ], [ 10924563.399792796000838, 581215.747247500345111 ], [ 10971644.545543570071459, 514721.235289819480386 ], [ 10989477.627444382756948, 558435.708172087208368 ], [ 11035416.892925467342138, 554371.3469548340654 ], [ 11036270.999628143385053, 636287.780210923519917 ], [ 11036491.964562842622399, 699437.564854354830459 ], [ 11103636.504017436876893, 788566.554571296670474 ], [ 11143595.901531059294939, 888662.423310531186871 ], [ 11182178.466732313856483, 889082.505808308371343 ], [ 11236709.547764690592885, 824303.460257220431231 ], [ 11245454.126330217346549, 768617.036106145591475 ], [ 11311049.980561207979918, 732888.874987280578353 ], [ 11393531.088152717798948, 694323.169996294775046 ], [ 11390080.940998457372189, 644097.931331119849347 ], [ 11326323.996472969651222, 637735.849997702636756 ], [ 11347179.828766252845526, 575100.014372536446899 ], [ 11279134.678776757791638, 531392.535900250892155 ] ] ], [ [ [ 9559315.088921122252941, 829724.216797947650775 ], [ 9574301.498910129070282, 852563.008876238716766 ], [ 9656142.544819572940469, 796468.090300472686067 ], [ 9667926.088400797918439, 730670.060050569823943 ], [ 9730047.013101249933243, 745975.885087545611896 ], [ 9757803.443705216050148, 798616.354193381150253 ], [ 9780587.324836049228907, 786646.547660136595368 ], [ 9842008.908808272331953, 709278.320464698597789 ], [ 9887068.711164442822337, 623433.550134766381234 ], [ 9896900.46647485345602, 537045.482686456176452 ], [ 9889282.055413180962205, 478665.239394431526307 ], [ 9900340.653105109930038, 434530.051061095204204 ], [ 9909941.983115216717124, 358540.065666467067786 ], [ 9944715.122332332655787, 323152.462935614166781 ], [ 9985012.246346330270171, 209567.066019453719491 ], [ 9983892.65753036737442, 166133.439825816167286 ], [ 9916089.031786849722266, 157562.526135992549825 ], [ 9823787.366125432774425, 252724.893477683333913 ], [ 9707862.206645453348756, 354661.394562367466278 ], [ 9694501.210297400131822, 420077.493791143002454 ], [ 9635808.604812975972891, 505930.798891231243033 ], [ 9617594.291407007724047, 612182.413958565681241 ], [ 9579294.381656410172582, 682099.614774121786468 ], [ 9584045.388652440160513, 775417.278724938398227 ], [ 9559315.088921122252941, 829724.216797947650775 ] ] ] ] } },
{ "type": "Feature", "properties": { "pop_est": 443593, "continent": "Asia", "name": "Brunei", "iso_a3": "BRN", "gdp_md_est": 33730.0, "lon_c": 10989026.475514848, "lat_c": 605211.02819301793 }, "geometry": { "type": "Polygon", "coordinates": [ [ [ 11036491.964562842622399, 699437.564854354830459 ], [ 11036270.999628143385053, 636287.780210923519917 ], [ 11035416.892925467342138, 554371.3469548340654 ], [ 10989477.627444382756948, 558435.708172087208368 ], [ 10971644.545543570071459, 514721.235289819480386 ], [ 10924563.399792796000838, 581215.747247500345111 ], [ 10959648.550322452560067, 629206.30913853563834 ], [ 11036491.964562842622399, 699437.564854354830459 ] ] ] } },
{ "type": "Feature", "properties": { "pop_est": 1972126, "continent": "Europe", "name": "Slovenia", "iso_a3": "SVN", "gdp_md_est": 68350.0, "lon_c": 1200828.8370277192, "lat_c": 5586382.9286597278 }, "geometry": { "type": "Polygon", "coordinates": [ [ [ 1122195.788277039304376, 5626553.609184855595231 ], [ 1190018.248081728350371, 5618416.644028277136385 ], [ 1228979.443192870588973, 5642222.391107846982777 ], [ 1299743.996371950721368, 5644832.306247755885124 ], [ 1313557.307799353031442, 5662498.391045426949859 ], [ 1327304.363673800369725, 5661341.836405247449875 ], [ 1346449.823500231606886, 5625970.490276467055082 ], [ 1284268.468385061016306, 5598046.128996627405286 ], [ 1280146.831250909017399, 5555431.690827566199005 ], [ 1252690.692129731876776, 5544603.604185677133501 ], [ 1255541.474166944855824, 5514985.142723274417222 ], [ 1223224.498783918330446, 5517041.689994187094271 ], [ 1193951.421557261608541, 5534349.780676612630486 ], [ 1180414.514778725337237, 5516454.930207030847669 ], [ 1123056.180837765103206, 5520079.147129193879664 ], [ 1140530.50889561441727, 5529695.512956717051566 ], [ 1117449.234349315986037, 5574719.728322827257216 ], [ 1122195.788277039304376, 5626553.609184855595231 ] ] ] } },
{ "type": "Feature", "properties": { "pop_est": 5491218, "continent": "Europe", "name": "Finland", "iso_a3": "FIN", "gdp_md_est": 224137.0, "lon_c": 1862265.2889150367, "lat_c": 7296855.698621558 }, "geometry": { "type": "Polygon", "coordinates": [ [ [ 1879040.184945189394057, 7625218.378677843138576 ], [ 1883479.359941088361666, 7577235.861872590146959 ], [ 1999069.830187384504825, 7530525.897817309014499 ], [ 1953197.127960800426081, 7476466.815479547716677 ], [ 2056156.917356157908216, 7392509.493659934960306 ], [ 2028683.666975850705057, 7327472.55277013592422 ], [ 2106942.769657046534121, 7269796.498609263449907 ], [ 2092869.241795965470374, 7218389.081470073200762 ], [ 2211696.508726174943149, 7163449.02287644520402 ], [ 2196833.516297301277518, 7121972.070391360670328 ], [ 2143959.996481189504266, 7074404.926893914118409 ], [ 2017917.965700833592564, 6967139.927175214514136 ], [ 2017918.121483200462535, 6967139.852906750515103 ], [ 2017917.862525550881401, 6967139.633116529323161 ], [ 1888957.821405020542443, 6960358.532573997974396 ], [ 1768902.922156262909994, 6928964.042995758354664 ], [ 1654889.609044861514121, 6910796.08781064953655 ], [ 1604248.568731133127585, 6957624.459009476937354 ], [ 1529498.077318922849372, 6985550.068745024502277 ], [ 1530118.038574863458052, 7068209.072804096154869 ], [ 1481847.423297405941412, 7142341.021645224653184 ], [ 1506290.007320496253669, 7189386.356647551991045 ], [ 1559466.731709066545591, 7239395.242510328069329 ], [ 1698964.220546952448785, 7323914.898633853532374 ], [ 1740975.239673903211951, 7339936.187333013862371 ], [ 1726098.531311644706875, 7372068.006385228596628 ], [ 1623033.848344622412696, 7407531.797715235501528 ], [ 1593505.698233247734606, 7436378.009489154443145 ], [ 1565766.130102724768221, 7547305.545982098206878 ], [ 1451338.406016303692013, 7594652.788214277476072 ], [ 1356212.570088346488774, 7628024.405115244910121 ], [ 1391656.542277159867808, 7645805.293427563272417 ], [ 1472737.683884835336357, 7610057.681632298976183 ], [ 1557935.436990669928491, 7613432.895223417319357 ], [ 1632833.930925756460056, 7596900.747776590287685 ], [ 1687783.356910657603294, 7627068.538811604492366 ], [ 1706618.257604879094288, 7676027.717737095430493 ], [ 1801336.769683175254613, 7698220.223858611658216 ], [ 1892674.217833838891238, 7672148.302208447828889 ], [ 1879040.184945189394057, 7625218.378677843138576 ] ] ] } },
{ "type": "Feature", "properties": { "pop_est": 5445829, "continent": "Europe", "name": "Slovakia", "iso_a3": "SVK", "gdp_md_est": 168800.0, "lon_c": 1568871.7312834193, "lat_c": 5854952.7223227294 }, "geometry": { "type": "Polygon", "coordinates": [ [ [ 1797577.083521659253165, 5893149.185281903482974 ], [ 1779140.75662256218493, 5866567.212574993260205 ], [ 1769138.393405480543151, 5825245.204488183371723 ], [ 1753444.584574929205701, 5814728.769521872512996 ], [ 1663633.073676809901372, 5845933.291066738776863 ], [ 1638205.307688417611644, 5839677.915398989804089 ], [ 1622420.321406800998375, 5815510.161385812796652 ], [ 1586317.003958688816056, 5802656.321436993777752 ], [ 1576858.880511330673471, 5809238.485467807389796 ], [ 1539655.340931916376576, 5793245.579247506335378 ], [ 1508095.690241437172517, 5790191.757976241409779 ], [ 1503959.793357464717701, 5769453.888776575215161 ], [ 1437793.788049965165555, 5756777.609524049796164 ], [ 1406930.40618071355857, 5768059.345140788704157 ], [ 1363298.349643629975617, 5794495.055048973299563 ], [ 1351644.38175464514643, 5830149.834583738818765 ], [ 1356725.411954233190045, 5843178.403500430285931 ], [ 1365696.113020679214969, 5865705.802788651548326 ], [ 1401261.281018717447296, 5863972.153578720055521 ], [ 1427368.306970269884914, 5874548.337469411082566 ], [ 1428473.728876190492883, 5884046.307526067830622 ], [ 1443198.238124074880034, 5888891.490693429484963 ], [ 1445803.900545603362843, 5912066.934321534819901 ], [ 1463556.82006926019676, 5916488.998951565474272 ], [ 1473760.609276432543993, 5934769.95682686753571 ], [ 1497428.939967227401212, 5934893.146027490496635 ], [ 1502637.57007115194574, 5928765.552830319851637 ], [ 1533638.692876624176279, 5942532.550786042585969 ], [ 1578135.991606702795252, 5906532.802512538619339 ], [ 1622388.983890157425776, 5928319.638721403665841 ], [ 1661269.571128015872091, 5917888.966347606852651 ], [ 1716580.014193625189364, 5932242.865671244449914 ], [ 1797577.083521659253165, 5893149.185281903482974 ] ] ] } },
{ "type": "Feature", "properties": { "pop_est": 10674723, "continent": "Europe", "name": "Czechia", "iso_a3": "CZE", "gdp_md_est": 350900.0, "lon_c": 1231549.1830789659, "lat_c": 5961404.0387862204 }, "geometry": { "type": "Polygon", "coordinates": [ [ [ 1177145.618398229824379, 6096626.388693313114345 ], [ 1217547.27761924918741, 6064558.530729999765754 ], [ 1277228.000298408558592, 6055870.054655815474689 ], [ 1275203.400293624727055, 6028329.296765368431807 ], [ 1320257.430527193937451, 6007558.521329460665584 ], [ 1329235.675886142300442, 6033478.541128718294203 ], [ 1384543.745689389528707, 6022264.013829038478434 ], [ 1395584.916723769390956, 5990780.063231835141778 ], [ 1455086.121852066833526, 5984691.445586350746453 ], [ 1497428.939967227401212, 5934893.146027490496635 ], [ 1473760.609276432543993, 5934769.95682686753571 ], [ 1463556.82006926019676, 5916488.998951565474272 ], [ 1445803.900545603362843, 5912066.934321534819901 ], [ 1443198.238124074880034, 5888891.490693429484963 ], [ 1428473.728876190492883, 5884046.307526067830622 ], [ 1427368.306970269884914, 5874548.337469411082566 ], [ 1401261.281018717447296, 5863972.153578720055521 ], [ 1365696.113020679214969, 5865705.802788651548326 ], [ 1356725.411954233190045, 5843178.403500430285931 ], [ 1317890.321862395387143, 5862518.368911375291646 ], [ 1280901.260528382146731, 5857206.016176871024072 ], [ 1215939.92256303015165, 5888390.755764417350292 ], [ 1188585.149398423731327, 5880770.69596185348928 ], [ 1147403.991373535012826, 5838903.962385781109333 ], [ 1085202.270820702658966, 5871860.617158707231283 ], [ 1036592.626701580942608, 5915682.532934326678514 ], [ 994086.096831149887294, 5940083.781259663403034 ], [ 982336.46001798287034, 5982724.296312777325511 ], [ 966144.386328893946484, 6012643.369487977586687 ], [ 1021684.096890854067169, 6034490.899372481741011 ], [ 1048786.06879816390574, 6059416.808787828311324 ], [ 1103480.565978892846033, 6078737.931617110967636 ], [ 1121392.874800337012857, 6097679.308804137632251 ], [ 1143154.644262223038822, 6086248.623516359366477 ], [ 1177145.618398229824379, 6096626.388693313114345 ] ] ] } },
{ "type": "Feature", "properties": { "pop_est": 5918919, "continent": "Africa", "name": "Eritrea", "iso_a3": "ERI", "gdp_md_est": 9169.0, "lon_c": 3607730.8224327955, "lat_c": 1941167.1599484482 }, "geometry": { "type": "Polygon", "coordinates": [ [ [ 3437728.838915152475238, 1843223.814955215668306 ], [ 3424776.060720873065293, 1893821.924502182519063 ], [ 3453844.030724340118468, 2079097.144284246489406 ], [ 3457525.828212706372142, 2162681.267446952406317 ], [ 3484399.533372461330146, 2201184.309151344001293 ], [ 3551966.044450601097196, 2221817.045529644005001 ], [ 3594068.226955549791455, 2293376.030286585446447 ], [ 3659170.767800793517381, 2148114.614751925691962 ], [ 3693127.791009564884007, 2032615.856794138439 ], [ 3748861.945836959406734, 1971217.393677947111428 ], [ 3885383.63974699890241, 1851943.189543951069936 ], [ 3942459.580609357450157, 1779835.788424359401688 ], [ 3998221.622057421132922, 1706750.901717836270109 ], [ 4030450.338795491494238, 1663194.160156504251063 ], [ 4079268.644801285583526, 1625036.885683648521081 ], [ 4052520.818195236846805, 1594037.983388955937698 ], [ 4011336.043035592418164, 1605058.912782431580126 ], [ 3976584.892471964005381, 1646121.508390654809773 ], [ 3933247.222804567310959, 1720448.760755261173472 ], [ 3888851.290530533529818, 1761136.793218462029472 ], [ 3861707.582426017615944, 1804841.937711239326745 ], [ 3776364.892038490623236, 1855547.168316118884832 ], [ 3711582.738222943618894, 1857058.9539693382103 ], [ 3687181.398001533467323, 1883481.927235321840271 ], [ 3633697.733862886205316, 1853762.297811408294365 ], [ 3572954.771536492276937, 1911116.926218949491158 ], [ 3549142.556455541867763, 1816791.729064919985831 ], [ 3437728.838915152475238, 1843223.814955215668306 ] ] ] } },
{ "type": "Feature", "properties": { "pop_est": 126451398, "continent": "Asia", "name": "Japan", "iso_a3": "JPN", "gdp_md_est": 4932000.0, "lon_c": 12029090.83678747, "lat_c": 4478417.9189902879 }, "geometry": { "type": "MultiPolygon", "coordinates": [ [ [ [ 12117599.133126301690936, 4829315.70822470728308 ], [ 12111462.362070174887776, 4715779.433661591261625 ], [ 12185801.570866674184799, 4598513.452178141102195 ], [ 12208206.980014771223068, 4507212.722151569090784 ], [ 12257326.923079239204526, 4449623.11582900583744 ], [ 12258861.931550577282906, 4368292.110263450071216 ], [ 12177715.02246250025928, 4313779.439562812447548 ], [ 12027577.569025997072458, 4306663.26558821555227 ], [ 11973405.537308648228645, 4173667.456975806504488 ], [ 11890716.6958859115839, 4218546.873532250523567 ], [ 11840769.890612980350852, 4305532.451707949861884 ], [ 11701905.735199205577374, 4279903.435520608909428 ], [ 11626511.866528872400522, 4225062.122457936406136 ], [ 11524666.865613464266062, 4222826.344299546442926 ], [ 11657540.121951622888446, 4136819.424380923621356 ], [ 11695539.490071361884475, 3936669.088668554089963 ], [ 11661106.47273026034236, 3886811.894927103072405 ], [ 11596646.78980353474617, 3932867.787789000198245 ], [ 11568084.307235388085246, 4039269.104378853924572 ], [ 11495478.16553021594882, 4073485.346735819242895 ], [ 11420237.8402044698596, 4153924.699210436549038 ], [ 11485652.41987163759768, 4189954.488824547734112 ], [ 11494464.567845093086362, 4263248.061033854261041 ], [ 11551309.97334236651659, 4323305.174066517502069 ], [ 11572997.380362136289477, 4402415.200281300581992 ], [ 11727625.745680890977383, 4436809.507665941491723 ], [ 11833988.516214901581407, 4413233.898292147554457 ], [ 11807175.448871098458767, 4617085.716822675429285 ], [ 11897156.5976566914469, 4562576.272489380091429 ], [ 11955173.971481006592512, 4676502.493106028996408 ], [ 11976767.677440410479903, 4720528.681778041645885 ], [ 11942499.234368786215782, 4858258.186464947648346 ], [ 11844604.87362083978951, 4983729.786198035813868 ], [ 11832518.359619319438934, 5053700.409835937432945 ], [ 11908045.171328796073794, 5073961.471311945468187 ], [ 12059791.944267582148314, 4920084.539430365897715 ], [ 12117599.133126301690936, 4829315.70822470728308 ] ] ], [ [ [ 11971838.670572845265269, 5355500.024898272939026 ], [ 11994773.203927593305707, 5401063.820624016225338 ], [ 12106976.721677975729108, 5279973.639119551517069 ], [ 12005906.927052246406674, 5250252.856740669347346 ], [ 12012401.217049488797784, 5141791.976136420853436 ], [ 11826555.53262528963387, 5216550.094319657422602 ], [ 11866732.446758097037673, 5096665.472265087999403 ], [ 11774328.408543037250638, 5095009.748663211241364 ], [ 11685749.976518750190735, 5204002.152218231931329 ], [ 11666156.246470073238015, 5287690.174944387748837 ], [ 11750523.288398632779717, 5293708.571798250079155 ], [ 11661595.78806652314961, 5442543.099010743200779 ], [ 11620692.572364835068583, 5525504.868028534576297 ], [ 11804546.998012103140354, 5414532.314241546206176 ], [ 11895907.455997223034501, 5378444.278252152726054 ], [ 11971838.670572845265269, 5355500.024898272939026 ] ] ], [ [ [ 11671760.37985715828836, 4173531.495937798172235 ], [ 11684635.750750664621592, 4243170.3102489374578 ], [ 11741654.883804628625512, 4229689.499299659393728 ], [ 11752062.222167834639549, 4278623.724255935288966 ], [ 11829836.74127920717001, 4253527.83550947252661 ], [ 11862123.352731421589851, 4213560.940592776052654 ], [ 11849071.977482812479138, 4142815.436767857987434 ], [ 11793617.380275441333652, 4180352.502793584484607 ], [ 11762309.052370376884937, 4153165.531503137666732 ], [ 11773361.434185188263655, 4084561.838192144408822 ], [ 11699043.531281724572182, 4117992.849977387115359 ], [ 11671760.37985715828836, 4173531.495937798172235 ] ] ] ] } },
{ "type": "Feature", "properties": { "pop_est": 6943739, "continent": "South America", "name": "Paraguay", "iso_a3": "PRY", "gdp_md_est": 64670.0, "lon_c": -5402378.6554402197, "lat_c": -2928917.5558434795 }, "geometry": { "type": "Polygon", "coordinates": [ [ [ -5409573.868466810323298, -2565367.22501712385565 ], [ -5373074.069859454408288, -2634484.223145419731736 ], [ -5356248.984271019697189, -2802683.102436086628586 ], [ -5255349.505333446897566, -2826404.036798703484237 ], [ -5220984.145012731663883, -2802204.041897719260305 ], [ -5153968.456233679316938, -2835638.84274312807247 ], [ -5131571.161939200013876, -2872501.351754266303033 ], [ -5106958.265360163524747, -2985333.759932692628354 ], [ -5089303.765929180197418, -3032609.945618000347167 ], [ -5054256.355584731325507, -3038050.68745325319469 ], [ -5022685.006530553102493, -3018204.413003113120794 ], [ -4986402.312728397548199, -3040472.709021961782128 ], [ -4976579.971358367241919, -3107849.604858885053545 ], [ -4978112.334231299348176, -3180152.785117292311043 ], [ -4985168.534426791593432, -3250529.761733579449356 ], [ -4982905.96625682618469, -3357812.446500921156257 ], [ -5049777.872157520614564, -3450584.638909844215959 ], [ -5118104.820069360546768, -3469999.060624022502452 ], [ -5223134.432020253501832, -3451559.149115236941725 ], [ -5320456.11838080920279, -3418636.337007073219866 ], [ -5262441.216446408070624, -3234008.592456830665469 ], [ -5284344.660722997970879, -3180171.715366533957422 ], [ -5386344.589421576820314, -3132402.579077547416091 ], [ -5512980.25989449582994, -3041918.22139911307022 ], [ -5591085.793341307900846, -3023254.417300037108362 ], [ -5792176.856297534890473, -2822312.335112107452005 ], [ -5777829.441197191365063, -2674075.157694345340133 ], [ -5785003.066507579758763, -2607280.639304240699857 ], [ -5755368.470810594037175, -2497746.743409647606313 ], [ -5597690.711637738160789, -2461458.469808975234628 ], [ -5510905.556905444711447, -2463225.000765123870224 ], [ -5416074.708017977885902, -2526986.116210483945906 ], [ -5409573.868466810323298, -2565367.22501712385565 ] ] ] } },
{ "type": "Feature", "properties": { "pop_est": 28036829, "continent": "Asia", "name": "Yemen", "iso_a3": "YEM", "gdp_md_est": 73450.0, "lon_c": 4466134.1615719721, "lat_c": 2019081.2868009876 }, "geometry": { "type": "Polygon", "coordinates": [ [ [ 4852490.399964796379209, 2418673.716644425410777 ], [ 4947172.817553958855569, 2212054.360595065634698 ], [ 4986417.594822468236089, 2124283.399498303886503 ], [ 4921689.616990736685693, 2090492.499678139341995 ], [ 4908652.380700672976673, 2034594.890695555368438 ], [ 4910287.885434719733894, 1991617.964019871549681 ], [ 4821138.724492510780692, 1938362.745137633290142 ], [ 4675339.201864069327712, 1879454.869268466252834 ], [ 4597677.606707469560206, 1790234.942085395567119 ], [ 4556604.419149565510452, 1783259.867969706421718 ], [ 4527718.649291917681694, 1790745.040878624655306 ], [ 4476247.120649034157395, 1738200.932695477735251 ], [ 4417667.664596509188414, 1713810.342298332601786 ], [ 4338722.590082097798586, 1707228.978925344068557 ], [ 4315314.156891995109618, 1700027.950880904681981 ], [ 4296809.739444066770375, 1666552.829378839582205 ], [ 4272595.721175387501717, 1657298.848215259378776 ], [ 4259962.564676217734814, 1625030.328038024017587 ], [ 4212924.425896755419672, 1627830.381429579807445 ], [ 4183720.229090258013457, 1610608.441429877653718 ], [ 4117784.195224372670054, 1617062.292003483511508 ], [ 4088662.666772860102355, 1691155.661889617564157 ], [ 4086977.75892097922042, 1760409.220784545177594 ], [ 4069095.234845714643598, 1797755.169510914944112 ], [ 4044320.783973971847445, 1891265.123115023365244 ], [ 4013612.961885021533817, 1943169.331751627614722 ], [ 4032031.818815785460174, 1949305.729860756080598 ], [ 4018218.392573153600097, 2006930.13428667630069 ], [ 4027832.7390779084526, 2031232.439315298572183 ], [ 4019531.221149853430688, 2086148.688258316600695 ], [ 4057660.494776919018477, 2126274.9387874789536 ], [ 4043821.462143467273563, 2179248.664036517031491 ], [ 4063606.732916638720781, 2240941.13333143433556 ], [ 4104804.834453428164124, 2208318.568027214147151 ], [ 4129267.611344502307475, 2219661.189729216508567 ], [ 4237168.597909920848906, 2222543.407406478654593 ], [ 4255431.919202445074916, 2209995.172873100265861 ], [ 4347138.001432297751307, 2197440.207915535662323 ], [ 4382524.420502913184464, 2203719.746789479628205 ], [ 4409639.435798915103078, 2161858.246828855015337 ], [ 4451576.73257808573544, 2182795.398623509798199 ], [ 4506550.570191065780818, 2314461.703752933070064 ], [ 4588275.096708179451525, 2370768.335045973304659 ], [ 4852490.399964796379209, 2418673.716644425410777 ] ] ] } },
{ "type": "Feature", "properties": { "pop_est": 28571770, "continent": "Asia", "name": "Saudi Arabia", "iso_a3": "SAU", "gdp_md_est": 1731000.0, "lon_c": 4103259.8342600712, "lat_c": 3057774.6219355632 }, "geometry": { "type": "Polygon", "coordinates": [ [ [ 3142941.467812020797282, 3687430.547709121834487 ], [ 3245273.599295908585191, 3668382.060204327572137 ], [ 3279712.378657691180706, 3705223.965183601714671 ], [ 3295912.956033596768975, 3748247.801784812007099 ], [ 3362266.270506068132818, 3764775.920792592223734 ], [ 3371882.142990674357861, 3804691.712932741735131 ], [ 3398839.530840172432363, 3824906.779279331211001 ], [ 3294232.272574126254767, 3943539.018701964523643 ], [ 3464165.862400824204087, 4002820.681226081680506 ], [ 3478541.81127151241526, 4020600.970723655074835 ], [ 3590158.080790834035724, 3988633.335863864049315 ], [ 3735015.728266220074147, 3905834.99678726028651 ], [ 4023028.843124814797193, 3666153.141679350752383 ], [ 4191788.500505323987454, 3656581.839473757892847 ], [ 4273798.326812298037112, 3645011.138850298244506 ], [ 4305065.475267801433802, 3587802.203640006948262 ], [ 4368399.562394767999649, 3590920.59627199312672 ], [ 4419744.90545417368412, 3487040.776718394830823 ], [ 4468500.67823601514101, 3459453.875931287650019 ], [ 4490458.058130693621933, 3416975.713067579548806 ], [ 4560008.326136961579323, 3366046.075127208605409 ], [ 4572955.972341286018491, 3315953.391462161205709 ], [ 4569798.736925547942519, 3275453.454795070458204 ], [ 4587247.776197253726423, 3234543.997347704134881 ], [ 4618401.222152282483876, 3200369.50033011008054 ], [ 4636256.044881733134389, 3160329.174727598205209 ], [ 4654156.426223947666585, 3130357.887875835411251 ], [ 4685248.72190656978637, 3106078.391908872872591 ], [ 4709436.117953608743846, 3114775.663907682988793 ], [ 4733389.388416247442365, 3068001.712874329648912 ], [ 4740815.105074371211231, 3039639.048582140821964 ], [ 4792864.342430623248219, 2915093.426177010405809 ], [ 5078534.525128055363894, 2852924.14611984603107 ], [ 5093544.292845668271184, 2879002.287244187202305 ], [ 5147853.381456759758294, 2791535.280165002215654 ], [ 5117762.411536084488034, 2543373.335950532462448 ], [ 4852490.399964796379209, 2418673.716644425410777 ], [ 4588275.096708179451525, 2370768.335045973304659 ], [ 4506550.570191065780818, 2314461.703752933070064 ], [ 4451576.73257808573544, 2182795.398623509798199 ], [ 4409639.435798915103078, 2161858.246828855015337 ], [ 4382524.420502913184464, 2203719.746789479628205 ], [ 4347138.001432297751307, 2197440.207915535662323 ], [ 4255431.919202445074916, 2209995.172873100265861 ], [ 4237168.597909920848906, 2222543.407406478654593 ], [ 4129267.611344502307475, 2219661.189729216508567 ], [ 4104804.834453428164124, 2208318.568027214147151 ], [ 4063606.732916638720781, 2240941.13333143433556 ], [ 4043821.462143467273563, 2179248.664036517031491 ], [ 4057660.494776919018477, 2126274.9387874789536 ], [ 4019531.221149853430688, 2086148.688258316600695 ], [ 4003202.885310735087842, 2139820.372194666881114 ], [ 3971934.237811767496169, 2177661.792858045548201 ], [ 3960707.829705162905157, 2227736.767474483698606 ], [ 3908691.150016080588102, 2272668.670416811015457 ], [ 3850152.632350456435233, 2377636.601436847820878 ], [ 3815094.743553743697703, 2479387.755807837937027 ], [ 3743123.365872209426016, 2565110.099364900961518 ], [ 3699836.79342369036749, 2585539.419654822908342 ], [ 3627662.165657725650817, 2703871.134944661986083 ], [ 3608925.447727857623249, 2789912.300281724892557 ], [ 3605827.906264521647245, 2863130.272061455994844 ], [ 3539431.494066590443254, 2999643.66410947451368 ], [ 3491489.248325077816844, 3047547.530996796675026 ], [ 3439332.233858874533325, 3072904.085042064543813 ], [ 3402044.718846289440989, 3143044.503459215629846 ], [ 3404194.787661131005734, 3170670.385174096561968 ], [ 3372179.265399642288685, 3233923.644654871895909 ], [ 3342657.586269971448928, 3261121.120170407928526 ], [ 3297445.251463817432523, 3351545.529792825225741 ], [ 3231539.689519069623202, 3449216.588802402373403 ], [ 3176238.769938625395298, 3532112.776768147014081 ], [ 3131289.629683046601713, 3531533.694394991733134 ], [ 3138023.263173109851778, 3597581.538286389317364 ], [ 3137286.378295416478068, 3639609.518895549234003 ], [ 3142941.467812020797282, 3687430.547709121834487 ] ] ] } },
{ "type": "Feature", "properties": { "pop_est": 4050, "continent": "Antarctica", "name": "Antarctica", "iso_a3": "ATA", "gdp_md_est": 810.0, "lon_c": 7759117.7574417088, "lat_c": -7793804.8958783429 }, "geometry": { "type": "MultiPolygon", "coordinates": [ [ [ [ 10340610.968050980940461, -8339684.365341875702143 ], [ 10216474.793457053601742, -8392927.598466450348496 ], [ -10216474.793457053601742, -8392927.598466450348496 ], [ -10340610.968050980940461, -8339684.365341875702143 ], [ -10336934.796839851886034, -8339845.566996746696532 ], [ -10314309.475313365459442, -8327596.250117672607303 ], [ -10195166.343122059479356, -8334348.919482332654297 ], [ -10190169.204656330868602, -8333613.111978799104691 ], [ -10145007.038164125755429, -8326705.481671899557114 ], [ -10136527.91263772174716, -8326954.309094422496855 ], [ -10129393.797078799456358, -8327120.07097274903208 ], [ -10026056.127979062497616, -8336043.036878678016365 ], [ -9973081.830455077812076, -8327120.07097274903208 ], [ -9962786.716487396508455, -8325851.663479880429804 ], [ -9802204.319340398535132, -8321844.78144015930593 ], [ -9735930.087468964979053, -8327120.07097274903208 ], [ -9703197.261230388656259, -8329745.155966365709901 ], [ -9601274.204460574313998, -8336788.169398452155292 ], [ -9427234.539061112329364, -8341898.662368944846094 ], [ -9285476.964499052613974, -8347860.330708879977465 ], [ -9055599.967595359310508, -8352093.290512685663998 ], [ -8900579.338522238656878, -8347135.371017419733107 ], [ -8649879.952510884031653, -8350705.120317022316158 ], [ -8501449.389173731207848, -8356119.752921244129539 ], [ -8359646.134585440158844, -8351054.073901263065636 ], [ -8209533.479969578795135, -8346036.304992748424411 ], [ -8214170.230681003071368, -8336788.169398452155292 ], [ -8442000.65035960264504, -8335980.013186902739108 ], [ -8637363.112008109688759, -8331016.989647053182125 ], [ -8702694.399076322093606, -8322295.315811559557915 ], [ -8867324.688903771340847, -8317260.387806667014956 ], [ -8878802.511629847809672, -8306190.079009369947016 ], [ -8878167.758766012266278, -8295444.597641499713063 ], [ -8876396.979316670447588, -8285201.818220546469092 ], [ -8910746.9009780716151, -8273311.167394487187266 ], [ -9023861.292348366230726, -8265054.921058533713222 ], [ -9089929.896638451144099, -8254052.261418567970395 ], [ -9200413.745279386639595, -8243911.73069940879941 ], [ -9054220.383676003664732, -8245839.598346970044076 ], [ -8928523.109202375635505, -8240673.386559466831386 ], [ -8822941.539038395509124, -8251550.143485001288354 ], [ -8736397.814896704629064, -8241973.699992501176894 ], [ -8662899.20357040502131, -8229418.239761197008193 ], [ -8636816.038599038496614, -8217786.078584001399577 ], [ -8684659.054350379854441, -8202900.468601983040571 ], [ -8779846.175770357251167, -8192661.98776307888329 ], [ -8887624.53401673398912, -8181418.104798965156078 ], [ -9014104.847861358895898, -8179133.998983037658036 ], [ -9131351.687498236075044, -8173763.04690776206553 ], [ -9254150.466230506077409, -8169888.416388008743525 ], [ -9321228.280776549130678, -8154879.71565614361316 ], [ -9423299.325002988800406, -8141894.563909488730133 ], [ -9498912.026182971894741, -8126909.298987941816449 ], [ -9614430.529425919055939, -8075971.285142655484378 ], [ -9576150.265142003074288, -8080522.857951069250703 ], [ -9494601.940691797062755, -8094881.254504510201514 ], [ -9403367.853868324309587, -8090424.338201345875859 ], [ -9318853.888638120144606, -8084139.073391489684582 ], [ -9233225.679586734622717, -8103698.728888285346329 ], [ -9145403.47246527671814, -8099306.064709091559052 ], [ -9082456.550543952733278, -8089530.333165651187301 ], [ -9028981.267089271917939, -8076885.397947362624109 ], [ -8987473.356491409242153, -8061219.838476408272982 ], [ -8903730.542892619967461, -8056547.860736196860671 ], [ -8937166.599440945312381, -8038529.984090671874583 ], [ -8990390.034079490229487, -8020100.541641138494015 ], [ -9002782.114505337551236, -8002260.4653693838045 ], [ -8938426.117476848885417, -7993203.93935670889914 ], [ -8873596.009977586567402, -8010235.063578069210052 ], [ -8796255.230639746412635, -8000256.910732700489461 ], [ -8746662.119949718937278, -7987116.947716747410595 ], [ -8660022.130434280261397, -7986099.006642910651863 ], [ -8584756.941160302609205, -7980989.98320241458714 ], [ -8520834.237482093274593, -7968616.742980170994997 ], [ -8472080.584284732118249, -7957135.254767004400492 ], [ -8414657.254656326025724, -7945521.866618619300425 ], [ -8361017.636926472187042, -7948700.659408684819937 ], [ -8311907.88584462646395, -7952926.658442073501647 ], [ -8230611.783171729184687, -7945521.866618619300425 ], [ -8133472.593790500424802, -7955031.747600201517344 ], [ -8049862.706441105343401, -7953979.746488653123379 ], [ -7979187.373882814310491, -7946582.54648819565773 ], [ -7887419.841673070564866, -7951872.484159872867167 ], [ -7787327.595319390296936, -7957135.254767004400492 ], [ -7703965.647421604022384, -7955031.747600201517344 ], [ -7612451.050897642970085, -7956082.661077212542295 ], [ -7518534.522293036803603, -7957135.254767004400492 ], [ -7436281.636157145723701, -7955031.747600201517344 ], [ -7394602.311286038719118, -7939129.469371895305812 ], [ -7330426.480398303829134, -7930550.605661977082491 ], [ -7236597.307815899141133, -7942330.533144718036056 ], [ -7174833.4345493754372, -7932701.060665452852845 ], [ -7132887.424188903532922, -7913184.472221851348877 ], [ -7070094.336634623818099, -7930550.605661977082491 ], [ -7023333.832464260049164, -7949758.091062176972628 ], [ -6960168.715350776910782, -7967578.944401118904352 ], [ -6915898.637478637509048, -7951872.484159872867167 ], [ -6816531.059930740855634, -7971723.555447959341109 ], [ -6725077.974665555171669, -7977910.203244099393487 ], [ -6635819.319295968860388, -7992192.668047458864748 ], [ -6552558.800317433662713, -7989152.179552686400712 ], [ -6485119.113175839185715, -7979965.39767252933234 ], [ -6389416.015653231181204, -7982013.463566050864756 ], [ -6297451.916691101156175, -7989152.179552686400712 ], [ -6202203.216915627941489, -7998246.229935593903065 ], [ -6195571.786702419631183, -7975853.301433992572129 ], [ -6256058.479983651079237, -7958183.988001490943134 ], [ -6308538.252599988132715, -7939129.469371895305812 ], [ -6394079.648728329688311, -7934850.052321225404739 ], [ -6453592.473717751912773, -7914277.30594387371093 ], [ -6491518.303259207867086, -7893321.0604685889557 ], [ -6563542.334223748184741, -7850283.137896410189569 ], [ -6505990.784554095007479, -7858322.942545171827078 ], [ -6419156.263185320422053, -7861751.884045557118952 ], [ -6341316.842035116627812, -7858322.942545171827078 ], [ -6256944.043800390325487, -7867449.200702681206167 ], [ -6174065.047960036434233, -7884385.819045165553689 ], [ -6124950.858383911661804, -7904397.870227295905352 ], [ -6036621.777374463155866, -7907701.511953756213188 ], [ -5963904.66203885152936, -7899982.114353518001735 ], [ -5889595.275250095874071, -7888863.280083153396845 ], [ -5818988.281575870700181, -7882142.303962297737598 ], [ -5741109.146650719456375, -7895546.594937432557344 ], [ -5661984.663182490505278, -7891094.263486026786268 ], [ -5651939.607224281877279, -7846820.412318076007068 ], [ -5575175.267015296034515, -7873120.68599010258913 ], [ -5492399.090447766706347, -7883264.582394258119166 ], [ -5418928.869541226886213, -7877639.812673037871718 ], [ -5345719.73149829171598, -7899982.114353518001735 ], [ -5261287.072508077137172, -7902192.09932154789567 ], [ -5178949.851010723039508, -7908799.64376188442111 ], [ -5093013.898580538108945, -7920814.865281001664698 ], [ -5063049.104801657609642, -7899982.114353518001735 ], [ -5056604.909870287403464, -7879891.656482516787946 ], [ -4973816.458226195536554, -7902192.09932154789567 ], [ -4892682.894160988740623, -7896656.320986729115248 ], [ -4818197.355189951136708, -7908799.64376188442111 ], [ -4759253.13889685831964, -7927314.039789273403585 ], [ -4680697.592456703074276, -7921903.116047156974673 ], [ -4625865.964918646030128, -7909896.717898898757994 ], [ -4573864.404801818542182, -7895546.594937432557344 ], [ -4503889.014640250243247, -7887746.220197800546885 ], [ -4420510.049244043417275, -7881016.019157049246132 ], [ -4346444.693019148893654, -7873120.68599010258913 ], [ -4294188.179704950191081, -7860609.931375902146101 ], [ -4270843.711080450564623, -7842190.163921136409044 ], [ -4275017.349522066302598, -7816438.347859097644687 ], [ -4300930.097202768549323, -7791403.426482825540006 ], [ -4338770.989088220521808, -7767154.366145557723939 ], [ -4379452.410180436447263, -7742514.919770681299269 ], [ -4417925.122987805865705, -7717493.672890656627715 ], [ -4451029.836667355149984, -7694645.275712942704558 ], [ -4473447.759114381857216, -7668903.284550595097244 ], [ -4485743.397985438816249, -7642794.563376924954355 ], [ -4472670.440157035365701, -7617649.012360754422843 ], [ -4466483.332824724726379, -7589479.737456989474595 ], [ -4474831.942519332282245, -7562290.522094054147601 ], [ -4508555.071833265945315, -7531975.313086972571909 ], [ -4535342.958420471288264, -7504052.050599731504917 ], [ -4524278.026979274116457, -7471521.830145422369242 ], [ -4501476.159059726633132, -7450065.721459545195103 ], [ -4475566.48485894780606, -7422623.335324883460999 ], [ -4443915.542048489674926, -7399278.859131572768092 ], [ -4403039.814756917767227, -7377211.799201374873519 ], [ -4396354.593883708119392, -7344516.967517261393368 ], [ -4371440.840573706664145, -7323509.860532524995506 ], [ -4340023.812642003409564, -7303865.022719110362232 ], [ -4276556.976569251157343, -7299315.708284196443856 ], [ -4247332.454459624364972, -7274923.380570501089096 ], [ -4207210.902476897463202, -7259577.976371171884239 ], [ -4155319.694277932867408, -7250334.998647389933467 ], [ -4115987.179746616631746, -7230211.720946394838393 ], [ -4089816.75536796124652, -7205273.290313464589417 ], [ -4040073.635169769171625, -7195872.742050712928176 ], [ -3988420.097536073531955, -7216210.208830058574677 ], [ -4000419.154399736318737, -7242610.999646001495421 ], [ -4058640.091970468405634, -7265726.105501746758819 ], [ -4079237.471071225125343, -7282567.394296326674521 ], [ -4137463.564101953990757, -7270326.160566939041018 ], [ -4190074.600320001598448, -7277981.674234826117754 ], [ -4226999.066975702531636, -7296274.956083388067782 ], [ -4265507.595673305913806, -7315970.356785583309829 ], [ -4285861.229122733697295, -7338530.109780105762184 ], [ -4277479.441302704624832, -7368333.591478569433093 ], [ -4256621.715495918877423, -7396348.102703175507486 ], [ -4209719.239752053283155, -7421167.55134723521769 ], [ -4245529.360859996639192, -7438548.304434288293123 ], [ -4305484.738931105472147, -7444311.73017920460552 ], [ -4327127.203590845689178, -7468673.373009379021823 ], [ -4352087.325255285017192, -7491374.454299886710942 ], [ -4373935.374775321222842, -7522242.671011308208108 ], [ -4366984.492709594778717, -7548562.404967600479722 ], [ -4324478.856015208177269, -7577285.928790344856679 ], [ -4275115.467077122069895, -7598915.66116909775883 ], [ -4210247.37076064851135, -7614981.077670206315815 ], [ -4146072.284090608824044, -7636209.275585573166609 ], [ -4101919.133016542065889, -7662409.745949250645936 ], [ -4071685.663453708402812, -7686962.527662453241646 ], [ -4035748.825517133809626, -7712442.345553483814001 ], [ -3991191.889787447173148, -7733801.176916129887104 ], [ -3956653.180002394132316, -7757343.84057045634836 ], [ -3909934.002464860677719, -7814074.223123685456812 ], [ -3876202.910276635549963, -7836380.210152347572148 ], [ -3855606.194322295952588, -7859466.950648025609553 ], [ -3820421.614263166673481, -7882142.303962297737598 ], [ -3808531.46898481529206, -7912090.578053873032331 ], [ -3827007.847454362083226, -7934850.052321225404739 ], [ -3850845.292045806068927, -7952926.658442073501647 ], [ -3928276.946122540161014, -7960278.18456342164427 ], [ -3942535.120747425127774, -7978939.707678359001875 ], [ -3967198.073286653961986, -7996233.726845242083073 ], [ -4045642.751351200509816, -8015179.329320291988552 ], [ -4121280.595485934522003, -8023036.561497869901359 ], [ -4189588.954162557143718, -8033719.540155217051506 ], [ -4263653.767253078520298, -8044264.150026589632034 ], [ -4296235.271189133636653, -8064007.59373767580837 ], [ -4392381.783645492978394, -8065860.273760790936649 ], [ -4501236.15675997082144, -8064007.59373767580837 ], [ -4594457.36897961422801, -8067710.723385261371732 ], [ -4696883.06145047955215, -8067710.723385261371732 ], [ -4661140.176257614046335, -8085942.474839531816542 ], [ -4561328.927134597674012, -8093988.499253196641803 ], [ -4482815.815099152736366, -8106319.985160758718848 ], [ -4431250.481871124356985, -8121827.22820059210062 ], [ -4486258.611994129605591, -8135282.844584420323372 ], [ -4593531.474259090609848, -8131111.309582063928246 ], [ -4669209.732893317937851, -8141894.563909488730133 ], [ -4656630.206376885063946, -8158872.804418612271547 ], [ -4644032.478515963070095, -8174533.80448090005666 ], [ -4561904.349890208803117, -8187450.164126158691943 ], [ -4535895.07954085804522, -8201452.062557599507272 ], [ -4447912.741493542678654, -8214994.098616453818977 ], [ -4318010.754833054728806, -8220557.348591234534979 ], [ -4203313.801178138703108, -8230090.460817668586969 ], [ -4109952.354878043290228, -8240673.386559466831386 ], [ -3994283.987253531813622, -8250919.6412662435323 ], [ -3844471.610209799837321, -8255916.55671364068985 ], [ -3694436.22797934198752, -8264453.777367045171559 ], [ -3588048.401733391452581, -8273311.167394487187266 ], [ -3472296.513895215466619, -8282984.073612540028989 ], [ -3405670.429658558219671, -8295969.746343285776675 ], [ -3370072.803553356323391, -8305692.39544187579304 ], [ -3306448.442246295977384, -8296493.527466099709272 ], [ -3216645.708913928363472, -8288489.15400811471045 ], [ -3121388.330022325739264, -8279613.846345568075776 ], [ -3005386.206024789717048, -8272148.259805705398321 ], [ -2906662.375093851238489, -8263852.877381495200098 ], [ -2761725.127557890489697, -8263250.641489297151566 ], [ -2616338.342490489594638, -8267439.784466871060431 ], [ -2494799.464543336071074, -8274470.218109419569373 ], [ -2464051.054222260136157, -8261435.924193351529539 ], [ -2387519.074327443726361, -8252177.660628749988973 ], [ -2239864.68526300182566, -8251550.143485001288354 ], [ -2127187.150180581025779, -8244555.107982322573662 ], [ -2019974.134841507766396, -8237402.16186766512692 ], [ -1899884.110383191145957, -8232768.057277823798358 ], [ -1772013.890613276511431, -8226714.539126137271523 ], [ -1684081.276580799138173, -8217786.078584001399577 ], [ -1730283.679487727582455, -8205060.614375963807106 ], [ -1760581.480375411454588, -8191921.52884896658361 ], [ -1765802.931816674536094, -8177606.304119678214192 ], [ -1880548.298321600537747, -8179133.998983037658036 ], [ -2000330.689071817789227, -8185196.380529832094908 ], [ -2116651.076274175196886, -8185196.380529832094908 ], [ -2139334.675059699453413, -8170665.438644326291978 ], [ -2144422.553240788169205, -8140250.076281361281872 ], [ -2121331.6873420025222, -8131111.309582063928246 ], [ -2039622.276284989202395, -8120976.347486851736903 ], [ -1942266.174838687293231, -8110669.351469549350441 ], [ -1873930.464453016407788, -8097538.316743800416589 ], [ -1805289.020670532947406, -8084139.073391489684582 ], [ -1756956.91263088514097, -8065860.273760790936649 ], [ -1676285.622487328480929, -8057484.086434586904943 ], [ -1595978.982620934722945, -8050901.205211044289172 ], [ -1555294.788181504467502, -8047116.952504370361567 ], [ -1461366.836504334118217, -8045215.401206772774458 ], [ -1373418.534020026912913, -8038529.984090671874583 ], [ -1300366.284495004685596, -8028880.50487913377583 ], [ -1228716.242576198419556, -8017151.732711507938802 ], [ -1163989.692492165835574, -8005260.027475661598146 ], [ -1081689.019661470782012, -7989152.179552686400712 ], [ -1030632.254668944398873, -7971723.555447959341109 ], [ -975234.426992295309901, -7956082.661077212542295 ], [ -960727.515112421941012, -7934850.052321225404739 ], [ -1029097.804786217166111, -7921903.116047156974673 ], [ -1011260.550076254992746, -7898875.543325026519597 ], [ -972566.73097783466801, -7881016.019157049246132 ], [ -909030.178594290744513, -7869719.702321346849203 ], [ -841864.182624078239314, -7856028.821682512760162 ], [ -779975.894742432865314, -7837543.619610080495477 ], [ -733246.592753378790803, -7814074.223123685456812 ], [ -705511.79489316069521, -7785378.04983392264694 ], [ -661020.515188171993941, -7768375.490658952854574 ], [ -583952.370139134582132, -7772036.220991788432002 ], [ -550609.761415369226597, -7792604.902995502576232 ], [ -474022.896844365226571, -7795004.88876118324697 ], [ -473362.585423855809495, -7772036.220991788432002 ], [ -442510.92599600245012, -7747474.439458629116416 ], [ -372720.199090196168981, -7753651.293565850704908 ], [ -354940.57487065368332, -7776902.414084373041987 ], [ -278175.599246229976416, -7780539.359219158999622 ], [ -195713.638116405403707, -7769598.857686773873866 ], [ -115394.971858712960966, -7762256.891911785118282 ], [ -42358.676278526363603, -7765932.266707458533347 ], [ -14621.984489026579467, -7791403.426482825540006 ], [ 55717.860147682040406, -7770818.02779324632138 ], [ 121305.944951816651155, -7759803.930071561597288 ], [ 194623.762736265081912, -7751184.756059180945158 ], [ 266894.41623260686174, -7742514.919770681299269 ], [ 333395.938129358226433, -7727547.379315505735576 ], [ 406233.783428306109272, -7717493.672890656627715 ], [ 463092.335142269032076, -7703568.584636070765555 ], [ 504380.801095638307743, -7680533.974882062524557 ], [ 551367.517741671996191, -7697200.937323988415301 ], [ 619705.362492203479633, -7688244.761254898272455 ], [ 663536.535021429765038, -7718753.300659748725593 ], [ 697698.563723980099894, -7741273.449802008457482 ], [ 772563.31532593886368, -7728799.390953027643263 ], [ 805010.626282113604248, -7703568.584636070765555 ], [ 873649.630568637978286, -7685679.360682252794504 ], [ 958459.643083985778503, -7689526.060822478495538 ], [ 980062.965138022438623, -7713705.76710909511894 ], [ 1037448.470321597415023, -7689526.060822478495538 ], [ 1108904.156882324256003, -7681820.871505431830883 ], [ 1185931.070089757442474, -7679246.148052245378494 ], [ 1254581.632875427603722, -7680533.974882062524557 ], [ 1325645.759704979602247, -7688244.761254898272455 ], [ 1394859.823392442427576, -7692089.229898842051625 ], [ 1420393.976546281017363, -7713705.76710909511894 ], [ 1457730.679176929639652, -7732552.990181430242956 ], [ 1531424.776299225864932, -7721269.707241759635508 ], [ 1608136.341940575512126, -7718753.300659748725593 ], [ 1681673.572228180477396, -7718753.300659748725593 ], [ 1754310.074814974330366, -7717493.672890656627715 ], [ 1821631.901171013247222, -7708643.063914486207068 ], [ 1892573.18056511413306, -7701022.334975203499198 ], [ 1955483.554263074416667, -7683106.837287188507617 ], [ 2020485.94500848185271, -7671496.27438210695982 ], [ 2089102.721852883696556, -7665011.988423073664308 ], [ 2145248.318289016839117, -7646732.710095196962357 ], [ 2193971.8959677554667, -7609641.451363677158952 ], [ 2239343.510755766183138, -7586781.357339373789728 ], [ 2304115.438236208166927, -7597567.811572903767228 ], [ 2321209.644020338542759, -7621642.390991715714335 ], [ 2371920.827223279047757, -7637527.459851892665029 ], [ 2442047.654155937954783, -7632245.78581739589572 ], [ 2478994.301707013044506, -7655893.149261094629765 ], [ 2520824.588183410465717, -7672789.671577469445765 ], [ 2593737.912439374718815, -7657201.061995481140912 ], [ 2628845.426420582924038, -7628274.118952232412994 ], [ 2693088.655449256766587, -7616317.253510775975883 ], [ 2771247.727962525095791, -7593529.556781913153827 ], [ 2840084.991025031544268, -7584068.727388343773782 ], [ 2923929.799256450030953, -7570484.655045821331441 ], [ 2982719.7288445266895, -7555437.378366406075656 ], [ 3045014.54365671845153, -7538902.36941003985703 ], [ 3104334.267988775391132, -7523635.104589031077921 ], [ 3163113.780186578631401, -7531975.313086972571909 ], [ 3235353.4913339773193, -7506861.998500620946288 ], [ 3288227.42760752607137, -7487135.823051118291914 ], [ 3350628.945843235123903, -7488549.544429836794734 ], [ 3414387.007503860164434, -7471521.830145422369242 ], [ 3440477.960599631071091, -7445754.317103279754519 ], [ 3507585.070061961654574, -7425524.784398920834064 ], [ 3570731.076148231048137, -7410977.167187699116766 ], [ 3644591.94205423258245, -7399278.859131572768092 ], [ 3710254.313100500032306, -7393414.113867407664657 ], [ 3767868.663696524687111, -7397813.88524254783988 ], [ 3827801.93544416828081, -7405134.512941190972924 ], [ 3871034.649190449155867, -7425524.784398920834064 ], [ 3859895.177425378933549, -7457238.591547589749098 ], [ 3905410.13124709110707, -7481468.767868450842798 ], [ 3934652.12023388594389, -7501242.400743868201971 ], [ 4009640.667505249381065, -7509664.835448954254389 ], [ 4042318.183449545875192, -7529199.91030012909323 ], [ 4085189.115916318260133, -7548562.404967600479722 ], [ 4146404.466883804649115, -7552691.454342387616634 ], [ 4208579.672410499304533, -7538902.36941003985703 ], [ 4284781.846549026668072, -7509664.835448954254389 ], [ 4337670.252777093090117, -7525023.008947003632784 ], [ 4397496.515247274190187, -7533361.721506826579571 ], [ 4454563.252916069701314, -7541665.676464581862092 ], [ 4515970.909065547399223, -7547185.524109444580972 ], [ 4582415.932172825559974, -7547185.524109444580972 ], [ 4585961.783790490590036, -7618979.871042911894619 ], [ 4570941.692990394309163, -7636209.275585573166609 ], [ 4541370.173651420511305, -7666310.010584520176053 ], [ 4466592.808842984959483, -7683106.837287188507617 ], [ 4398154.356450814753771, -7707375.858899736776948 ], [ 4388801.834280950017273, -7732552.990181430242956 ], [ 4461835.973781141452491, -7731300.549718387424946 ], [ 4434598.239045711234212, -7756113.960344986990094 ], [ 4384647.522456107661128, -7779328.025497959926724 ], [ 4335814.461985725909472, -7804571.45569519046694 ], [ 4370267.728117970749736, -7823509.746384991332889 ], [ 4439243.706359014846385, -7829375.401165574789047 ], [ 4520940.051716472022235, -7818798.463513921946287 ], [ 4574505.298921094276011, -7795004.88876118324697 ], [ 4613754.248530046083033, -7772036.220991788432002 ], [ 4664297.762039013206959, -7752418.508325372822583 ], [ 4719263.699400659650564, -7733801.176916129887104 ], [ 4753417.994945331476629, -7711174.640476045198739 ], [ 4812660.307741111144423, -7679246.148052245378494 ], [ 4858552.293164128437638, -7672789.671577469445765 ], [ 4934702.006395783275366, -7670201.951417239382863 ], [ 5006144.482436570338905, -7662409.745949250645936 ], [ 5081157.191404075361788, -7651974.226323278620839 ], [ 5134614.915720037184656, -7625624.138765845447779 ], [ 5174454.511443773284554, -7600255.52759044803679 ], [ 5240482.953528769314289, -7574571.648578836582601 ], [ 5319813.398391230963171, -7556812.650264196097851 ], [ 5387026.190570036880672, -7543049.671762331388891 ], [ 5442876.281142580322921, -7519451.550629306584597 ], [ 5491150.314800876192749, -7506861.998500620946288 ], [ 5548931.492934460751712, -7495609.196099649183452 ], [ 5610019.504321170039475, -7502647.650616444647312 ], [ 5676283.60729493573308, -7495609.196099649183452 ], [ 5749145.126028811559081, -7487135.823051118291914 ], [ 5819112.039352863095701, -7491374.454299886710942 ], [ 5884925.435405163094401, -7471521.830145422369242 ], [ 5961363.720664901658893, -7422619.505393393337727 ], [ 5969112.370609252713621, -7442872.112002359703183 ], [ 5970841.828358503989875, -7477212.44002253934741 ], [ 6014861.745251235552132, -7491374.454299886710942 ], [ 6074150.97900824714452, -7497017.841967324726284 ], [ 6146184.601374955847859, -7488549.544429836794734 ], [ 6209327.413653922267258, -7494199.703240872360766 ], [ 6271048.431133529171348, -7495609.196099649183452 ], [ 6319673.389375523664057, -7488549.544429836794734 ], [ 6372184.975587521679699, -7492789.363969039171934 ], [ 6408642.28646391723305, -7508263.843082735314965 ], [ 6478406.379277737811208, -7498429.35365118086338 ], [ 6550589.561849104240537, -7498429.35365118086338 ], [ 6621968.820353029295802, -7488549.544429836794734 ], [ 6681825.416183496825397, -7498429.35365118086338 ], [ 6750419.848231419920921, -7474366.938406754285097 ], [ 6808805.971886181272566, -7450065.721459545195103 ], [ 6875134.109433851204813, -7429870.812900255434215 ], [ 7015265.236162935383618, -7374252.997412560507655 ], [ 7049086.281033841893077, -7384588.911137923598289 ], [ 7080464.409033978357911, -7405134.512941190972924 ], [ 7099003.594576946459711, -7431321.665089749731123 ], [ 7138776.858998600393534, -7475788.235281311906874 ], [ 7203108.596530917100608, -7477212.44002253934741 ], [ 7264983.321175962686539, -7477212.44002253934741 ], [ 7346603.716740665026009, -7468673.373009379021823 ], [ 7429966.319564731791615, -7458669.915518811903894 ], [ 7507328.249226542189717, -7438548.304434288293123 ], [ 7577338.40868662763387, -7416806.786482252180576 ], [ 7656236.030184179544449, -7413891.686988702975214 ], [ 7724405.398742437362671, -7397813.88524254783988 ], [ 7761489.549018654972315, -7412434.834169786423445 ], [ 7770071.206502977758646, -7435657.833704740740359 ], [ 7791674.966076083481312, -7458669.915518811903894 ], [ 7868884.624239774420857, -7455806.436048303730786 ], [ 7893633.737890549004078, -7474366.938406754285097 ], [ 7952319.646969449706376, -7492789.363969039171934 ], [ 8027976.233809597790241, -7499836.301562191918492 ], [ 8104302.49533573910594, -7494199.703240872360766 ], [ 8184174.30217441637069, -7471521.830145422369242 ], [ 8256535.0930728437379, -7448629.414621052332222 ], [ 8324298.210900398902595, -7442872.112002359703183 ], [ 8372912.1388163222, -7452939.632730599492788 ], [ 8434119.584773389622569, -7460100.407395167276263 ], [ 8511684.185895662754774, -7448629.414621052332222 ], [ 8572503.067921934649348, -7448629.414621052332222 ], [ 8622981.828524826094508, -7455806.436048303730786 ], [ 8675981.086707081645727, -7462962.661480673588812 ], [ 8753114.847020445391536, -7450065.721459545195103 ], [ 8840561.981281423941255, -7438548.304434288293123 ], [ 8913132.780209818854928, -7435657.833704740740359 ], [ 8989952.881080018356442, -7435657.833704740740359 ], [ 9061656.159096295014024, -7428422.956824278458953 ], [ 9130256.203031493350863, -7422623.335324883460999 ], [ 9196594.584223948419094, -7386061.145287684164941 ], [ 9239478.62655652500689, -7354960.456497546285391 ], [ 9255410.262601280584931, -7375730.850449547171593 ], [ 9223184.788906168192625, -7409518.686595377512276 ], [ 9205377.151286110281944, -7439990.398568081669509 ], [ 9200449.092343669384718, -7464390.651466531679034 ], [ 9239764.152945240959525, -7477212.44002253934741 ], [ 9321968.53070293366909, -7472944.803170943632722 ], [ 9412195.058919802308083, -7471521.830145422369242 ], [ 9478752.715716456994414, -7467244.12776561267674 ], [ 9567089.811799494549632, -7467244.12776561267674 ], [ 9632389.346768429502845, -7465817.80708450358361 ], [ 9716674.903055489063263, -7468673.373009379021823 ], [ 9783627.13291128911078, -7474366.938406754285097 ], [ 9798193.533440025523305, -7497017.841967324726284 ], [ 9746221.253412548452616, -7523635.104589031077921 ], [ 9758663.473212646320462, -7544429.156913140788674 ], [ 9805670.064238818362355, -7560922.365523666143417 ], [ 9852906.484852164983749, -7578650.702181154862046 ], [ 9919777.007023938000202, -7590829.380294892005622 ], [ 9992311.385224506258965, -7601605.129787534475327 ], [ 10042678.296661520376801, -7612313.059929368086159 ], [ 10115356.936613216996193, -7613654.557572724297643 ], [ 10194131.159807056188583, -7590829.380294892005622 ], [ 10222359.050302507355809, -7609641.451363677158952 ], [ 10238359.915131429210305, -7630927.456387585029006 ], [ 10270448.630787547677755, -7646732.710095196962357 ], [ 10339184.515340469777584, -7653281.451129712164402 ], [ 10401750.364328498020768, -7661108.955413085408509 ], [ 10390339.298845518380404, -7686962.527662453241646 ], [ 10438167.915038479492068, -7702294.25420671980828 ], [ 10448625.539448233321309, -7725040.494775793515146 ], [ 10503402.817419532686472, -7735048.406429414637387 ], [ 10580196.059284135699272, -7733801.176916129887104 ], [ 10643150.892167946323752, -7737539.991188137792051 ], [ 10722473.159429363906384, -7736294.678070470690727 ], [ 10790649.906354706734419, -7741273.449802008457482 ], [ 10846954.912498766556382, -7749946.778312486596406 ], [ 10886808.965616699308157, -7764709.193004488013685 ], [ 10930972.057567592710257, -7776902.414084373041987 ], [ 10942439.850645277649164, -7795004.88876118324697 ], [ 10890324.244551442563534, -7818798.463513921946287 ], [ 10817013.338944308459759, -7839870.457524190656841 ], [ 10738456.584258230403066, -7866312.401303885504603 ], [ 10677601.282610729336739, -7886625.164250732399523 ], [ 10603642.43352172523737, -7909896.717898898757994 ], [ 10504816.428498553112149, -7918640.893344271928072 ], [ 10431098.565314162522554, -7938061.22909021563828 ], [ 10328341.940419245511293, -7949758.091062176972628 ], [ 10260517.549346461892128, -7970689.049204680137336 ], [ 10180926.814184220507741, -7990166.787442776374519 ], [ 10105502.56343051046133, -8006256.75828187353909 ], [ 10040607.646609926596284, -8026937.931221098639071 ], [ 9989872.714327666908503, -8045215.401206772774458 ], [ 9942197.446254158392549, -8066787.302634734660387 ], [ 9909655.230173833668232, -8084139.073391489684582 ], [ 9909162.215152638033032, -8101942.928845473565161 ], [ 9889658.126159714534879, -8118416.451185757294297 ], [ 9887715.683609114959836, -8133620.971134653314948 ], [ 9987680.870592648163438, -8139423.818245383910835 ], [ 9974915.329808227717876, -8157280.132503974251449 ], [ 9854502.70984860509634, -8163623.128332687541842 ], [ 9746178.226298309862614, -8172215.729666735045612 ], [ 9629980.134783945977688, -8173763.04690776206553 ], [ 9536640.124448051676154, -8195613.054346426390111 ], [ 9491881.117220791056752, -8212886.082840916700661 ], [ 9440266.430533761158586, -8226035.804121293127537 ], [ 9383884.486114719882607, -8238715.628751050680876 ], [ 9440052.751100152730942, -8249657.981828688643873 ], [ 9443548.270284427329898, -8262647.070272088050842 ], [ 9470889.860136091709137, -8273890.603822839446366 ], [ 9521715.830713076516986, -8283540.543066232465208 ], [ 9584360.895671997219324, -8292263.606891136616468 ], [ 9654204.266090121120214, -8300637.183081942610443 ], [ 9769750.396515280008316, -8308659.110870233736932 ], [ 9773633.256346303969622, -8320484.815853739157319 ], [ 9928882.624667061492801, -8325412.305739005096257 ], [ 9936240.225601524114609, -8327120.07097274903208 ], [ 9965054.944338481873274, -8333523.83707372751087 ], [ 10136320.499397343024611, -8328028.608399538323283 ], [ 10252920.3844233173877, -8334758.8047532774508 ], [ 10340610.968050980940461, -8339684.365341875702143 ] ] ], [ [ [ -2923963.718335113488138, -8127827.236912095919251 ], [ -2893363.994581761304289, -8127829.422987743280828 ], [ -2809176.21850264724344, -8118490.902177674695849 ], [ -2713299.293859361670911, -8127829.422987743280828 ], [ -2629455.879209063947201, -8146057.402387904003263 ], [ -2590577.151095215696841, -8170733.035742948763072 ], [ -2574648.649239035788924, -8187515.349746574647725 ], [ -2562147.331643051467836, -8206558.494785783812404 ], [ -2647356.679135033860803, -8217846.583801189437509 ], [ -2738089.841180502902716, -8226773.57586910482496 ], [ -2843942.485409209970385, -8234818.883059420622885 ], [ -2962983.706198224332184, -8241379.876180989667773 ], [ -3103370.427796591538936, -8239426.401168240234256 ], [ -3188053.947963346261531, -8228126.916046430356801 ], [ -3187384.723511156626046, -8213650.608222426846623 ], [ -3067739.949899878818542, -8203684.543695254251361 ], [ -3024577.001276127528399, -8191244.434120466001332 ], [ -2997697.224623735994101, -8174598.824225032702088 ], [ -2979953.25127718783915, -8159736.396577298641205 ], [ -2952400.230052929371595, -8145244.174853564240038 ], [ -2923963.738733267877251, -8127827.202212414704263 ], [ -2923963.718335113488138, -8127827.236912095919251 ] ] ], [ [ [ -3912689.022023238707334, -8214859.2233597477898 ], [ -3778637.034093894530088, -8216257.37652475759387 ], [ -3648844.462528549134731, -8219730.151030031964183 ], [ -3616176.018130833283067, -8204920.375024908222258 ], [ -3594723.428795090410858, -8191776.805607692338526 ], [ -3521915.443170147482306, -8207071.626664072275162 ], [ -3525806.52910242183134, -8225222.839894941076636 ], [ -3531621.675458212383091, -8240546.328294397331774 ], [ -3658216.977031266316772, -8235956.327331459149718 ], [ -3787826.954738167114556, -8237930.603423102758825 ], [ -3870752.112650571390986, -8226582.117849290370941 ], [ -3871863.494163901079446, -8225222.839894941076636 ], [ -3912689.022023238707334, -8214859.2233597477898 ] ] ], [ [ [ -4745427.975919498130679, -7768620.292860032059252 ], [ -4745428.016188867390156, -7768620.242545002140105 ], [ -4707235.561809433624148, -7761276.820694674737751 ], [ -4631043.954638378694654, -7763727.448655106127262 ], [ -4637016.180328566581011, -7731551.114709589630365 ], [ -4651516.571340597234666, -7707630.044272880069911 ], [ -4692696.348856905475259, -7654849.599471743218601 ], [ -4678952.838037746027112, -7623233.263059382326901 ], [ -4626169.316418176516891, -7612580.727713179774582 ], [ -4573142.65342975128442, -7637788.206484895199537 ], [ -4539678.797783071175218, -7662670.479607218876481 ], [ -4489957.249111298471689, -7692342.303776638582349 ], [ -4447926.410163199529052, -7720264.264528656378388 ], [ -4409134.8103844281286, -7748958.958249881863594 ], [ -4380748.115014815703034, -7777142.590082223527133 ], [ -4374067.777729694731534, -7801230.081876942887902 ], [ -4374574.859795718453825, -7823745.352650534361601 ], [ -4442986.377609491348267, -7831947.54957187268883 ], [ -4504742.204910026863217, -7843580.646053917706013 ], [ -4588840.235405976884067, -7842422.522292765788734 ], [ -4576360.604440221562982, -7819034.87645901273936 ], [ -4644534.914500565268099, -7827265.311604769900441 ], [ -4708791.285137733444571, -7835449.367279794067144 ], [ -4771809.352603255771101, -7817855.521302139386535 ], [ -4796093.306831816211343, -7792845.713314861990511 ], [ -4745427.975919498130679, -7768620.292860032059252 ] ] ], [ [ [ -6526837.50415722001344, -7807055.151883069425821 ], [ -6526837.559117430821061, -7807055.102865272201598 ], [ -6498818.511054771021008, -7796307.705366206355393 ], [ -6408282.447883683256805, -7804675.158548601903021 ], [ -6310643.384815962985158, -7809431.059378632344306 ], [ -6231805.985504170879722, -7817721.652464378625154 ], [ -6169525.206069099716842, -7810620.669768090359867 ], [ -6096019.990639283321798, -7844606.521932440809906 ], [ -6150642.453660663217306, -7839971.532015725970268 ], [ -6225131.671472864225507, -7842291.061396418139338 ], [ -6305908.659164940938354, -7839971.532015725970268 ], [ -6387734.548202118836343, -7843449.300609652884305 ], [ -6465382.415608134120703, -7831815.052465540356934 ], [ -6526837.50415722001344, -7807055.151883069425821 ] ] ], [ [ [ -7680515.693335116840899, -7909995.129641174338758 ], [ -7680515.806595142930746, -7909995.084437915123999 ], [ -7692973.622566602192819, -7891191.295675188302994 ], [ -7604247.310113654471934, -7901183.842334397137165 ], [ -7511222.304077950306237, -7909992.19142599683255 ], [ -7449685.237636434845626, -7900075.496994942426682 ], [ -7458683.743263110518456, -7919823.052809655666351 ], [ -7498266.935470003634691, -7933868.109551236964762 ], [ -7590946.908355826511979, -7929567.57440288644284 ], [ -7680515.693335116840899, -7909995.129641174338758 ] ] ], [ [ [ -7988330.845611003227532, -7898969.060412671416998 ], [ -7988330.961759461089969, -7898969.014774153009057 ], [ -7960287.126941156573594, -7886722.560726762749255 ], [ -7878593.388102309778333, -7900075.496994942426682 ], [ -7751978.866749445907772, -7921994.709305427968502 ], [ -7791773.805291652679443, -7919823.052809655666351 ], [ -7880378.342213479802012, -7914372.410121441818774 ], [ -7988330.845611003227532, -7898969.060412671416998 ] ] ], [ [ [ -9791489.261014951393008, -8150925.993459752760828 ], [ -9791489.327300129458308, -8150925.960174400359392 ], [ -9786001.094936827197671, -8135355.180073440074921 ], [ -9661440.308433966711164, -8141968.212270786054432 ], [ -9576302.97240798920393, -8154949.480691161006689 ], [ -9502967.805102394893765, -8169175.90383234154433 ], [ -9452287.456927370280027, -8186766.125188050791621 ], [ -9555896.109397497028112, -8191986.051988954655826 ], [ -9660770.11046271584928, -8178435.269591877236962 ], [ -9723560.749111067503691, -8164478.607803605496883 ], [ -9730610.038640202954412, -8162112.077547113411129 ], [ -9791489.261014951393008, -8150925.993459752760828 ] ] ] ] } },
{ "type": "Feature", "properties": { "pop_est": 265100, "continent": "Asia", "name": "N. Cyprus", "iso_a3": "CYP", "gdp_md_est": 3600.0, "lon_c": 2921108.2087788172, "lat_c": 4388102.9001407372 }, "geometry": { "type": "Polygon", "coordinates": [ [ [ 2860897.456127305980772, 4368513.286030964925885 ], [ 2866991.91394941136241, 4369146.909058526158333 ], [ 2875873.449830299243331, 4397024.161367790773511 ], [ 2938958.764406155329198, 4395466.499612991698086 ], [ 3013433.585736963432282, 4429892.762281647883356 ], [ 2961388.432327879592776, 4380739.300668482668698 ], [ 2970739.325802144594491, 4359080.919610096141696 ], [ 2960810.027742743957788, 4363141.502425946295261 ], [ 2945303.248706498648971, 4354376.273959189653397 ], [ 2931882.541506526526064, 4356787.077903708443046 ], [ 2928122.784141453914344, 4352348.068508163094521 ], [ 2924797.137976192869246, 4364047.379045402631164 ], [ 2917533.689617904368788, 4371137.290726714767516 ], [ 2900516.736349797807634, 4372341.569506941363215 ], [ 2878118.154568763449788, 4362474.770910520106554 ], [ 2860897.456127305980772, 4368513.286030964925885 ] ] ] } },
{ "type": "Feature", "properties": { "pop_est": 1221549, "continent": "Asia", "name": "Cyprus", "iso_a3": "CYP", "gdp_md_est": 29260.0, "lon_c": 2891845.0887243226, "lat_c": 4333751.3608117122 }, "geometry": { "type": "Polygon", "coordinates": [ [ [ 2860897.456127305980772, 4368513.286030964925885 ], [ 2878118.154568763449788, 4362474.770910520106554 ], [ 2900516.736349797807634, 4372341.569506941363215 ], [ 2917533.689617904368788, 4371137.290726714767516 ], [ 2924797.137976192869246, 4364047.379045402631164 ], [ 2928122.784141453914344, 4352348.068508163094521 ], [ 2931882.541506526526064, 4356787.077903708443046 ], [ 2945303.248706498648971, 4354376.273959189653397 ], [ 2960810.027742743957788, 4363141.502425946295261 ], [ 2970739.325802144594491, 4359080.919610096141696 ], [ 2974753.91921603307128, 4349772.086603169329464 ], [ 2891316.797070591710508, 4302667.60103346221149 ], [ 2846444.89709834381938, 4317730.635020254179835 ], [ 2819927.996836693491787, 4364256.650739600881934 ], [ 2860897.456127305980772, 4368513.286030964925885 ] ] ] } },
{ "type": "Feature", "properties": { "pop_est": 33986655, "continent": "Africa", "name": "Morocco", "iso_a3": "MAR", "gdp_md_est": 282800.0, "lon_c": -901001.70259760623, "lat_c": 3583478.6050564549 }, "geometry": { "type": "Polygon", "coordinates": [ [ [ -189630.789518126199255, 4371794.723792618140578 ], [ -157226.177131582138827, 4297563.723939947783947 ], [ -152489.280245345784351, 4226785.474642515182495 ], [ -122761.038163513789186, 4103284.622233863919973 ], [ -99562.040428736218018, 4078329.048359629232436 ], [ -116016.467269815591862, 4032605.008522066287696 ], [ -232295.297326856438303, 4012742.537479265127331 ], [ -272943.255949030164629, 3969087.772826858796179 ], [ -324530.001152264070697, 3958781.056194038130343 ], [ -329501.315073435427621, 3871072.504893756937236 ], [ -434689.824017089325935, 3824036.80769555317238 ], [ -469973.769572908349801, 3764378.279572784435004 ], [ -544011.864062785403803, 3732294.012385229580104 ], [ -634078.381994159775786, 3714070.684763224329799 ], [ -781658.565785375772975, 3625667.413986101280898 ], [ -784815.544940273975953, 3483032.570459401234984 ], [ -798603.337677133851685, 3483032.570459401234984 ], [ -798274.057918213075027, 3418270.504837554879487 ], [ -854492.653806718066335, 3414370.294862518552691 ], [ -884560.991901833564043, 3386811.256509700790048 ], [ -925819.133097095764242, 3386811.256509700790048 ], [ -958195.756352687603794, 3402544.086384239606559 ], [ -1035043.211388359079137, 3389535.287881341762841 ], [ -1067913.66514770546928, 3294931.756670573260635 ], [ -1096707.995582558680326, 3286025.704165186733007 ], [ -1145011.279092067852616, 3132238.320734908338636 ], [ -1277283.745657241204754, 2999957.9171367068775 ], [ -1313789.236102790338919, 2829863.476844721008092 ], [ -1353616.029707805486396, 2774336.705381427891552 ], [ -1366302.816198219778016, 2729731.147553734015673 ], [ -1575292.297683024778962, 2719836.986744741443545 ], [ -1576902.700355217792094, 2720032.272202327381819 ], [ -1570205.999698074068874, 2777405.091127962339669 ], [ -1533313.096902078483254, 2811094.374012722168118 ], [ -1500477.494794871658087, 2875426.975113299675286 ], [ -1504706.920534612610936, 2917139.917597607709467 ], [ -1469429.674227554816753, 3003931.830954958684742 ], [ -1415045.751428131014109, 3081927.667959568090737 ], [ -1383353.91484991973266, 3101662.357549117878079 ], [ -1356170.266682042740285, 3172990.016646362375468 ], [ -1351281.8674061531201, 3237982.45316873723641 ], [ -1315180.106577451806515, 3313206.087141352705657 ], [ -1252708.025428062770516, 3357461.434245756827295 ], [ -1190123.841933159856126, 3481067.223383343778551 ], [ -1188394.985966248204932, 3482757.517200931441039 ], [ -1141032.210385181941092, 3529080.226205017883331 ], [ -1056455.337014087941498, 3542387.65715602831915 ], [ -982366.787047326448373, 3624569.552956881467253 ], [ -936100.04822407499887, 3656529.187969791237265 ], [ -857774.812884767889045, 3756399.2961719147861 ], [ -875155.496875576558523, 3904380.301400013733655 ], [ -837825.030250495648943, 4006109.209428363014013 ], [ -823789.931404772331007, 4068120.953086860012263 ], [ -764234.06448785844259, 4147390.626773986965418 ], [ -674098.533108137431554, 4200806.627819671295583 ], [ -607484.541537701152265, 4249014.822008635848761 ], [ -545765.03721964743454, 4369188.751271505840123 ], [ -516565.029830983432475, 4440077.818723709322512 ], [ -452452.198544930608477, 4439524.215155801735818 ], [ -400861.128523259772919, 4390556.848451213911176 ], [ -317710.509908312815242, 4398542.894080803729594 ], [ -227579.617728285782505, 4373031.825437756255269 ], [ -189630.789518126199255, 4371794.723792618140578 ] ] ] } },
{ "type": "Feature", "properties": { "pop_est": 97041072, "continent": "Africa", "name": "Egypt", "iso_a3": "EGY", "gdp_md_est": 1105000.0, "lon_c": 2667897.8170558065, "lat_c": 3390836.9164630258 }, "geometry": { "type": "Polygon", "coordinates": [ [ [ 3409256.987666556145996, 2791535.140993624459952 ], [ 3042474.234393635764718, 2791535.140993624459952 ], [ 2683665.722860282752663, 2791535.140993624459952 ], [ 2311910.512457170058042, 2791535.140993624459952 ], [ 2282025.062413463834673, 3243615.95807817298919 ], [ 2248948.372013807296753, 3673312.736990013159811 ], [ 2214002.995765877421945, 3769596.713450591079891 ], [ 2230779.919751876965165, 3843113.863398537039757 ], [ 2212533.97178900660947, 3893894.177904010284692 ], [ 2239727.04441340919584, 3950723.450201289728284 ], [ 2357959.34468462690711, 3952678.309910189826041 ], [ 2446673.18840178148821, 3921385.462958899326622 ], [ 2538674.302698923274875, 3886360.010025998577476 ], [ 2581870.500758583191782, 3867878.572561425156891 ], [ 2646687.415589512791485, 3905461.807146920822561 ], [ 2679749.884220986161381, 3939396.282218658365309 ], [ 2757193.154363972134888, 3949151.622641363181174 ], [ 2822176.771431401371956, 3934212.699432311579585 ], [ 2853099.71112524298951, 3875422.868124751839787 ], [ 2869409.12165458034724, 3914169.188547296449542 ], [ 2944114.964004549663514, 3886158.334503201767802 ], [ 3014468.046203620266169, 3879441.442751090042293 ], [ 3054769.398502388969064, 3909313.185161081608385 ], [ 3054769.828252775594592, 3909313.503990632481873 ], [ 3125378.031941695138812, 3735803.937415340449661 ], [ 3137925.109075229149312, 3704754.641249405220151 ], [ 3118200.745026591233909, 3656629.166012947913259 ], [ 3108932.597036162856966, 3565904.155424346216023 ], [ 3091126.5770203624852, 3503171.348641107790172 ], [ 3072250.433943289797753, 3482099.797956553753465 ], [ 3037986.407927782274783, 3521025.943310493603349 ], [ 2991519.167124390602112, 3574765.705892319325358 ], [ 2908803.167772207409143, 3746552.048642055597156 ], [ 2900762.261939499992877, 3735726.201843526214361 ], [ 2951595.745062504895031, 3609331.305161369033158 ], [ 3019750.241978818550706, 3488279.490612944588065 ], [ 3107579.873874796554446, 3299574.034969497937709 ], [ 3147817.371938310563564, 3233387.450333096086979 ], [ 3183908.072128157131374, 3164465.625145280733705 ], [ 3279179.587202287744731, 3028900.453561245463789 ], [ 3262934.074598344042897, 3007495.268954756204039 ], [ 3273269.423792570829391, 2927567.63585025863722 ], [ 3390756.746368105057627, 2816854.335619102697819 ], [ 3409256.987666556145996, 2791535.140993624459952 ] ] ] } },
{ "type": "Feature", "properties": { "pop_est": 6653210, "continent": "Africa", "name": "Libya", "iso_a3": "LBY", "gdp_md_est": 90890.0, "lon_c": 1571454.1053207626, "lat_c": 3319129.4931231467 }, "geometry": { "type": "Polygon", "coordinates": [ [ [ 2311910.512457170058042, 2791535.140993624459952 ], [ 2326235.581885782536119, 2543752.564550460781902 ], [ 2219248.580420670099556, 2543374.082361442502588 ], [ 2220807.94992178818211, 2491106.561657473444939 ], [ 1838563.962083235848695, 2729048.62268826784566 ], [ 1459832.032444750424474, 2965381.968823636416346 ], [ 1369473.634484794456512, 2898064.496141185518354 ], [ 1305865.51830502320081, 2852225.767056060023606 ], [ 1251620.900469423271716, 2919940.502818242181093 ], [ 1104196.650499085197225, 2972999.938300841487944 ], [ 1061469.865792633034289, 3049905.412056150846183 ], [ 987340.869071536581032, 3106837.528915008064359 ], [ 945115.227887154556811, 3084399.969696459826082 ], [ 910638.560492968070321, 3152637.146635920275003 ], [ 905747.635288966586813, 3204962.754378132522106 ], [ 849335.847226274665445, 3293744.032550032250583 ], [ 884056.032395686372183, 3344514.953696261160076 ], [ 873916.549258276703767, 3420722.29932518536225 ], [ 883465.849252957734279, 3486875.470393618568778 ], [ 875254.95353004639037, 3541849.274596506264061 ], [ 888065.704453664482571, 3639910.158107254654169 ], [ 881371.900944429100491, 3695579.205449755769223 ], [ 848919.549341687932611, 3800986.818625320680439 ], [ 891650.209330568090081, 3828573.802655228413641 ], [ 897630.149541697581299, 3878773.477616266347468 ], [ 886407.034099433803931, 3927875.802951192017645 ], [ 945837.184027926647104, 3973450.148940751329064 ], [ 971708.856613414245658, 4011264.929999528452754 ], [ 1013565.175305257202126, 4045088.469032200518996 ], [ 1014694.946022618212737, 4135296.663406699430197 ], [ 1120358.755306512350217, 4094922.24301758594811 ], [ 1157016.474888608092442, 4105022.148824636824429 ], [ 1231919.79323877603747, 4085430.300432173535228 ], [ 1352340.661416208138689, 4032863.095608308911324 ], [ 1399861.239736147690564, 3927898.3401805520989 ], [ 1481188.317668372066692, 3904907.104561355430633 ], [ 1610013.205649154493585, 3855231.889471697155386 ], [ 1709094.217778707388788, 3796083.260653784498572 ], [ 1750677.228833401110023, 3826967.305197374429554 ], [ 1789722.373301963321865, 3881613.007843816652894 ], [ 1762512.590231266105548, 3972312.373436742927879 ], [ 1786188.178147175814956, 4029696.697584918700159 ], [ 1845847.028140143258497, 4084824.124491255730391 ], [ 1905489.424352110829204, 4100841.492842183914036 ], [ 2027204.117439132649451, 4076808.142755550798029 ], [ 2061926.347920799395069, 4024193.177894304972142 ], [ 2095008.418259049532935, 4023694.711016544140875 ], [ 2125021.876511212904006, 4003581.896345561835915 ], [ 2214524.69074977375567, 3989739.204761771485209 ], [ 2239727.04441340919584, 3950723.450201289728284 ], [ 2212533.97178900660947, 3893894.177904010284692 ], [ 2230779.919751876965165, 3843113.863398537039757 ], [ 2214002.995765877421945, 3769596.713450591079891 ], [ 2248948.372013807296753, 3673312.736990013159811 ], [ 2282025.062413463834673, 3243615.95807817298919 ], [ 2311910.512457170058042, 2791535.140993624459952 ] ] ] } },
{ "type": "Feature", "properties": { "pop_est": 105350020, "continent": "Africa", "name": "Ethiopia", "iso_a3": "ETH", "gdp_md_est": 174700.0, "lon_c": 3730748.7480778443, "lat_c": 1145580.6612865075 }, "geometry": { "type": "Polygon", "coordinates": [ [ [ 4557088.337718769907951, 1026611.234234427567571 ], [ 4299734.984074199572206, 642237.368188432534225 ], [ 4175291.092788601759821, 636585.625268858508207 ], [ 4091982.865106778685004, 546153.740345612633973 ], [ 4030695.101441570091993, 543785.115153082064353 ], [ 4005267.905904858373106, 503334.836668303003535 ], [ 3939881.619497000239789, 503357.690887575910892 ], [ 3900508.648629803676158, 546722.154847163474187 ], [ 3814037.866190101485699, 493051.971707763732411 ], [ 3786580.369125336408615, 439561.194825064914767 ], [ 3722601.611189069692045, 449661.364447067724541 ], [ 3701193.962757346685976, 464465.533275373862125 ], [ 3678834.381925676483661, 460927.918219305516686 ], [ 3648565.395105598494411, 462223.723565513908397 ], [ 3525674.127499483991414, 571207.839561285101809 ], [ 3459091.181421975139529, 571207.839561285101809 ], [ 3425658.930084666702896, 613424.691879349178635 ], [ 3424255.114597206935287, 685399.669684738153592 ], [ 3374151.75211040629074, 706907.43621894181706 ], [ 3314504.889648568816483, 846338.765386848594062 ], [ 3270154.878066081088036, 876026.260548445163295 ], [ 3252104.126776734832674, 927212.267897348967381 ], [ 3202048.394158642739058, 989569.017508247867227 ], [ 3143216.655193827580661, 998730.38798446173314 ], [ 3173594.401710458565503, 1071554.088180502178147 ], [ 3224083.728804517071694, 1074695.425940172746778 ], [ 3237110.543138646520674, 1113717.309861354762688 ], [ 3231992.442308627068996, 1228493.059009006014094 ], [ 3255151.879656034056097, 1361905.017037722514942 ], [ 3298719.629456995055079, 1397572.300965812057257 ], [ 3306083.199572464916855, 1449599.882355688139796 ], [ 3342449.145541762001812, 1546721.6399733312428 ], [ 3396607.031708893366158, 1609634.852125415345654 ], [ 3428689.841778269968927, 1734541.501245422754437 ], [ 3437728.838915152475238, 1843223.814955215668306 ], [ 3549142.556455541867763, 1816791.729064919985831 ], [ 3572954.771536492276937, 1911116.926218949491158 ], [ 3633697.733862886205316, 1853762.297811408294365 ], [ 3687181.398001533467323, 1883481.927235321840271 ], [ 3711582.738222943618894, 1857058.9539693382103 ], [ 3776364.892038490623236, 1855547.168316118884832 ], [ 3861707.582426017615944, 1804841.937711239326745 ], [ 3888851.290530533529818, 1761136.793218462029472 ], [ 3933247.222804567310959, 1720448.760755261173472 ], [ 3976584.892471964005381, 1646121.508390654809773 ], [ 4011336.043035592418164, 1605058.912782431580126 ], [ 3981187.97769022686407, 1548899.238858002005145 ], [ 3952316.9289605403319, 1489314.189030344132334 ], [ 3961524.367531804833561, 1454198.988764688838273 ], [ 3965001.03424838045612, 1415488.723313667112961 ], [ 4018148.949817137792706, 1413361.739615908591077 ], [ 4040554.238569832872599, 1422387.316236608894542 ], [ 4062782.461814779788256, 1399699.552393716527149 ], [ 4044302.035806488711387, 1354579.249814307549968 ], [ 4082755.999650726560503, 1284402.919204972684383 ], [ 4120648.492585570551455, 1222993.9556743146386 ], [ 4158993.287508240900934, 1177444.012711660237983 ], [ 4476916.605443553067744, 1025828.733090499299578 ], [ 4557088.337718769907951, 1026611.234234427567571 ] ] ] } },
{ "type": "Feature", "properties": { "pop_est": 865267, "continent": "Africa", "name": "Djibouti", "iso_a3": "DJI", "gdp_md_est": 3345.0, "lon_c": 4021965.0088400086, "lat_c": 1517800.356735812 }, "geometry": { "type": "Polygon", "coordinates": [ [ [ 4011336.043035592418164, 1605058.912782431580126 ], [ 4052520.818195236846805, 1594037.983388955937698 ], [ 4079268.644801285583526, 1625036.885683648521081 ], [ 4103988.935911133885384, 1585751.172109141014516 ], [ 4104021.510790687520057, 1533007.543334910878912 ], [ 4051599.569788389373571, 1502593.170136712957174 ], [ 4094216.557945773936808, 1467801.167761457851157 ], [ 4062782.461814779788256, 1399699.552393716527149 ], [ 4040554.238569832872599, 1422387.316236608894542 ], [ 4018148.949817137792706, 1413361.739615908591077 ], [ 3965001.03424838045612, 1415488.723313667112961 ], [ 3961524.367531804833561, 1454198.988764688838273 ], [ 3952316.9289605403319, 1489314.189030344132334 ], [ 3981187.97769022686407, 1548899.238858002005145 ], [ 4011336.043035592418164, 1605058.912782431580126 ] ] ] } },
{ "type": "Feature", "properties": { "pop_est": 3500000, "continent": "Africa", "name": "Somaliland", "iso_a3": "SOM", "gdp_md_est": 12250.0, "lon_c": 4379853.7008972634, "lat_c": 1250610.2631339431 }, "geometry": { "type": "Polygon", "coordinates": [ [ [ 4645271.493965975008905, 1461260.211751670809463 ], [ 4645271.493965965695679, 1461260.211751665454358 ], [ 4644808.818128116428852, 1459180.203117433236912 ], [ 4647582.012005305849016, 1406758.585747111123055 ], [ 4654685.227156296372414, 1278226.570593571756035 ], [ 4658093.826142220757902, 1211671.717269752873108 ], [ 4618883.071034288033843, 1133269.081328296568245 ], [ 4557088.337718769907951, 1026611.234234427567571 ], [ 4476916.605443553067744, 1025828.733090499299578 ], [ 4158993.287508240900934, 1177444.012711660237983 ], [ 4120648.492585570551455, 1222993.9556743146386 ], [ 4082755.999650726560503, 1284402.919204972684383 ], [ 4044302.035806488711387, 1354579.249814307549968 ], [ 4062782.461814779788256, 1399699.552393716527149 ], [ 4094216.557945773936808, 1467801.167761457851157 ], [ 4126345.414497848134488, 1444351.564645411912352 ], [ 4147704.851030153688043, 1391715.399611059110612 ], [ 4193267.443324815481901, 1338393.934622101252899 ], [ 4240475.476528418250382, 1337969.243068309733644 ], [ 4328377.683331719599664, 1370558.422498837811872 ], [ 4430973.31591350119561, 1385651.879188561113551 ], [ 4512359.622191876173019, 1425202.328993623843417 ], [ 4558960.911779291927814, 1433580.737158696400002 ], [ 4591499.147910013794899, 1456790.602258536731824 ], [ 4645271.617532912641764, 1461260.767378646414727 ], [ 4645271.493965975008905, 1461260.211751670809463 ] ] ] } },
{ "type": "Feature", "properties": { "pop_est": 39570125, "continent": "Africa", "name": "Uganda", "iso_a3": "UGA", "gdp_md_est": 84930.0, "lon_c": 3117499.1683893837, "lat_c": 177351.48840661539 }, "geometry": { "type": "Polygon", "coordinates": [ [ [ 3247756.459669677074999, -122060.317722913430771 ], [ 3052539.50753716006875, -131999.369721576629672 ], [ 2947526.811421324964613, -130353.575615261914209 ], [ 2913872.801067460328341, -145784.735563264723169 ], [ 2856465.573955507948995, -185439.07085227718926 ], [ 2833338.529779870063066, -172334.090332178428071 ], [ 2834437.60627813776955, -75473.620967374328757 ], [ 2856692.942650263663381, -26379.757603691021359 ], [ 2862019.171257576905191, 76755.143389787408523 ], [ 2882012.139620766509324, 136489.984950194164412 ], [ 2918348.157209344208241, 203486.22874502238119 ], [ 2954949.872474737931043, 237603.68095788671053 ], [ 2985429.965462994296104, 283211.267083215294406 ], [ 2946915.839914456941187, 300603.955474312941078 ], [ 2951254.300392506178468, 450742.982014133827761 ], [ 2951253.57640771754086, 450743.706403360527474 ], [ 2990231.000130218919367, 485750.402894922764972 ], [ 3051447.689167882781476, 457046.235648494504858 ], [ 3128104.913391733076423, 487087.779822831507772 ], [ 3195441.88790172431618, 486790.015215527499095 ], [ 3253429.551718512084335, 545806.653503687935881 ], [ 3300082.202894614078104, 456703.504653444746509 ], [ 3312067.303455007262528, 392274.51141509442823 ], [ 3355560.838811720721424, 244854.02147455883096 ], [ 3321247.538122051395476, 151216.748068208398763 ], [ 3274373.604978715535253, 66170.610722914861981 ], [ 3246993.375445554964244, 14109.66125472218846 ], [ 3247756.459669677074999, -122060.317722913430771 ] ] ] } },
{ "type": "Feature", "properties": { "pop_est": 11901484, "continent": "Africa", "name": "Rwanda", "iso_a3": "RWA", "gdp_md_est": 21970.0, "lon_c": 2876135.1506098891, "lat_c": -251425.84232377901 }, "geometry": { "type": "Polygon", "coordinates": [ [ [ 2913872.801067460328341, -145784.735563264723169 ], [ 2951564.323699096683413, -218273.212549114919966 ], [ 2945527.525493128225207, -293844.020923066593241 ], [ 2917761.179081674199551, -310101.090140808257274 ], [ 2917761.50304538058117, -310104.269707267580088 ], [ 2866947.435991308186203, -301708.935365997080225 ], [ 2837013.184275296051055, -374827.19944919802947 ], [ 2778965.214610452298075, -364734.474793008237612 ], [ 2788391.100992594845593, -294481.184857857355382 ], [ 2801615.005709844175726, -284578.472098443133291 ], [ 2805625.051791163161397, -208143.040753399051027 ], [ 2833338.529779870063066, -172334.090332178428071 ], [ 2856465.573955507948995, -185439.07085227718926 ], [ 2913872.801067460328341, -145784.735563264723169 ] ] ] } },
{ "type": "Feature", "properties": { "pop_est": 3856181, "continent": "Europe", "name": "Bosnia and Herz.", "iso_a3": "BIH", "gdp_md_est": 42530.0, "lon_c": 1500792.4895479272, "lat_c": 5343865.3527953057 }, "geometry": { "type": "Polygon", "coordinates": [ [ [ 1550321.366234892979264, 5213410.781402977183461 ], [ 1472623.371889797737822, 5254622.855170061811805 ], [ 1437065.110101431375369, 5299936.396723289974034 ], [ 1403253.977753529790789, 5323876.058973065577447 ], [ 1361586.166971389669925, 5364152.777109547518194 ], [ 1340737.436486531514674, 5397459.80203394126147 ], [ 1296019.216583712724969, 5447520.503740821033716 ], [ 1309349.304573865607381, 5491764.529016403481364 ], [ 1340993.313118418445811, 5467307.75505034159869 ], [ 1356787.18922057049349, 5489406.082867403514683 ], [ 1394901.668610174674541, 5491764.529016403481364 ], [ 1467177.052072786493227, 5474088.033740072511137 ], [ 1523820.29762609815225, 5475563.586022071540356 ], [ 1563438.007334747817367, 5451954.962330062873662 ], [ 1563437.67919600661844, 5451954.48253882676363 ], [ 1593230.483433016808704, 5452250.240994310006499 ], [ 1577540.643955137114972, 5405175.755962265655398 ], [ 1621691.736348341451958, 5363854.646617545746267 ], [ 1614885.577062225202098, 5313109.357988950796425 ], [ 1595824.154618011787534, 5308322.690833980217576 ], [ 1581298.548622594214976, 5298441.286648046225309 ], [ 1556752.831310831476003, 5273250.859404048882425 ], [ 1550321.366234892979264, 5213410.781402977183461 ] ] ] } },
{ "type": "Feature", "properties": { "pop_est": 2103721, "continent": "Europe", "name": "Macedonia", "iso_a3": "MKD", "gdp_md_est": 29520.0, "lon_c": 1825976.1569659256, "lat_c": 5107272.6379750725 }, "geometry": { "type": "Polygon", "coordinates": [ [ [ 1873575.227213344769552, 5177397.369901507161558 ], [ 1919579.922526172362268, 5142239.807214861735702 ], [ 1933873.852151818340644, 5069486.495411607436836 ], [ 1918225.978805071441457, 5065823.595012755133212 ], [ 1906508.742236899212003, 5046571.196096188388765 ], [ 1860554.580825066426769, 5048712.944717419333756 ], [ 1830962.892256293445826, 5024533.425091467797756 ], [ 1776710.050844957120717, 5014725.896702743135393 ], [ 1738930.237312512937933, 5041678.107816630974412 ], [ 1722163.626786140259355, 5089010.910104705020785 ], [ 1729007.632182950852439, 5126445.387865182943642 ], [ 1729007.50396990031004, 5126445.910476260818541 ], [ 1739772.10618023131974, 5125534.36584543902427 ], [ 1741189.35513987694867, 5148004.336182544007897 ], [ 1788878.968593711499125, 5164980.787273549474776 ], [ 1807178.965266603743657, 5169187.226285938173532 ], [ 1834980.917510211467743, 5175579.384973489679396 ], [ 1873575.227213344769552, 5177397.369901507161558 ] ] ] } },
{ "type": "Feature", "properties": { "pop_est": 7111024, "continent": "Europe", "name": "Serbia", "iso_a3": "SRB", "gdp_md_est": 101800.0, "lon_c": 1737470.4272300992, "lat_c": 5374417.6998677235 }, "geometry": { "type": "Polygon", "coordinates": [ [ [ 1537294.951276527019218, 5563327.633169814012945 ], [ 1537295.976841093041003, 5563328.194495854899287 ], [ 1596762.184456159360707, 5591056.109588139690459 ], [ 1648157.827913037268445, 5586392.462084153667092 ], [ 1697215.629012634279206, 5544898.91934700589627 ], [ 1710329.997356380335987, 5511169.850915323011577 ], [ 1763233.136521064210683, 5486167.164811418391764 ], [ 1774898.073094476247206, 5442203.457983953878284 ], [ 1826648.152909425785765, 5411109.980879558250308 ], [ 1849607.990531883202493, 5435101.670504099689424 ], [ 1871575.588654257822782, 5421777.676827264949679 ], [ 1854683.632740824250504, 5403691.233230846002698 ], [ 1872088.581704767420888, 5384980.753117900341749 ], [ 1854642.002520954702049, 5360581.200578544288874 ], [ 1866787.043445671908557, 5321185.078067855909467 ], [ 1912751.825562265468761, 5274449.866892268881202 ], [ 1885026.022799103520811, 5240481.887236444279552 ], [ 1875010.379943635780364, 5205809.618631557561457 ], [ 1885570.727528440766037, 5192821.400203494355083 ], [ 1873575.227213344769552, 5177397.369901507161558 ], [ 1834980.917510211467743, 5175579.384973489679396 ], [ 1807178.965266603743657, 5169187.226285938173532 ], [ 1803489.054153898265213, 5177396.329932572320104 ], [ 1812064.12427045404911, 5190402.340305350720882 ], [ 1818475.827717451611534, 5216976.310310112312436 ], [ 1806681.763981088064611, 5216373.407331488095224 ], [ 1788215.410875115543604, 5236567.63885295484215 ], [ 1773934.530310102505609, 5241686.43409385252744 ], [ 1761126.871113254223019, 5258982.33920915890485 ], [ 1744821.901431947946548, 5265743.403493444435298 ], [ 1731330.579458446241915, 5281053.816939576528966 ], [ 1717056.551756790140644, 5275051.840964046306908 ], [ 1709397.619392018998042, 5238977.144266422837973 ], [ 1690268.570418980903924, 5231146.08891705237329 ], [ 1696146.37139672646299, 5240482.019417515024543 ], [ 1662015.647519007558003, 5263039.66480668541044 ], [ 1633455.916716252453625, 5274733.973945749923587 ], [ 1619764.443959828233346, 5289750.830137655138969 ], [ 1595824.154618011787534, 5308322.690833980217576 ], [ 1614885.577062225202098, 5313109.357988950796425 ], [ 1621691.736348341451958, 5363854.646617545746267 ], [ 1577540.643955137114972, 5405175.755962265655398 ], [ 1593230.483433016808704, 5452250.240994310006499 ], [ 1563437.67919600661844, 5451954.48253882676363 ], [ 1563438.007334747817367, 5451954.962330062873662 ], [ 1590815.281559121329337, 5492055.861947637982666 ], [ 1561531.735528836026788, 5522326.509333359077573 ], [ 1537294.951276527019218, 5563327.633169814012945 ] ] ] } },
{ "type": "Feature", "properties": { "pop_est": 642550, "continent": "Europe", "name": "Montenegro", "iso_a3": "MNE", "gdp_md_est": 10610.0, "lon_c": 1619069.5461591561, "lat_c": 5224363.5833281185 }, "geometry": { "type": "Polygon", "coordinates": [ [ [ 1677200.836463618092239, 5206716.271968136541545 ], [ 1655695.736353407613933, 5197051.728214830160141 ], [ 1648300.749573393957689, 5217581.077739185653627 ], [ 1617402.988395606167614, 5163770.309096746146679 ], [ 1626452.638219972839579, 5128877.611260439269245 ], [ 1608059.387826771009713, 5137381.867069873958826 ], [ 1581116.842646309873089, 5173158.192816910333931 ], [ 1542890.389941777801141, 5194856.416462607681751 ], [ 1550321.366234892979264, 5213410.781402977183461 ], [ 1556752.831310831476003, 5273250.859404048882425 ], [ 1581298.548622594214976, 5298441.286648046225309 ], [ 1595824.154618011787534, 5308322.690833980217576 ], [ 1619764.443959828233346, 5289750.830137655138969 ], [ 1633455.916716252453625, 5274733.973945749923587 ], [ 1662015.647519007558003, 5263039.66480668541044 ], [ 1696146.37139672646299, 5240482.019417515024543 ], [ 1690268.570418980903924, 5231146.08891705237329 ], [ 1677200.836463618092239, 5206716.271968136541545 ] ] ] } },
{ "type": "Feature", "properties": { "pop_est": 1895250, "continent": "Europe", "name": "Kosovo", "iso_a3": "RKS", "gdp_md_est": 18490.0, "lon_c": 1748516.1097685399, "lat_c": 5198559.3061367441 }, "geometry": { "type": "Polygon", "coordinates": [ [ [ 1729007.50396990031004, 5126445.910476260818541 ], [ 1719238.220435813535005, 5166192.803506629541516 ], [ 1698045.005240003578365, 5177397.369901503436267 ], [ 1677200.836463618092239, 5206716.271968136541545 ], [ 1690268.570418980903924, 5231146.08891705237329 ], [ 1709397.619392018998042, 5238977.144266422837973 ], [ 1717056.551756790140644, 5275051.840964046306908 ], [ 1731330.579458446241915, 5281053.816939576528966 ], [ 1744821.901431947946548, 5265743.403493444435298 ], [ 1761126.871113254223019, 5258982.33920915890485 ], [ 1773934.530310102505609, 5241686.43409385252744 ], [ 1788215.410875115543604, 5236567.63885295484215 ], [ 1806681.763981088064611, 5216373.407331488095224 ], [ 1818475.827717451611534, 5216976.310310112312436 ], [ 1812064.12427045404911, 5190402.340305350720882 ], [ 1803489.054153898265213, 5177396.329932572320104 ], [ 1807178.965266603743657, 5169187.226285938173532 ], [ 1788878.968593711499125, 5164980.787273549474776 ], [ 1741189.35513987694867, 5148004.336182544007897 ], [ 1739772.10618023131974, 5125534.36584543902427 ], [ 1729007.50396990031004, 5126445.910476260818541 ] ] ] } },
{ "type": "Feature", "properties": { "pop_est": 1218208, "continent": "North America", "name": "Trinidad and Tobago", "iso_a3": "TTO", "gdp_md_est": 43570.0, "lon_c": -5824394.1368222702, "lat_c": 1353291.0913772145 }, "geometry": { "type": "Polygon", "coordinates": [ [ [ -5859669.079442773014307, 1378450.712789950426668 ], [ -5803858.800711256451905, 1395004.276892574271187 ], [ -5784231.867409946396947, 1390547.904317054897547 ], [ -5794588.281886613927782, 1295629.845966332126409 ], [ -5874933.843648416921496, 1281605.510084818117321 ], [ -5891281.742471719160676, 1293080.145614690613002 ], [ -5861313.625782567076385, 1328131.469964478630573 ], [ -5859669.079442773014307, 1378450.712789950426668 ] ] ] } },
{ "type": "Feature", "properties": { "pop_est": 13026129, "continent": "Africa", "name": "S. Sudan", "iso_a3": "SSD", "gdp_md_est": 20880.0, "lon_c": 2762430.3846705891, "lat_c": 1029695.2523214447 }, "geometry": { "type": "Polygon", "coordinates": [ [ [ 2951253.57640771754086, 450743.706403360527474 ], [ 2865934.899156684521586, 536030.947884634835646 ], [ 2842441.629746079444885, 590828.144047724665143 ], [ 2789553.399202978704125, 563690.077706575975753 ], [ 2745201.714040313381702, 572133.231869990355335 ], [ 2719882.506559644825757, 550588.696337926434353 ], [ 2676720.117473729420453, 566146.487496689194813 ], [ 2617266.23026729747653, 672028.548002820578404 ], [ 2601248.160681913141161, 712669.93790098594036 ], [ 2528965.674130581319332, 763392.476731158094481 ], [ 2503482.922551415394992, 840240.761203714646399 ], [ 2462637.916213205084205, 895644.863677763263695 ], [ 2397130.081445631105453, 962289.459232421475463 ], [ 2395389.524050758685917, 1003863.133044423302636 ], [ 2342065.279212845489383, 1055527.371598466066644 ], [ 2276118.227561937645078, 1105435.062367340084165 ], [ 2305064.363837901968509, 1119355.45456047845073 ], [ 2337212.660387701820582, 1143474.861076277913526 ], [ 2358883.369735018815845, 1257406.772447670577094 ], [ 2383406.837290088646114, 1316503.769277635263279 ], [ 2451451.458162443712354, 1334005.707177359843627 ], [ 2468779.007603084202856, 1298998.00340957287699 ], [ 2519849.865227139554918, 1224557.00415313965641 ], [ 2546292.031935265753418, 1213604.287440868094563 ], [ 2579993.384060624055564, 1235508.332353201927617 ], [ 2648732.403876760974526, 1231127.968506733188406 ], [ 2662556.767850351054221, 1204841.122866811230779 ], [ 2757338.449913190677762, 1204841.122866811230779 ], [ 2759824.255986324045807, 1231127.968506733188406 ], [ 2808090.210675913374871, 1255217.183549798326567 ], [ 2816705.707607593853027, 1292432.364957256475464 ], [ 2851754.948956109117717, 1318691.721927155274898 ], [ 2934207.771147333085537, 1244268.38665644521825 ], [ 2982777.414956983178854, 1257406.772447670577094 ], [ 3026922.200993336271495, 1349316.721677102847025 ], [ 3076480.320577173028141, 1419271.122463600244373 ], [ 3065286.515315871220082, 1495707.868535721674562 ], [ 3040963.512277367990464, 1532804.414380811387673 ], [ 3097653.577485975343734, 1539348.779488938860595 ], [ 3102942.743122913409024, 1567700.352059645578265 ], [ 3147251.686685528606176, 1558978.06957586039789 ], [ 3139833.93398023955524, 1465142.949480867944658 ], [ 3154892.300331159494817, 1373370.801014819880947 ], [ 3205753.455509262159467, 1323067.447382696671411 ], [ 3218803.395428641233593, 1279299.506127749104053 ], [ 3219429.796934458892792, 1215794.941255351528525 ], [ 3232693.09783503273502, 1213271.455908741569147 ], [ 3237110.543138646520674, 1113717.309861354762688 ], [ 3224083.728804517071694, 1074695.425940172746778 ], [ 3173594.401710458565503, 1071554.088180502178147 ], [ 3143216.655193827580661, 998730.38798446173314 ], [ 3202048.394158642739058, 989569.017508247867227 ], [ 3252104.126776734832674, 927212.267897348967381 ], [ 3270154.878066081088036, 876026.260548445163295 ], [ 3314504.889648568816483, 846338.765386848594062 ], [ 3374151.75211040629074, 706907.43621894181706 ], [ 3310989.808275669813156, 622423.091807280201465 ], [ 3253429.551718512084335, 545806.653503687935881 ], [ 3195441.88790172431618, 486790.015215527499095 ], [ 3128104.913391733076423, 487087.779822831507772 ], [ 3051447.689167882781476, 457046.235648494504858 ], [ 2990231.000130218919367, 485750.402894922764972 ], [ 2951253.57640771754086, 450743.706403360527474 ] ] ] } }
]
}
